Trade number;Instrument;Account;Strategy;Market pos.;Qty;Entry price;Exit price;Entry time;Exit time;Entry name;Exit name;Profit;Cum. net profit;Commission;Clearing Fee;Exchange Fee;IP Fee;NFA Fee;MAE;MFE;ETD;Bars;
1;NQ 09-26;Backtest;PROD_Bot_NQ_OvernightDrift_1min_RTH;Long;1;7915,25;7914,50;15/10/2015 15:59:00;16/10/2015 9:32:00;EntradaCierre;SalidaApertura;$-20,76;$-20,76;$5,76;$0,00;$0,00;$0,00;$0,00;$45,00;$5,00;$25,76;4;
2;NQ 09-26;Backtest;PROD_Bot_NQ_OvernightDrift_1min_RTH;Long;1;7942,50;7931,00;16/10/2015 15:59:00;19/10/2015 9:32:00;EntradaCierre;SalidaApertura;$-235,76;$-256,52;$5,76;$0,00;$0,00;$0,00;$0,00;$230,00;$0,00;$235,76;4;
3;NQ 09-26;Backtest;PROD_Bot_NQ_OvernightDrift_1min_RTH;Long;1;7957,75;7954,50;19/10/2015 15:59:00;20/10/2015 9:32:00;EntradaCierre;SalidaApertura;$-70,76;$-327,28;$5,76;$0,00;$0,00;$0,00;$0,00;$95,00;$0,00;$70,76;4;
4;NQ 09-26;Backtest;PROD_Bot_NQ_OvernightDrift_1min_RTH;Long;1;7927,25;7926,00;20/10/2015 15:59:00;21/10/2015 9:32:00;EntradaCierre;SalidaApertura;$-30,76;$-358,04;$5,76;$0,00;$0,00;$0,00;$0,00;$40,00;$25,00;$55,76;4;
5;NQ 09-26;Backtest;PROD_Bot_NQ_OvernightDrift_1min_RTH;Long;1;7908,50;7963,50;21/10/2015 15:59:00;22/10/2015 9:32:00;EntradaCierre;SalidaApertura;$1094,24;$736,20;$5,76;$0,00;$0,00;$0,00;$0,00;$20,00;$1130,00;$35,76;4;
6;NQ 09-26;Backtest;PROD_Bot_NQ_OvernightDrift_1min_RTH;Long;1;8067,50;8097,50;22/10/2015 15:59:00;23/10/2015 9:32:00;EntradaCierre;SalidaApertura;$594,24;$1330,44;$5,76;$0,00;$0,00;$0,00;$0,00;$10,00;$620,00;$25,76;4;
7;NQ 09-26;Backtest;PROD_Bot_NQ_OvernightDrift_1min_RTH;Long;1;8114,75;8113,75;23/10/2015 15:59:00;26/10/2015 9:32:00;EntradaCierre;SalidaApertura;$-25,76;$1304,68;$5,76;$0,00;$0,00;$0,00;$0,00;$45,00;$5,00;$30,76;4;
8;NQ 09-26;Backtest;PROD_Bot_NQ_OvernightDrift_1min_RTH;Long;1;8122,50;8118,50;26/10/2015 15:59:00;27/10/2015 9:32:00;EntradaCierre;SalidaApertura;$-85,76;$1218,92;$5,76;$0,00;$0,00;$0,00;$0,00;$110,00;$10,00;$95,76;4;
9;NQ 09-26;Backtest;PROD_Bot_NQ_OvernightDrift_1min_RTH;Long;1;8147,00;8128,50;27/10/2015 15:59:00;28/10/2015 9:32:00;EntradaCierre;SalidaApertura;$-375,76;$843,16;$5,76;$0,00;$0,00;$0,00;$0,00;$400,00;$0,00;$375,76;4;
10;NQ 09-26;Backtest;PROD_Bot_NQ_OvernightDrift_1min_RTH;Long;1;8171,25;8155,00;28/10/2015 15:59:00;29/10/2015 9:32:00;EntradaCierre;SalidaApertura;$-330,76;$512,40;$5,76;$0,00;$0,00;$0,00;$0,00;$350,00;$5,00;$335,76;4;
11;NQ 09-26;Backtest;PROD_Bot_NQ_OvernightDrift_1min_RTH;Long;1;8169,00;8171,25;29/10/2015 15:59:00;30/10/2015 9:32:00;EntradaCierre;SalidaApertura;$39,24;$551,64;$5,76;$0,00;$0,00;$0,00;$0,00;$30,00;$55,00;$15,76;4;
12;NQ 09-26;Backtest;PROD_Bot_NQ_OvernightDrift_1min_RTH;Long;1;8149,75;8152,00;30/10/2015 15:59:00;2/11/2015 9:32:00;EntradaCierre;SalidaApertura;$39,24;$590,88;$5,76;$0,00;$0,00;$0,00;$0,00;$40,00;$165,00;$125,76;4;
13;NQ 09-26;Backtest;PROD_Bot_NQ_OvernightDrift_1min_RTH;Long;1;8196,00;8186,00;2/11/2015 15:59:00;3/11/2015 9:32:00;EntradaCierre;SalidaApertura;$-205,76;$385,12;$5,76;$0,00;$0,00;$0,00;$0,00;$210,00;$50,00;$255,76;49;
14;NQ 09-26;Backtest;PROD_Bot_NQ_OvernightDrift_1min_RTH;Long;1;8215,50;8227,00;3/11/2015 16:59:00;4/11/2015 9:32:00;EntradaCierre;SalidaApertura;$224,24;$609,36;$5,76;$0,00;$0,00;$0,00;$0,00;$10,00;$285,00;$60,76;4;
15;NQ 09-26;Backtest;PROD_Bot_NQ_OvernightDrift_1min_RTH;Long;1;8212,75;8220,25;4/11/2015 16:59:00;5/11/2015 9:32:00;EntradaCierre;SalidaApertura;$144,24;$753,60;$5,76;$0,00;$0,00;$0,00;$0,00;$25,00;$165,00;$20,76;4;
16;NQ 09-26;Backtest;PROD_Bot_NQ_OvernightDrift_1min_RTH;Long;1;8203,50;8194,75;5/11/2015 16:59:00;6/11/2015 9:32:00;EntradaCierre;SalidaApertura;$-180,76;$572,84;$5,76;$0,00;$0,00;$0,00;$0,00;$230,00;$10,00;$190,76;4;
17;NQ 09-26;Backtest;PROD_Bot_NQ_OvernightDrift_1min_RTH;Long;1;8206,25;8182,25;6/11/2015 16:59:00;9/11/2015 9:32:00;EntradaCierre;SalidaApertura;$-485,76;$87,08;$5,76;$0,00;$0,00;$0,00;$0,00;$480,00;$5,00;$490,76;4;
18;NQ 09-26;Backtest;PROD_Bot_NQ_OvernightDrift_1min_RTH;Long;1;8150,75;8133,25;9/11/2015 16:59:00;10/11/2015 9:32:00;EntradaCierre;SalidaApertura;$-355,76;$-268,68;$5,76;$0,00;$0,00;$0,00;$0,00;$465,00;$45,00;$400,76;4;
19;NQ 09-26;Backtest;PROD_Bot_NQ_OvernightDrift_1min_RTH;Long;1;8145,00;8154,25;10/11/2015 16:59:00;11/11/2015 9:32:00;EntradaCierre;SalidaApertura;$179,24;$-89,44;$5,76;$0,00;$0,00;$0,00;$0,00;$10,00;$220,00;$40,76;4;
20;NQ 09-26;Backtest;PROD_Bot_NQ_OvernightDrift_1min_RTH;Long;1;8135,25;8122,75;11/11/2015 16:59:00;12/11/2015 9:32:00;EntradaCierre;SalidaApertura;$-255,76;$-345,20;$5,76;$0,00;$0,00;$0,00;$0,00;$385,00;$10,00;$265,76;4;
21;NQ 09-26;Backtest;PROD_Bot_NQ_OvernightDrift_1min_RTH;Long;1;8089,75;8072,75;12/11/2015 16:59:00;13/11/2015 9:32:00;EntradaCierre;SalidaApertura;$-345,76;$-690,96;$5,76;$0,00;$0,00;$0,00;$0,00;$420,00;$0,00;$345,76;4;
22;NQ 09-26;Backtest;PROD_Bot_NQ_OvernightDrift_1min_RTH;Long;1;7992,50;7991,50;13/11/2015 16:59:00;16/11/2015 9:32:00;EntradaCierre;SalidaApertura;$-25,76;$-716,72;$5,76;$0,00;$0,00;$0,00;$0,00;$40,00;$120,00;$145,76;4;
23;NQ 09-26;Backtest;PROD_Bot_NQ_OvernightDrift_1min_RTH;Long;1;8066,00;8069,25;16/11/2015 16:59:00;17/11/2015 9:32:00;EntradaCierre;SalidaApertura;$59,24;$-657,48;$5,76;$0,00;$0,00;$0,00;$0,00;$20,00;$160,00;$100,76;4;
24;NQ 09-26;Backtest;PROD_Bot_NQ_OvernightDrift_1min_RTH;Long;1;8074,50;8084,75;17/11/2015 16:59:00;18/11/2015 9:32:00;EntradaCierre;SalidaApertura;$199,24;$-458,24;$5,76;$0,00;$0,00;$0,00;$0,00;$30,00;$285,00;$85,76;4;
25;NQ 09-26;Backtest;PROD_Bot_NQ_OvernightDrift_1min_RTH;Long;1;8154,75;8158,75;18/11/2015 16:59:00;19/11/2015 9:32:00;EntradaCierre;SalidaApertura;$74,24;$-384,00;$5,76;$0,00;$0,00;$0,00;$0,00;$10,00;$130,00;$55,76;4;
26;NQ 09-26;Backtest;PROD_Bot_NQ_OvernightDrift_1min_RTH;Long;1;8163,75;8178,75;19/11/2015 16:59:00;20/11/2015 9:32:00;EntradaCierre;SalidaApertura;$294,24;$-89,76;$5,76;$0,00;$0,00;$0,00;$0,00;$10,00;$375,00;$80,76;4;
27;NQ 09-26;Backtest;PROD_Bot_NQ_OvernightDrift_1min_RTH;Long;1;8193,50;8191,00;20/11/2015 16:59:00;23/11/2015 9:32:00;EntradaCierre;SalidaApertura;$-55,76;$-145,52;$5,76;$0,00;$0,00;$0,00;$0,00;$65,00;$0,00;$55,76;4;
28;NQ 09-26;Backtest;PROD_Bot_NQ_OvernightDrift_1min_RTH;Long;1;8177,75;8150,50;23/11/2015 16:59:00;24/11/2015 9:32:00;EntradaCierre;SalidaApertura;$-550,76;$-696,28;$5,76;$0,00;$0,00;$0,00;$0,00;$660,00;$15,00;$565,76;4;
29;NQ 09-26;Backtest;PROD_Bot_NQ_OvernightDrift_1min_RTH;Long;1;8169,00;8176,50;24/11/2015 16:59:00;25/11/2015 9:32:00;EntradaCierre;SalidaApertura;$144,24;$-552,04;$5,76;$0,00;$0,00;$0,00;$0,00;$10,00;$220,00;$75,76;4;
30;NQ 09-26;Backtest;PROD_Bot_NQ_OvernightDrift_1min_RTH;Long;1;8181,50;8198,25;25/11/2015 16:59:00;26/11/2015 9:32:00;EntradaCierre;SalidaApertura;$329,24;$-222,80;$5,76;$0,00;$0,00;$0,00;$0,00;$15,00;$395,00;$65,76;4;
31;NQ 09-26;Backtest;PROD_Bot_NQ_OvernightDrift_1min_RTH;Long;1;8183,50;8189,50;30/11/2015 16:59:00;1/12/2015 9:32:00;EntradaCierre;SalidaApertura;$114,24;$-108,56;$5,76;$0,00;$0,00;$0,00;$0,00;$15,00;$155,00;$40,76;4;
32;NQ 09-26;Backtest;PROD_Bot_NQ_OvernightDrift_1min_RTH;Long;1;8218,75;8223,25;1/12/2015 16:59:00;2/12/2015 9:32:00;EntradaCierre;SalidaApertura;$84,24;$-24,32;$5,76;$0,00;$0,00;$0,00;$0,00;$0,00;$105,00;$20,76;4;
33;NQ 09-26;Backtest;PROD_Bot_NQ_OvernightDrift_1min_RTH;Long;1;8201,50;8207,25;2/12/2015 16:59:00;3/12/2015 9:32:00;EntradaCierre;SalidaApertura;$109,24;$84,92;$5,76;$0,00;$0,00;$0,00;$0,00;$20,00;$175,00;$65,76;4;
34;NQ 09-26;Backtest;PROD_Bot_NQ_OvernightDrift_1min_RTH;Long;1;8120,00;8122,00;3/12/2015 16:59:00;4/12/2015 9:32:00;EntradaCierre;SalidaApertura;$34,24;$119,16;$5,76;$0,00;$0,00;$0,00;$0,00;$15,00;$105,00;$70,76;4;
35;NQ 09-26;Backtest;PROD_Bot_NQ_OvernightDrift_1min_RTH;Long;1;8218,25;8219,50;4/12/2015 16:59:00;7/12/2015 9:32:00;EntradaCierre;SalidaApertura;$19,24;$138,40;$5,76;$0,00;$0,00;$0,00;$0,00;$15,00;$90,00;$70,76;4;
36;NQ 09-26;Backtest;PROD_Bot_NQ_OvernightDrift_1min_RTH;Long;1;8204,50;8147,50;7/12/2015 16:59:00;8/12/2015 9:32:00;EntradaCierre;SalidaApertura;$-1145,76;$-1007,36;$5,76;$0,00;$0,00;$0,00;$0,00;$1160,00;$85,00;$1230,76;4;
37;NQ 09-26;Backtest;PROD_Bot_NQ_OvernightDrift_1min_RTH;Long;1;8196,00;8178,25;8/12/2015 16:59:00;9/12/2015 9:32:00;EntradaCierre;SalidaApertura;$-360,76;$-1368,12;$5,76;$0,00;$0,00;$0,00;$0,00;$425,00;$5,00;$365,76;4;
38;NQ 09-26;Backtest;PROD_Bot_NQ_OvernightDrift_1min_RTH;Long;1;8127,25;8140,50;9/12/2015 16:59:00;10/12/2015 9:32:00;EntradaCierre;SalidaApertura;$259,24;$-1108,88;$5,76;$0,00;$0,00;$0,00;$0,00;$5,00;$290,00;$30,76;4;
39;NQ 09-26;Backtest;PROD_Bot_NQ_OvernightDrift_1min_RTH;Long;1;8044,75;8046,75;11/12/2015 16:59:00;14/12/2015 9:32:00;EntradaCierre;SalidaApertura;$34,24;$-1074,64;$5,76;$0,00;$0,00;$0,00;$0,00;$55,00;$130,00;$95,76;4;
40;NQ 09-26;Backtest;PROD_Bot_NQ_OvernightDrift_1min_RTH;Long;1;8080,75;8115,00;14/12/2015 16:59:00;15/12/2015 9:32:00;EntradaCierre;SalidaApertura;$679,24;$-395,40;$5,76;$0,00;$0,00;$0,00;$0,00;$15,00;$810,00;$130,76;4;
41;NQ 09-26;Backtest;PROD_Bot_NQ_OvernightDrift_1min_RTH;Long;1;8117,50;8147,00;15/12/2015 16:59:00;16/12/2015 9:32:00;EntradaCierre;SalidaApertura;$584,24;$188,84;$5,76;$0,00;$0,00;$0,00;$0,00;$25,00;$615,00;$30,76;4;
42;NQ 09-26;Backtest;PROD_Bot_NQ_OvernightDrift_1min_RTH;Long;1;8167,00;8189,50;16/12/2015 16:59:00;17/12/2015 9:32:00;EntradaCierre;SalidaApertura;$444,24;$633,08;$5,76;$0,00;$0,00;$0,00;$0,00;$60,00;$595,00;$150,76;4;
43;NQ 09-26;Backtest;PROD_Bot_NQ_OvernightDrift_1min_RTH;Long;1;8084,00;8084,75;17/12/2015 16:59:00;18/12/2015 9:32:00;EntradaCierre;SalidaApertura;$9,24;$642,32;$5,76;$0,00;$0,00;$0,00;$0,00;$70,00;$145,00;$135,76;4;
44;NQ 09-26;Backtest;PROD_Bot_NQ_OvernightDrift_1min_RTH;Long;1;8024,25;8060,50;18/12/2015 16:59:00;21/12/2015 9:32:00;EntradaCierre;SalidaApertura;$719,24;$1361,56;$5,76;$0,00;$0,00;$0,00;$0,00;$5,00;$740,00;$20,76;4;
45;NQ 09-26;Backtest;PROD_Bot_NQ_OvernightDrift_1min_RTH;Long;1;8085,50;8088,75;21/12/2015 16:59:00;22/12/2015 9:32:00;EntradaCierre;SalidaApertura;$59,24;$1420,80;$5,76;$0,00;$0,00;$0,00;$0,00;$10,00;$130,00;$70,76;4;
46;NQ 09-26;Backtest;PROD_Bot_NQ_OvernightDrift_1min_RTH;Long;1;8104,50;8117,00;22/12/2015 16:59:00;23/12/2015 9:32:00;EntradaCierre;SalidaApertura;$244,24;$1665,04;$5,76;$0,00;$0,00;$0,00;$0,00;$10,00;$360,00;$115,76;4;
47;NQ 09-26;Backtest;PROD_Bot_NQ_OvernightDrift_1min_RTH;Long;1;8122,25;8135,50;23/12/2015 16:59:00;24/12/2015 9:32:00;EntradaCierre;SalidaApertura;$259,24;$1924,28;$5,76;$0,00;$0,00;$0,00;$0,00;$15,00;$290,00;$30,76;4;
48;NQ 09-26;Backtest;PROD_Bot_NQ_OvernightDrift_1min_RTH;Long;1;8132,25;8155,75;28/12/2015 16:59:00;29/12/2015 9:32:00;EntradaCierre;SalidaApertura;$464,24;$2388,52;$5,76;$0,00;$0,00;$0,00;$0,00;$10,00;$525,00;$60,76;4;
49;NQ 09-26;Backtest;PROD_Bot_NQ_OvernightDrift_1min_RTH;Long;1;8205,25;8198,25;29/12/2015 16:59:00;30/12/2015 9:32:00;EntradaCierre;SalidaApertura;$-145,76;$2242,76;$5,76;$0,00;$0,00;$0,00;$0,00;$170,00;$20,00;$165,76;4;
50;NQ 09-26;Backtest;PROD_Bot_NQ_OvernightDrift_1min_RTH;Long;1;8162,25;8135,50;30/12/2015 16:59:00;31/12/2015 9:32:00;EntradaCierre;SalidaApertura;$-540,76;$1702,00;$5,76;$0,00;$0,00;$0,00;$0,00;$615,00;$55,00;$595,76;4;
51;NQ 09-26;Backtest;PROD_Bot_NQ_OvernightDrift_1min_RTH;Long;1;8107,25;7990,25;31/12/2015 16:59:00;4/1/2016 9:32:00;EntradaCierre;SalidaApertura;$-2345,76;$-643,76;$5,76;$0,00;$0,00;$0,00;$0,00;$2360,00;$0,00;$2345,76;4;
52;NQ 09-26;Backtest;PROD_Bot_NQ_OvernightDrift_1min_RTH;Long;1;8021,00;8019,00;4/1/2016 16:59:00;5/1/2016 9:32:00;EntradaCierre;SalidaApertura;$-45,76;$-689,52;$5,76;$0,00;$0,00;$0,00;$0,00;$65,00;$75,00;$120,76;4;
53;NQ 09-26;Backtest;PROD_Bot_NQ_OvernightDrift_1min_RTH;Long;1;7995,75;7922,00;5/1/2016 16:59:00;6/1/2016 9:32:00;EntradaCierre;SalidaApertura;$-1480,76;$-2170,28;$5,76;$0,00;$0,00;$0,00;$0,00;$1605,00;$10,00;$1490,76;4;
54;NQ 09-26;Backtest;PROD_Bot_NQ_OvernightDrift_1min_RTH;Long;1;7939,75;7940,75;21/3/2016 15:59:00;22/3/2016 9:32:00;EntradaCierre;SalidaApertura;$14,24;$-2156,04;$5,76;$0,00;$0,00;$0,00;$0,00;$30,00;$35,00;$20,76;4;
55;NQ 09-26;Backtest;PROD_Bot_NQ_OvernightDrift_1min_RTH;Long;1;7958,25;7934,50;22/3/2016 15:59:00;23/3/2016 9:32:00;EntradaCierre;SalidaApertura;$-480,76;$-2636,80;$5,76;$0,00;$0,00;$0,00;$0,00;$520,00;$25,00;$505,76;4;
56;NQ 09-26;Backtest;PROD_Bot_NQ_OvernightDrift_1min_RTH;Long;1;7917,00;7903,25;23/3/2016 15:59:00;24/3/2016 9:32:00;EntradaCierre;SalidaApertura;$-280,76;$-2917,56;$5,76;$0,00;$0,00;$0,00;$0,00;$380,00;$15,00;$295,76;4;
57;NQ 09-26;Backtest;PROD_Bot_NQ_OvernightDrift_1min_RTH;Long;1;7922,75;7922,25;24/3/2016 15:59:00;28/3/2016 9:32:00;EntradaCierre;SalidaApertura;$-15,76;$-2933,32;$5,76;$0,00;$0,00;$0,00;$0,00;$10,00;$35,00;$50,76;4;
58;NQ 09-26;Backtest;PROD_Bot_NQ_OvernightDrift_1min_RTH;Long;1;7984,25;8025,25;29/3/2016 15:59:00;30/3/2016 9:32:00;EntradaCierre;SalidaApertura;$814,24;$-2119,08;$5,76;$0,00;$0,00;$0,00;$0,00;$20,00;$915,00;$100,76;4;
59;NQ 09-26;Backtest;PROD_Bot_NQ_OvernightDrift_1min_RTH;Long;1;8005,00;8008,50;30/3/2016 15:59:00;31/3/2016 9:32:00;EntradaCierre;SalidaApertura;$64,24;$-2054,84;$5,76;$0,00;$0,00;$0,00;$0,00;$45,00;$125,00;$60,76;4;
60;NQ 09-26;Backtest;PROD_Bot_NQ_OvernightDrift_1min_RTH;Long;1;7998,25;7995,75;31/3/2016 15:59:00;1/4/2016 9:32:00;EntradaCierre;SalidaApertura;$-55,76;$-2110,60;$5,76;$0,00;$0,00;$0,00;$0,00;$50,00;$0,00;$55,76;4;
61;NQ 09-26;Backtest;PROD_Bot_NQ_OvernightDrift_1min_RTH;Long;1;8050,50;8038,25;1/4/2016 15:59:00;4/4/2016 9:32:00;EntradaCierre;SalidaApertura;$-250,76;$-2361,36;$5,76;$0,00;$0,00;$0,00;$0,00;$255,00;$15,00;$265,76;4;
62;NQ 09-26;Backtest;PROD_Bot_NQ_OvernightDrift_1min_RTH;Long;1;8020,75;8006,25;4/4/2016 15:59:00;5/4/2016 9:32:00;EntradaCierre;SalidaApertura;$-295,76;$-2657,12;$5,76;$0,00;$0,00;$0,00;$0,00;$305,00;$30,00;$325,76;4;
63;NQ 09-26;Backtest;PROD_Bot_NQ_OvernightDrift_1min_RTH;Long;1;7999,00;7998,00;5/4/2016 15:59:00;6/4/2016 9:32:00;EntradaCierre;SalidaApertura;$-25,76;$-2682,88;$5,76;$0,00;$0,00;$0,00;$0,00;$80,00;$50,00;$75,76;4;
64;NQ 09-26;Backtest;PROD_Bot_NQ_OvernightDrift_1min_RTH;Long;1;8056,25;8010,50;6/4/2016 15:59:00;7/4/2016 9:32:00;EntradaCierre;SalidaApertura;$-920,76;$-3603,64;$5,76;$0,00;$0,00;$0,00;$0,00;$965,00;$0,00;$920,76;4;
65;NQ 09-26;Backtest;PROD_Bot_NQ_OvernightDrift_1min_RTH;Long;1;7991,00;8020,75;7/4/2016 15:59:00;8/4/2016 9:32:00;EntradaCierre;SalidaApertura;$589,24;$-3014,40;$5,76;$0,00;$0,00;$0,00;$0,00;$10,00;$650,00;$60,76;4;
66;NQ 09-26;Backtest;PROD_Bot_NQ_OvernightDrift_1min_RTH;Long;1;7992,25;8025,25;8/4/2016 15:59:00;11/4/2016 9:32:00;EntradaCierre;SalidaApertura;$654,24;$-2360,16;$5,76;$0,00;$0,00;$0,00;$0,00;$15,00;$710,00;$55,76;4;
67;NQ 09-26;Backtest;PROD_Bot_NQ_OvernightDrift_1min_RTH;Long;1;7970,25;7961,25;11/4/2016 15:59:00;12/4/2016 9:32:00;EntradaCierre;SalidaApertura;$-185,76;$-2545,92;$5,76;$0,00;$0,00;$0,00;$0,00;$320,00;$0,00;$185,76;4;
68;NQ 09-26;Backtest;PROD_Bot_NQ_OvernightDrift_1min_RTH;Long;1;8011,50;8065,25;12/4/2016 15:59:00;13/4/2016 9:32:00;EntradaCierre;SalidaApertura;$1069,24;$-1476,68;$5,76;$0,00;$0,00;$0,00;$0,00;$10,00;$1115,00;$45,76;4;
69;NQ 09-26;Backtest;PROD_Bot_NQ_OvernightDrift_1min_RTH;Long;1;8071,50;8069,25;13/4/2016 15:59:00;14/4/2016 9:32:00;EntradaCierre;SalidaApertura;$-50,76;$-1527,44;$5,76;$0,00;$0,00;$0,00;$0,00;$60,00;$0,00;$50,76;4;
70;NQ 09-26;Backtest;PROD_Bot_NQ_OvernightDrift_1min_RTH;Long;1;8071,25;8063,50;14/4/2016 15:59:00;15/4/2016 9:32:00;EntradaCierre;SalidaApertura;$-160,76;$-1688,20;$5,76;$0,00;$0,00;$0,00;$0,00;$205,00;$5,00;$165,76;4;
71;NQ 09-26;Backtest;PROD_Bot_NQ_OvernightDrift_1min_RTH;Long;1;8060,75;8080,25;15/4/2016 15:59:00;18/4/2016 9:32:00;EntradaCierre;SalidaApertura;$384,24;$-1303,96;$5,76;$0,00;$0,00;$0,00;$0,00;$15,00;$420,00;$35,76;4;
72;NQ 09-26;Backtest;PROD_Bot_NQ_OvernightDrift_1min_RTH;Long;1;8069,00;8070,00;18/4/2016 16:00:00;19/4/2016 9:32:00;EntradaCierre;SalidaApertura;$14,24;$-1289,72;$5,76;$0,00;$0,00;$0,00;$0,00;$10,00;$65,00;$50,76;3;
73;NQ 09-26;Backtest;PROD_Bot_NQ_OvernightDrift_1min_RTH;Long;1;8051,50;8052,25;19/4/2016 15:59:00;20/4/2016 9:32:00;EntradaCierre;SalidaApertura;$9,24;$-1280,48;$5,76;$0,00;$0,00;$0,00;$0,00;$0,00;$100,00;$90,76;4;
74;NQ 09-26;Backtest;PROD_Bot_NQ_OvernightDrift_1min_RTH;Long;1;8057,25;8050,00;20/4/2016 15:59:00;21/4/2016 9:32:00;EntradaCierre;SalidaApertura;$-150,76;$-1431,24;$5,76;$0,00;$0,00;$0,00;$0,00;$180,00;$15,00;$165,76;4;
75;NQ 09-26;Backtest;PROD_Bot_NQ_OvernightDrift_1min_RTH;Long;1;8021,50;7984,25;21/4/2016 15:59:00;22/4/2016 9:32:00;EntradaCierre;SalidaApertura;$-750,76;$-2182,00;$5,76;$0,00;$0,00;$0,00;$0,00;$835,00;$25,00;$775,76;4;
76;NQ 09-26;Backtest;PROD_Bot_NQ_OvernightDrift_1min_RTH;Long;1;7989,50;7968,25;22/4/2016 15:59:00;25/4/2016 9:32:00;EntradaCierre;SalidaApertura;$-430,76;$-2612,76;$5,76;$0,00;$0,00;$0,00;$0,00;$435,00;$10,00;$440,76;4;
77;NQ 09-26;Backtest;PROD_Bot_NQ_OvernightDrift_1min_RTH;Long;1;7996,50;7976,00;25/4/2016 15:59:00;26/4/2016 9:32:00;EntradaCierre;SalidaApertura;$-415,76;$-3028,52;$5,76;$0,00;$0,00;$0,00;$0,00;$425,00;$5,00;$420,76;4;
78;NQ 09-26;Backtest;PROD_Bot_NQ_OvernightDrift_1min_RTH;Long;1;7938,25;7901,50;26/4/2016 15:59:00;27/4/2016 9:32:00;EntradaCierre;SalidaApertura;$-740,76;$-3769,28;$5,76;$0,00;$0,00;$0,00;$0,00;$840,00;$0,00;$740,76;4;
79;NQ 09-26;Backtest;PROD_Bot_NQ_OvernightDrift_1min_RTH;Long;1;7955,50;7945,25;27/4/2016 15:59:00;28/4/2016 9:32:00;EntradaCierre;SalidaApertura;$-210,76;$-3980,04;$5,76;$0,00;$0,00;$0,00;$0,00;$205,00;$15,00;$225,76;4;
80;NQ 09-26;Backtest;PROD_Bot_NQ_OvernightDrift_1min_RTH;Long;1;7918,50;7918,50;10/5/2016 15:59:00;11/5/2016 9:32:00;EntradaCierre;SalidaApertura;$-5,76;$-3985,80;$5,76;$0,00;$0,00;$0,00;$0,00;$15,00;$140,00;$145,76;4;
81;NQ 09-26;Backtest;PROD_Bot_NQ_OvernightDrift_1min_RTH;Long;1;8017,00;8025,25;26/5/2016 15:59:00;27/5/2016 9:32:00;EntradaCierre;SalidaApertura;$159,24;$-3826,56;$5,76;$0,00;$0,00;$0,00;$0,00;$10,00;$185,00;$25,76;4;
82;NQ 09-26;Backtest;PROD_Bot_NQ_OvernightDrift_1min_RTH;Long;1;8035,25;8041,25;27/5/2016 15:59:00;30/5/2016 9:32:00;EntradaCierre;SalidaApertura;$114,24;$-3712,32;$5,76;$0,00;$0,00;$0,00;$0,00;$0,00;$120,00;$5,76;4;
83;NQ 09-26;Backtest;PROD_Bot_NQ_OvernightDrift_1min_RTH;Long;1;8046,00;8040,25;31/5/2016 15:59:00;1/6/2016 9:32:00;EntradaCierre;SalidaApertura;$-120,76;$-3833,08;$5,76;$0,00;$0,00;$0,00;$0,00;$160,00;$5,00;$125,76;4;
84;NQ 09-26;Backtest;PROD_Bot_NQ_OvernightDrift_1min_RTH;Long;1;8043,75;8029,00;1/6/2016 15:59:00;2/6/2016 9:32:00;EntradaCierre;SalidaApertura;$-300,76;$-4133,84;$5,76;$0,00;$0,00;$0,00;$0,00;$320,00;$110,00;$410,76;4;
85;NQ 09-26;Backtest;PROD_Bot_NQ_OvernightDrift_1min_RTH;Long;1;8054,00;8005,50;2/6/2016 15:59:00;3/6/2016 9:32:00;EntradaCierre;SalidaApertura;$-975,76;$-5109,60;$5,76;$0,00;$0,00;$0,00;$0,00;$980,00;$5,00;$980,76;4;
86;NQ 09-26;Backtest;PROD_Bot_NQ_OvernightDrift_1min_RTH;Long;1;8049,50;8052,75;6/6/2016 16:00:00;7/6/2016 9:32:00;EntradaCierre;SalidaApertura;$59,24;$-5050,36;$5,76;$0,00;$0,00;$0,00;$0,00;$50,00;$80,00;$20,76;3;
87;NQ 09-26;Backtest;PROD_Bot_NQ_OvernightDrift_1min_RTH;Long;1;8041,25;8031,00;8/6/2016 15:59:00;9/6/2016 9:32:00;EntradaCierre;SalidaApertura;$-210,76;$-5261,12;$5,76;$0,00;$0,00;$0,00;$0,00;$205,00;$10,00;$220,76;4;
88;NQ 09-26;Backtest;PROD_Bot_NQ_OvernightDrift_1min_RTH;Long;1;8036,75;7996,25;9/6/2016 16:00:00;10/6/2016 9:32:00;EntradaCierre;SalidaApertura;$-815,76;$-6076,88;$5,76;$0,00;$0,00;$0,00;$0,00;$810,00;$5,00;$820,76;3;
89;NQ 09-26;Backtest;PROD_Bot_NQ_OvernightDrift_1min_RTH;Long;1;7988,25;7980,50;10/6/2016 15:59:00;13/6/2016 9:32:00;EntradaCierre;SalidaApertura;$-160,76;$-6237,64;$5,76;$0,00;$0,00;$0,00;$0,00;$210,00;$10,00;$170,76;4;
90;NQ 09-26;Backtest;PROD_Bot_NQ_OvernightDrift_1min_RTH;Long;1;7944,00;7941,00;13/6/2016 15:59:00;14/6/2016 9:32:00;EntradaCierre;SalidaApertura;$-65,76;$-6303,40;$5,76;$0,00;$0,00;$0,00;$0,00;$110,00;$20,00;$85,76;4;
91;NQ 09-26;Backtest;PROD_Bot_NQ_OvernightDrift_1min_RTH;Long;1;7946,50;7951,25;14/6/2016 15:59:00;15/6/2016 9:32:00;EntradaCierre;SalidaApertura;$89,24;$-6214,16;$5,76;$0,00;$0,00;$0,00;$0,00;$0,00;$110,00;$20,76;4;
92;NQ 09-26;Backtest;PROD_Bot_NQ_OvernightDrift_1min_RTH;Long;1;7934,25;7891,75;15/6/2016 15:59:00;16/6/2016 9:32:00;EntradaCierre;SalidaApertura;$-855,76;$-7069,92;$5,76;$0,00;$0,00;$0,00;$0,00;$870,00;$0,00;$855,76;4;
93;NQ 09-26;Backtest;PROD_Bot_NQ_OvernightDrift_1min_RTH;Long;1;7946,25;7892,00;16/6/2016 15:59:00;17/6/2016 9:32:00;EntradaCierre;SalidaApertura;$-1090,76;$-8160,68;$5,76;$0,00;$0,00;$0,00;$0,00;$1085,00;$5,00;$1095,76;4;
94;NQ 09-26;Backtest;PROD_Bot_NQ_OvernightDrift_1min_RTH;Long;1;7936,75;7936,00;20/6/2016 15:59:00;21/6/2016 9:32:00;EntradaCierre;SalidaApertura;$-20,76;$-8181,44;$5,76;$0,00;$0,00;$0,00;$0,00;$30,00;$45,00;$65,76;4;
95;NQ 09-26;Backtest;PROD_Bot_NQ_OvernightDrift_1min_RTH;Long;1;7928,75;7937,75;21/6/2016 15:59:00;22/6/2016 9:32:00;EntradaCierre;SalidaApertura;$174,24;$-8007,20;$5,76;$0,00;$0,00;$0,00;$0,00;$20,00;$195,00;$20,76;4;
96;NQ 09-26;Backtest;PROD_Bot_NQ_OvernightDrift_1min_RTH;Long;1;7926,25;7955,50;22/6/2016 15:59:00;23/6/2016 9:32:00;EntradaCierre;SalidaApertura;$579,24;$-7427,96;$5,76;$0,00;$0,00;$0,00;$0,00;$25,00;$670,00;$90,76;4;
97;NQ 09-26;Backtest;PROD_Bot_NQ_OvernightDrift_1min_RTH;Long;1;8005,50;7867,50;23/6/2016 15:59:00;24/6/2016 9:32:00;EntradaCierre;SalidaApertura;$-2765,76;$-10193,72;$5,76;$0,00;$0,00;$0,00;$0,00;$2770,00;$90,00;$2855,76;4;
98;NQ 09-26;Backtest;PROD_Bot_NQ_OvernightDrift_1min_RTH;Long;1;7933,25;7971,00;30/6/2016 15:59:00;1/7/2016 9:32:00;EntradaCierre;SalidaApertura;$749,24;$-9444,48;$5,76;$0,00;$0,00;$0,00;$0,00;$45,00;$770,00;$20,76;4;
99;NQ 09-26;Backtest;PROD_Bot_NQ_OvernightDrift_1min_RTH;Long;1;7965,00;7968,75;1/7/2016 15:59:00;4/7/2016 9:32:00;EntradaCierre;SalidaApertura;$69,24;$-9375,24;$5,76;$0,00;$0,00;$0,00;$0,00;$20,00;$75,00;$5,76;4;
100;NQ 09-26;Backtest;PROD_Bot_NQ_OvernightDrift_1min_RTH;Long;1;7938,75;7908,25;5/7/2016 15:59:00;6/7/2016 9:32:00;EntradaCierre;SalidaApertura;$-615,76;$-9991,00;$5,76;$0,00;$0,00;$0,00;$0,00;$630,00;$10,00;$625,76;4;
101;NQ 09-26;Backtest;PROD_Bot_NQ_OvernightDrift_1min_RTH;Long;1;7966,50;7988,25;6/7/2016 15:59:00;7/7/2016 9:32:00;EntradaCierre;SalidaApertura;$429,24;$-9561,76;$5,76;$0,00;$0,00;$0,00;$0,00;$25,00;$445,00;$15,76;4;
102;NQ 09-26;Backtest;PROD_Bot_NQ_OvernightDrift_1min_RTH;Long;1;7983,25;8028,25;7/7/2016 15:59:00;8/7/2016 9:32:00;EntradaCierre;SalidaApertura;$894,24;$-8667,52;$5,76;$0,00;$0,00;$0,00;$0,00;$10,00;$930,00;$35,76;4;
103;NQ 09-26;Backtest;PROD_Bot_NQ_OvernightDrift_1min_RTH;Long;1;8048,75;8075,50;8/7/2016 15:59:00;11/7/2016 9:32:00;EntradaCierre;SalidaApertura;$529,24;$-8138,28;$5,76;$0,00;$0,00;$0,00;$0,00;$20,00;$560,00;$30,76;4;
104;NQ 09-26;Backtest;PROD_Bot_NQ_OvernightDrift_1min_RTH;Long;1;8082,25;8101,25;11/7/2016 15:59:00;12/7/2016 9:32:00;EntradaCierre;SalidaApertura;$374,24;$-7764,04;$5,76;$0,00;$0,00;$0,00;$0,00;$15,00;$395,00;$20,76;4;
105;NQ 09-26;Backtest;PROD_Bot_NQ_OvernightDrift_1min_RTH;Long;1;8101,00;8103,25;12/7/2016 15:59:00;13/7/2016 9:32:00;EntradaCierre;SalidaApertura;$39,24;$-7724,80;$5,76;$0,00;$0,00;$0,00;$0,00;$10,00;$175,00;$135,76;4;
106;NQ 09-26;Backtest;PROD_Bot_NQ_OvernightDrift_1min_RTH;Long;1;8091,50;8124,75;13/7/2016 15:59:00;14/7/2016 9:32:00;EntradaCierre;SalidaApertura;$659,24;$-7065,56;$5,76;$0,00;$0,00;$0,00;$0,00;$15,00;$685,00;$25,76;4;
107;NQ 09-26;Backtest;PROD_Bot_NQ_OvernightDrift_1min_RTH;Long;1;8120,75;8117,50;14/7/2016 15:59:00;15/7/2016 9:32:00;EntradaCierre;SalidaApertura;$-70,76;$-7136,32;$5,76;$0,00;$0,00;$0,00;$0,00;$65,00;$0,00;$70,76;4;
108;NQ 09-26;Backtest;PROD_Bot_NQ_OvernightDrift_1min_RTH;Long;1;8092,50;8139,75;15/7/2016 15:59:00;18/7/2016 9:32:00;EntradaCierre;SalidaApertura;$939,24;$-6197,08;$5,76;$0,00;$0,00;$0,00;$0,00;$15,00;$960,00;$20,76;4;
109;NQ 09-26;Backtest;PROD_Bot_NQ_OvernightDrift_1min_RTH;Long;1;8138,50;8133,00;18/7/2016 15:59:00;19/7/2016 9:32:00;EntradaCierre;SalidaApertura;$-115,76;$-6312,84;$5,76;$0,00;$0,00;$0,00;$0,00;$160,00;$80,00;$195,76;4;
110;NQ 09-26;Backtest;PROD_Bot_NQ_OvernightDrift_1min_RTH;Long;1;8138,75;8166,25;19/7/2016 15:59:00;20/7/2016 9:32:00;EntradaCierre;SalidaApertura;$544,24;$-5768,60;$5,76;$0,00;$0,00;$0,00;$0,00;$25,00;$585,00;$40,76;4;
111;NQ 09-26;Backtest;PROD_Bot_NQ_OvernightDrift_1min_RTH;Long;1;8187,00;8183,25;20/7/2016 15:59:00;21/7/2016 9:32:00;EntradaCierre;SalidaApertura;$-80,76;$-5849,36;$5,76;$0,00;$0,00;$0,00;$0,00;$105,00;$5,00;$85,76;4;
112;NQ 09-26;Backtest;PROD_Bot_NQ_OvernightDrift_1min_RTH;Long;1;8170,75;8177,00;21/7/2016 15:59:00;22/7/2016 9:32:00;EntradaCierre;SalidaApertura;$119,24;$-5730,12;$5,76;$0,00;$0,00;$0,00;$0,00;$10,00;$170,00;$50,76;4;
113;NQ 09-26;Backtest;PROD_Bot_NQ_OvernightDrift_1min_RTH;Long;1;8189,50;8206,75;25/7/2016 15:59:00;26/7/2016 9:32:00;EntradaCierre;SalidaApertura;$339,24;$-5390,88;$5,76;$0,00;$0,00;$0,00;$0,00;$20,00;$370,00;$30,76;5;
114;NQ 09-26;Backtest;PROD_Bot_NQ_OvernightDrift_1min_RTH;Long;1;8218,00;8223,25;26/7/2016 16:00:00;27/7/2016 9:32:00;EntradaCierre;SalidaApertura;$99,24;$-5291,64;$5,76;$0,00;$0,00;$0,00;$0,00;$25,00;$150,00;$50,76;3;
115;NQ 09-26;Backtest;PROD_Bot_NQ_OvernightDrift_1min_RTH;Long;1;8244,25;8227,50;27/7/2016 16:00:00;28/7/2016 9:32:00;EntradaCierre;SalidaApertura;$-340,76;$-5632,40;$5,76;$0,00;$0,00;$0,00;$0,00;$335,00;$0,00;$340,76;3;
116;NQ 09-26;Backtest;PROD_Bot_NQ_OvernightDrift_1min_RTH;Long;1;8262,75;8250,00;28/7/2016 16:00:00;29/7/2016 9:32:00;EntradaCierre;SalidaApertura;$-260,76;$-5893,16;$5,76;$0,00;$0,00;$0,00;$0,00;$255,00;$0,00;$260,76;3;
117;NQ 09-26;Backtest;PROD_Bot_NQ_OvernightDrift_1min_RTH;Long;1;8259,00;8278,50;29/7/2016 16:00:00;1/8/2016 9:32:00;EntradaCierre;SalidaApertura;$384,24;$-5508,92;$5,76;$0,00;$0,00;$0,00;$0,00;$10,00;$405,00;$20,76;3;
118;NQ 09-26;Backtest;PROD_Bot_NQ_OvernightDrift_1min_RTH;Long;1;8278,00;8248,00;1/8/2016 16:00:00;2/8/2016 9:32:00;EntradaCierre;SalidaApertura;$-605,76;$-6114,68;$5,76;$0,00;$0,00;$0,00;$0,00;$700,00;$45,00;$650,76;3;
119;NQ 09-26;Backtest;PROD_Bot_NQ_OvernightDrift_1min_RTH;Long;1;8246,00;8247,50;2/8/2016 15:59:00;3/8/2016 9:32:00;EntradaCierre;SalidaApertura;$24,24;$-6090,44;$5,76;$0,00;$0,00;$0,00;$0,00;$20,00;$60,00;$35,76;4;
120;NQ 09-26;Backtest;PROD_Bot_NQ_OvernightDrift_1min_RTH;Long;1;8257,75;8256,75;3/8/2016 15:59:00;4/8/2016 9:32:00;EntradaCierre;SalidaApertura;$-25,76;$-6116,20;$5,76;$0,00;$0,00;$0,00;$0,00;$70,00;$20,00;$45,76;4;
121;NQ 09-26;Backtest;PROD_Bot_NQ_OvernightDrift_1min_RTH;Long;1;8277,00;8320,75;4/8/2016 15:59:00;5/8/2016 9:32:00;EntradaCierre;SalidaApertura;$869,24;$-5246,96;$5,76;$0,00;$0,00;$0,00;$0,00;$5,00;$890,00;$20,76;4;
122;NQ 09-26;Backtest;PROD_Bot_NQ_OvernightDrift_1min_RTH;Long;1;8315,50;8301,25;5/8/2016 15:59:00;8/8/2016 9:32:00;EntradaCierre;SalidaApertura;$-290,76;$-5537,72;$5,76;$0,00;$0,00;$0,00;$0,00;$310,00;$5,00;$295,76;4;
123;NQ 09-26;Backtest;PROD_Bot_NQ_OvernightDrift_1min_RTH;Long;1;8310,75;8328,75;8/8/2016 15:59:00;9/8/2016 9:32:00;EntradaCierre;SalidaApertura;$354,24;$-5183,48;$5,76;$0,00;$0,00;$0,00;$0,00;$5,00;$410,00;$55,76;4;
124;NQ 09-26;Backtest;PROD_Bot_NQ_OvernightDrift_1min_RTH;Long;1;8323,75;8318,50;9/8/2016 15:59:00;10/8/2016 9:32:00;EntradaCierre;SalidaApertura;$-110,76;$-5294,24;$5,76;$0,00;$0,00;$0,00;$0,00;$120,00;$5,00;$115,76;4;
125;NQ 09-26;Backtest;PROD_Bot_NQ_OvernightDrift_1min_RTH;Long;1;8312,25;8324,75;10/8/2016 16:00:00;11/8/2016 9:32:00;EntradaCierre;SalidaApertura;$244,24;$-5050,00;$5,76;$0,00;$0,00;$0,00;$0,00;$15,00;$255,00;$10,76;3;
126;NQ 09-26;Backtest;PROD_Bot_NQ_OvernightDrift_1min_RTH;Long;1;8332,00;8324,75;11/8/2016 15:59:00;12/8/2016 9:32:00;EntradaCierre;SalidaApertura;$-150,76;$-5200,76;$5,76;$0,00;$0,00;$0,00;$0,00;$160,00;$5,00;$155,76;4;
127;NQ 09-26;Backtest;PROD_Bot_NQ_OvernightDrift_1min_RTH;Long;1;8337,50;8360,00;12/8/2016 15:59:00;15/8/2016 9:32:00;EntradaCierre;SalidaApertura;$444,24;$-4756,52;$5,76;$0,00;$0,00;$0,00;$0,00;$20,00;$470,00;$25,76;4;
128;NQ 09-26;Backtest;PROD_Bot_NQ_OvernightDrift_1min_RTH;Long;1;8355,25;8336,00;15/8/2016 15:59:00;16/8/2016 9:32:00;EntradaCierre;SalidaApertura;$-390,76;$-5147,28;$5,76;$0,00;$0,00;$0,00;$0,00;$385,00;$0,00;$390,76;4;
129;NQ 09-26;Backtest;PROD_Bot_NQ_OvernightDrift_1min_RTH;Long;1;8332,50;8316,00;16/8/2016 15:59:00;17/8/2016 9:32:00;EntradaCierre;SalidaApertura;$-335,76;$-5483,04;$5,76;$0,00;$0,00;$0,00;$0,00;$360,00;$10,00;$345,76;4;
130;NQ 09-26;Backtest;PROD_Bot_NQ_OvernightDrift_1min_RTH;Long;1;8338,50;8342,00;17/8/2016 15:59:00;18/8/2016 9:32:00;EntradaCierre;SalidaApertura;$64,24;$-5418,80;$5,76;$0,00;$0,00;$0,00;$0,00;$10,00;$85,00;$20,76;4;
131;NQ 09-26;Backtest;PROD_Bot_NQ_OvernightDrift_1min_RTH;Long;1;8338,50;8342,25;18/8/2016 15:59:00;19/8/2016 9:32:00;EntradaCierre;SalidaApertura;$69,24;$-5349,56;$5,76;$0,00;$0,00;$0,00;$0,00;$5,00;$85,00;$15,76;4;
132;NQ 09-26;Backtest;PROD_Bot_NQ_OvernightDrift_1min_RTH;Long;1;8339,50;8346,00;19/8/2016 15:59:00;22/8/2016 9:32:00;EntradaCierre;SalidaApertura;$124,24;$-5225,32;$5,76;$0,00;$0,00;$0,00;$0,00;$20,00;$150,00;$25,76;4;
133;NQ 09-26;Backtest;PROD_Bot_NQ_OvernightDrift_1min_RTH;Long;1;8344,50;8363,75;22/8/2016 15:59:00;23/8/2016 9:32:00;EntradaCierre;SalidaApertura;$379,24;$-4846,08;$5,76;$0,00;$0,00;$0,00;$0,00;$45,00;$395,00;$15,76;4;
134;NQ 09-26;Backtest;PROD_Bot_NQ_OvernightDrift_1min_RTH;Long;1;8350,50;8342,50;23/8/2016 15:59:00;24/8/2016 9:32:00;EntradaCierre;SalidaApertura;$-165,76;$-5011,84;$5,76;$0,00;$0,00;$0,00;$0,00;$185,00;$0,00;$165,76;4;
135;NQ 09-26;Backtest;PROD_Bot_NQ_OvernightDrift_1min_RTH;Long;1;8316,25;8311,75;24/8/2016 15:59:00;25/8/2016 9:32:00;EntradaCierre;SalidaApertura;$-95,76;$-5107,60;$5,76;$0,00;$0,00;$0,00;$0,00;$100,00;$25,00;$120,76;4;
136;NQ 09-26;Backtest;PROD_Bot_NQ_OvernightDrift_1min_RTH;Long;1;8314,00;8345,25;25/8/2016 15:59:00;26/8/2016 9:32:00;EntradaCierre;SalidaApertura;$619,24;$-4488,36;$5,76;$0,00;$0,00;$0,00;$0,00;$10,00;$650,00;$30,76;4;
137;NQ 09-26;Backtest;PROD_Bot_NQ_OvernightDrift_1min_RTH;Long;1;8315,75;8325,50;26/8/2016 15:59:00;29/8/2016 9:32:00;EntradaCierre;SalidaApertura;$189,24;$-4299,12;$5,76;$0,00;$0,00;$0,00;$0,00;$35,00;$210,00;$20,76;4;
138;NQ 09-26;Backtest;PROD_Bot_NQ_OvernightDrift_1min_RTH;Long;1;8326,75;8309,50;29/8/2016 15:59:00;30/8/2016 9:32:00;EntradaCierre;SalidaApertura;$-350,76;$-4649,88;$5,76;$0,00;$0,00;$0,00;$0,00;$345,00;$0,00;$350,76;4;
139;NQ 09-26;Backtest;PROD_Bot_NQ_OvernightDrift_1min_RTH;Long;1;8309,25;8301,25;30/8/2016 15:59:00;31/8/2016 9:32:00;EntradaCierre;SalidaApertura;$-165,76;$-4815,64;$5,76;$0,00;$0,00;$0,00;$0,00;$230,00;$5,00;$170,76;4;
140;NQ 09-26;Backtest;PROD_Bot_NQ_OvernightDrift_1min_RTH;Long;1;8303,00;8284,00;31/8/2016 15:59:00;1/9/2016 9:32:00;EntradaCierre;SalidaApertura;$-385,76;$-5201,40;$5,76;$0,00;$0,00;$0,00;$0,00;$380,00;$10,00;$395,76;4;
141;NQ 09-26;Backtest;PROD_Bot_NQ_OvernightDrift_1min_RTH;Long;1;8329,00;8313,25;2/9/2016 15:59:00;5/9/2016 9:32:00;EntradaCierre;SalidaApertura;$-320,76;$-5522,16;$5,76;$0,00;$0,00;$0,00;$0,00;$320,00;$10,00;$330,76;4;
142;NQ 09-26;Backtest;PROD_Bot_NQ_OvernightDrift_1min_RTH;Long;1;8361,75;8361,00;6/9/2016 15:59:00;7/9/2016 9:32:00;EntradaCierre;SalidaApertura;$-20,76;$-5542,92;$5,76;$0,00;$0,00;$0,00;$0,00;$45,00;$50,00;$70,76;4;
143;NQ 09-26;Backtest;PROD_Bot_NQ_OvernightDrift_1min_RTH;Long;1;8358,75;8337,25;7/9/2016 15:59:00;8/9/2016 9:32:00;EntradaCierre;SalidaApertura;$-435,76;$-5978,68;$5,76;$0,00;$0,00;$0,00;$0,00;$445,00;$65,00;$500,76;49;
144;NQ 09-26;Backtest;PROD_Bot_NQ_OvernightDrift_1min_RTH;Long;1;8346,25;8332,75;15/9/2016 15:59:00;16/9/2016 9:32:00;EntradaCierre;SalidaApertura;$-275,76;$-6254,44;$5,76;$0,00;$0,00;$0,00;$0,00;$330,00;$20,00;$295,76;4;
145;NQ 09-26;Backtest;PROD_Bot_NQ_OvernightDrift_1min_RTH;Long;1;8349,75;8362,00;16/9/2016 15:59:00;19/9/2016 9:32:00;EntradaCierre;SalidaApertura;$239,24;$-6015,20;$5,76;$0,00;$0,00;$0,00;$0,00;$10,00;$265,00;$25,76;4;
146;NQ 09-26;Backtest;PROD_Bot_NQ_OvernightDrift_1min_RTH;Long;1;8331,25;8344,25;19/9/2016 15:59:00;20/9/2016 9:32:00;EntradaCierre;SalidaApertura;$254,24;$-5760,96;$5,76;$0,00;$0,00;$0,00;$0,00;$15,00;$275,00;$20,76;4;
147;NQ 09-26;Backtest;PROD_Bot_NQ_OvernightDrift_1min_RTH;Long;1;8333,75;8357,25;20/9/2016 15:59:00;21/9/2016 9:32:00;EntradaCierre;SalidaApertura;$464,24;$-5296,72;$5,76;$0,00;$0,00;$0,00;$0,00;$10,00;$535,00;$70,76;4;
148;NQ 09-26;Backtest;PROD_Bot_NQ_OvernightDrift_1min_RTH;Long;1;8385,50;8418,75;21/9/2016 15:59:00;22/9/2016 9:32:00;EntradaCierre;SalidaApertura;$659,24;$-4637,48;$5,76;$0,00;$0,00;$0,00;$0,00;$25,00;$670,00;$10,76;4;
149;NQ 09-26;Backtest;PROD_Bot_NQ_OvernightDrift_1min_RTH;Long;1;8423,75;8405,25;22/9/2016 15:59:00;23/9/2016 9:32:00;EntradaCierre;SalidaApertura;$-375,76;$-5013,24;$5,76;$0,00;$0,00;$0,00;$0,00;$400,00;$0,00;$375,76;4;
150;NQ 09-26;Backtest;PROD_Bot_NQ_OvernightDrift_1min_RTH;Long;1;8391,25;8360,00;23/9/2016 15:59:00;26/9/2016 9:32:00;EntradaCierre;SalidaApertura;$-630,76;$-5644,00;$5,76;$0,00;$0,00;$0,00;$0,00;$645,00;$15,00;$645,76;4;
151;NQ 09-26;Backtest;PROD_Bot_NQ_OvernightDrift_1min_RTH;Long;1;8348,25;8376,00;26/9/2016 15:59:00;27/9/2016 9:32:00;EntradaCierre;SalidaApertura;$549,24;$-5094,76;$5,76;$0,00;$0,00;$0,00;$0,00;$10,00;$615,00;$65,76;4;
152;NQ 09-26;Backtest;PROD_Bot_NQ_OvernightDrift_1min_RTH;Long;1;8395,25;8397,50;27/9/2016 15:59:00;28/9/2016 9:32:00;EntradaCierre;SalidaApertura;$39,24;$-5055,52;$5,76;$0,00;$0,00;$0,00;$0,00;$20,00;$120,00;$80,76;4;
153;NQ 09-26;Backtest;PROD_Bot_NQ_OvernightDrift_1min_RTH;Long;1;8376,75;8384,50;29/9/2016 15:59:00;30/9/2016 9:32:00;EntradaCierre;SalidaApertura;$149,24;$-4906,28;$5,76;$0,00;$0,00;$0,00;$0,00;$15,00;$170,00;$20,76;4;
154;NQ 09-26;Backtest;PROD_Bot_NQ_OvernightDrift_1min_RTH;Long;1;8401,25;8387,00;30/9/2016 15:59:00;3/10/2016 9:32:00;EntradaCierre;SalidaApertura;$-290,76;$-5197,04;$5,76;$0,00;$0,00;$0,00;$0,00;$300,00;$0,00;$290,76;4;
155;NQ 09-26;Backtest;PROD_Bot_NQ_OvernightDrift_1min_RTH;Long;1;8403,25;8409,00;3/10/2016 15:59:00;4/10/2016 9:32:00;EntradaCierre;SalidaApertura;$109,24;$-5087,80;$5,76;$0,00;$0,00;$0,00;$0,00;$10,00;$135,00;$25,76;4;
156;NQ 09-26;Backtest;PROD_Bot_NQ_OvernightDrift_1min_RTH;Long;1;8390,50;8417,00;4/10/2016 15:59:00;5/10/2016 9:32:00;EntradaCierre;SalidaApertura;$524,24;$-4563,56;$5,76;$0,00;$0,00;$0,00;$0,00;$15,00;$565,00;$40,76;4;
157;NQ 09-26;Backtest;PROD_Bot_NQ_OvernightDrift_1min_RTH;Long;1;8412,25;8393,25;5/10/2016 15:59:00;6/10/2016 9:32:00;EntradaCierre;SalidaApertura;$-385,76;$-4949,32;$5,76;$0,00;$0,00;$0,00;$0,00;$380,00;$0,00;$385,76;4;
158;NQ 09-26;Backtest;PROD_Bot_NQ_OvernightDrift_1min_RTH;Long;1;8405,75;8399,75;6/10/2016 15:59:00;7/10/2016 9:32:00;EntradaCierre;SalidaApertura;$-125,76;$-5075,08;$5,76;$0,00;$0,00;$0,00;$0,00;$125,00;$0,00;$125,76;4;
159;NQ 09-26;Backtest;PROD_Bot_NQ_OvernightDrift_1min_RTH;Long;1;8395,00;8431,25;7/10/2016 15:59:00;10/10/2016 9:32:00;EntradaCierre;SalidaApertura;$719,24;$-4355,84;$5,76;$0,00;$0,00;$0,00;$0,00;$25,00;$745,00;$25,76;4;
160;NQ 09-26;Backtest;PROD_Bot_NQ_OvernightDrift_1min_RTH;Long;1;8427,50;8389,50;10/10/2016 15:59:00;11/10/2016 9:32:00;EntradaCierre;SalidaApertura;$-765,76;$-5121,60;$5,76;$0,00;$0,00;$0,00;$0,00;$790,00;$5,00;$770,76;4;
161;NQ 09-26;Backtest;PROD_Bot_NQ_OvernightDrift_1min_RTH;Long;1;8360,00;8354,25;11/10/2016 15:59:00;12/10/2016 9:32:00;EntradaCierre;SalidaApertura;$-120,76;$-5242,36;$5,76;$0,00;$0,00;$0,00;$0,00;$145,00;$15,00;$135,76;4;
162;NQ 09-26;Backtest;PROD_Bot_NQ_OvernightDrift_1min_RTH;Long;1;8343,50;8292,00;12/10/2016 15:59:00;13/10/2016 9:32:00;EntradaCierre;SalidaApertura;$-1035,76;$-6278,12;$5,76;$0,00;$0,00;$0,00;$0,00;$1030,00;$0,00;$1035,76;4;
163;NQ 09-26;Backtest;PROD_Bot_NQ_OvernightDrift_1min_RTH;Long;1;8330,50;8371,00;13/10/2016 15:59:00;14/10/2016 9:32:00;EntradaCierre;SalidaApertura;$804,24;$-5473,88;$5,76;$0,00;$0,00;$0,00;$0,00;$20,00;$825,00;$20,76;4;
164;NQ 09-26;Backtest;PROD_Bot_NQ_OvernightDrift_1min_RTH;Long;1;8337,75;8341,75;14/10/2016 15:59:00;17/10/2016 9:32:00;EntradaCierre;SalidaApertura;$74,24;$-5399,64;$5,76;$0,00;$0,00;$0,00;$0,00;$20,00;$135,00;$60,76;4;
165;NQ 09-26;Backtest;PROD_Bot_NQ_OvernightDrift_1min_RTH;Long;1;8338,50;8370,00;17/10/2016 15:59:00;18/10/2016 9:32:00;EntradaCierre;SalidaApertura;$624,24;$-4775,40;$5,76;$0,00;$0,00;$0,00;$0,00;$25,00;$640,00;$15,76;4;
166;NQ 09-26;Backtest;PROD_Bot_NQ_OvernightDrift_1min_RTH;Long;1;8362,75;8371,25;18/10/2016 15:59:00;19/10/2016 9:32:00;EntradaCierre;SalidaApertura;$164,24;$-4611,16;$5,76;$0,00;$0,00;$0,00;$0,00;$75,00;$215,00;$50,76;4;
167;NQ 09-26;Backtest;PROD_Bot_NQ_OvernightDrift_1min_RTH;Long;1;8365,50;8347,25;19/10/2016 15:59:00;20/10/2016 9:32:00;EntradaCierre;SalidaApertura;$-370,76;$-4981,92;$5,76;$0,00;$0,00;$0,00;$0,00;$380,00;$0,00;$370,76;4;
168;NQ 09-26;Backtest;PROD_Bot_NQ_OvernightDrift_1min_RTH;Long;1;8379,50;8369,50;20/10/2016 15:59:00;21/10/2016 9:32:00;EntradaCierre;SalidaApertura;$-205,76;$-5187,68;$5,76;$0,00;$0,00;$0,00;$0,00;$285,00;$10,00;$215,76;4;
169;NQ 09-26;Backtest;PROD_Bot_NQ_OvernightDrift_1min_RTH;Long;1;8380,25;8423,00;21/10/2016 15:59:00;24/10/2016 9:32:00;EntradaCierre;SalidaApertura;$849,24;$-4338,44;$5,76;$0,00;$0,00;$0,00;$0,00;$15,00;$885,00;$35,76;4;
170;NQ 09-26;Backtest;PROD_Bot_NQ_OvernightDrift_1min_RTH;Long;1;8443,25;8432,75;24/10/2016 15:59:00;25/10/2016 9:32:00;EntradaCierre;SalidaApertura;$-215,76;$-4554,20;$5,76;$0,00;$0,00;$0,00;$0,00;$210,00;$0,00;$215,76;4;
171;NQ 09-26;Backtest;PROD_Bot_NQ_OvernightDrift_1min_RTH;Long;1;8413,25;8389,50;25/10/2016 15:59:00;26/10/2016 9:32:00;EntradaCierre;SalidaApertura;$-480,76;$-5034,96;$5,76;$0,00;$0,00;$0,00;$0,00;$510,00;$25,00;$505,76;4;
172;NQ 09-26;Backtest;PROD_Bot_NQ_OvernightDrift_1min_RTH;Long;1;8388,25;8385,75;26/10/2016 15:59:00;27/10/2016 9:32:00;EntradaCierre;SalidaApertura;$-55,76;$-5090,72;$5,76;$0,00;$0,00;$0,00;$0,00;$55,00;$5,00;$60,76;4;
173;NQ 09-26;Backtest;PROD_Bot_NQ_OvernightDrift_1min_RTH;Long;1;8359,00;8363,25;27/10/2016 15:59:00;28/10/2016 9:32:00;EntradaCierre;SalidaApertura;$79,24;$-5011,48;$5,76;$0,00;$0,00;$0,00;$0,00;$25,00;$95,00;$15,76;4;
174;NQ 09-26;Backtest;PROD_Bot_NQ_OvernightDrift_1min_RTH;Long;1;8338,50;8316,75;31/10/2016 15:59:00;1/11/2016 9:32:00;EntradaCierre;SalidaApertura;$-440,76;$-5452,24;$5,76;$0,00;$0,00;$0,00;$0,00;$455,00;$10,00;$450,76;4;
175;NQ 09-26;Backtest;PROD_Bot_NQ_OvernightDrift_1min_RTH;Long;1;8291,50;8285,75;1/11/2016 15:59:00;2/11/2016 9:32:00;EntradaCierre;SalidaApertura;$-120,76;$-5573,00;$5,76;$0,00;$0,00;$0,00;$0,00;$160,00;$15,00;$135,76;4;
176;NQ 09-26;Backtest;PROD_Bot_NQ_OvernightDrift_1min_RTH;Long;1;8255,75;8251,50;2/11/2016 15:59:00;3/11/2016 9:32:00;EntradaCierre;SalidaApertura;$-90,76;$-5663,76;$5,76;$0,00;$0,00;$0,00;$0,00;$125,00;$0,00;$90,76;5;
177;NQ 09-26;Backtest;PROD_Bot_NQ_OvernightDrift_1min_RTH;Long;1;8206,25;8213,50;3/11/2016 16:00:00;4/11/2016 9:32:00;EntradaCierre;SalidaApertura;$139,24;$-5524,52;$5,76;$0,00;$0,00;$0,00;$0,00;$25,00;$190,00;$50,76;3;
178;NQ 09-26;Backtest;PROD_Bot_NQ_OvernightDrift_1min_RTH;Long;1;8195,75;8268,75;4/11/2016 16:00:00;7/11/2016 9:32:00;EntradaCierre;SalidaApertura;$1454,24;$-4070,28;$5,76;$0,00;$0,00;$0,00;$0,00;$30,00;$1495,00;$40,76;3;
179;NQ 09-26;Backtest;PROD_Bot_NQ_OvernightDrift_1min_RTH;Long;1;8307,50;8299,50;7/11/2016 16:00:00;8/11/2016 9:32:00;EntradaCierre;SalidaApertura;$-165,76;$-4236,04;$5,76;$0,00;$0,00;$0,00;$0,00;$225,00;$180,00;$345,76;48;
180;NQ 09-26;Backtest;PROD_Bot_NQ_OvernightDrift_1min_RTH;Long;1;8337,25;8296,75;8/11/2016 16:59:00;9/11/2016 9:32:00;EntradaCierre;SalidaApertura;$-815,76;$-5051,80;$5,76;$0,00;$0,00;$0,00;$0,00;$1290,00;$10,00;$825,76;4;
181;NQ 09-26;Backtest;PROD_Bot_NQ_OvernightDrift_1min_RTH;Long;1;8355,25;8376,50;9/11/2016 16:59:00;10/11/2016 9:32:00;EntradaCierre;SalidaApertura;$419,24;$-4632,56;$5,76;$0,00;$0,00;$0,00;$0,00;$15,00;$500,00;$80,76;4;
182;NQ 09-26;Backtest;PROD_Bot_NQ_OvernightDrift_1min_RTH;Long;1;8274,75;8254,75;10/11/2016 16:59:00;11/11/2016 9:32:00;EntradaCierre;SalidaApertura;$-405,76;$-5038,32;$5,76;$0,00;$0,00;$0,00;$0,00;$400,00;$0,00;$405,76;4;
183;NQ 09-26;Backtest;PROD_Bot_NQ_OvernightDrift_1min_RTH;Long;1;8277,25;8280,00;11/11/2016 16:59:00;14/11/2016 9:32:00;EntradaCierre;SalidaApertura;$49,24;$-4989,08;$5,76;$0,00;$0,00;$0,00;$0,00;$10,00;$165,00;$115,76;4;
184;NQ 09-26;Backtest;PROD_Bot_NQ_OvernightDrift_1min_RTH;Long;1;8229,25;8269,75;14/11/2016 16:59:00;15/11/2016 9:32:00;EntradaCierre;SalidaApertura;$804,24;$-4184,84;$5,76;$0,00;$0,00;$0,00;$0,00;$25,00;$840,00;$35,76;4;
185;NQ 09-26;Backtest;PROD_Bot_NQ_OvernightDrift_1min_RTH;Long;1;8300,75;8276,50;15/11/2016 16:59:00;16/11/2016 9:32:00;EntradaCierre;SalidaApertura;$-490,76;$-4675,60;$5,76;$0,00;$0,00;$0,00;$0,00;$495,00;$5,00;$495,76;4;
186;NQ 09-26;Backtest;PROD_Bot_NQ_OvernightDrift_1min_RTH;Long;1;8317,50;8314,25;16/11/2016 16:59:00;17/11/2016 9:32:00;EntradaCierre;SalidaApertura;$-70,76;$-4746,36;$5,76;$0,00;$0,00;$0,00;$0,00;$95,00;$135,00;$205,76;4;
187;NQ 09-26;Backtest;PROD_Bot_NQ_OvernightDrift_1min_RTH;Long;1;8365,50;8367,25;17/11/2016 16:59:00;18/11/2016 9:32:00;EntradaCierre;SalidaApertura;$29,24;$-4717,12;$5,76;$0,00;$0,00;$0,00;$0,00;$55,00;$95,00;$65,76;4;
188;NQ 09-26;Backtest;PROD_Bot_NQ_OvernightDrift_1min_RTH;Long;1;8344,25;8353,50;18/11/2016 16:59:00;21/11/2016 9:32:00;EntradaCierre;SalidaApertura;$179,24;$-4537,88;$5,76;$0,00;$0,00;$0,00;$0,00;$15,00;$235,00;$55,76;4;
189;NQ 09-26;Backtest;PROD_Bot_NQ_OvernightDrift_1min_RTH;Long;1;8393,00;8410,75;21/11/2016 16:59:00;22/11/2016 9:32:00;EntradaCierre;SalidaApertura;$349,24;$-4188,64;$5,76;$0,00;$0,00;$0,00;$0,00;$20,00;$375,00;$25,76;4;
190;NQ 09-26;Backtest;PROD_Bot_NQ_OvernightDrift_1min_RTH;Long;1;8413,25;8393,00;22/11/2016 16:59:00;23/11/2016 9:32:00;EntradaCierre;SalidaApertura;$-410,76;$-4599,40;$5,76;$0,00;$0,00;$0,00;$0,00;$455,00;$0,00;$410,76;4;
191;NQ 09-26;Backtest;PROD_Bot_NQ_OvernightDrift_1min_RTH;Long;1;8393,75;8398,00;28/11/2016 16:59:00;29/11/2016 9:32:00;EntradaCierre;SalidaApertura;$79,24;$-4520,16;$5,76;$0,00;$0,00;$0,00;$0,00;$40,00;$100,00;$20,76;4;
192;NQ 09-26;Backtest;PROD_Bot_NQ_OvernightDrift_1min_RTH;Long;1;8409,50;8409,50;29/11/2016 16:59:00;30/11/2016 9:32:00;EntradaCierre;SalidaApertura;$-5,76;$-4525,92;$5,76;$0,00;$0,00;$0,00;$0,00;$15,00;$85,00;$90,76;4;
193;NQ 09-26;Backtest;PROD_Bot_NQ_OvernightDrift_1min_RTH;Long;1;8353,00;8342,75;30/11/2016 16:59:00;1/12/2016 9:32:00;EntradaCierre;SalidaApertura;$-210,76;$-4736,68;$5,76;$0,00;$0,00;$0,00;$0,00;$305,00;$15,00;$225,76;4;
194;NQ 09-26;Backtest;PROD_Bot_NQ_OvernightDrift_1min_RTH;Long;1;8269,25;8262,25;1/12/2016 16:59:00;2/12/2016 9:32:00;EntradaCierre;SalidaApertura;$-145,76;$-4882,44;$5,76;$0,00;$0,00;$0,00;$0,00;$185,00;$30,00;$175,76;4;
195;NQ 09-26;Backtest;PROD_Bot_NQ_OvernightDrift_1min_RTH;Long;1;8268,00;8297,00;2/12/2016 16:59:00;5/12/2016 9:32:00;EntradaCierre;SalidaApertura;$574,24;$-4308,20;$5,76;$0,00;$0,00;$0,00;$0,00;$25,00;$660,00;$85,76;4;
196;NQ 09-26;Backtest;PROD_Bot_NQ_OvernightDrift_1min_RTH;Long;1;8317,75;8321,00;5/12/2016 16:59:00;6/12/2016 9:32:00;EntradaCierre;SalidaApertura;$59,24;$-4248,96;$5,76;$0,00;$0,00;$0,00;$0,00;$25,00;$115,00;$55,76;4;
197;NQ 09-26;Backtest;PROD_Bot_NQ_OvernightDrift_1min_RTH;Long;1;8325,00;8307,50;6/12/2016 16:59:00;7/12/2016 9:32:00;EntradaCierre;SalidaApertura;$-355,76;$-4604,72;$5,76;$0,00;$0,00;$0,00;$0,00;$360,00;$5,00;$360,76;4;
198;NQ 09-26;Backtest;PROD_Bot_NQ_OvernightDrift_1min_RTH;Long;1;8379,50;8379,50;7/12/2016 16:59:00;8/12/2016 9:32:00;EntradaCierre;SalidaApertura;$-5,76;$-4610,48;$5,76;$0,00;$0,00;$0,00;$0,00;$35,00;$155,00;$160,76;4;
199;NQ 09-26;Backtest;PROD_Bot_NQ_OvernightDrift_1min_RTH;Long;1;8398,00;8418,75;8/12/2016 16:59:00;9/12/2016 9:32:00;EntradaCierre;SalidaApertura;$409,24;$-4201,24;$5,76;$0,00;$0,00;$0,00;$0,00;$0,00;$435,00;$25,76;4;
200;NQ 09-26;Backtest;PROD_Bot_NQ_OvernightDrift_1min_RTH;Long;1;8431,25;8410,50;9/12/2016 16:59:00;12/12/2016 9:32:00;EntradaCierre;SalidaApertura;$-420,76;$-4622,00;$5,76;$0,00;$0,00;$0,00;$0,00;$460,00;$5,00;$425,76;4;
201;NQ 09-26;Backtest;PROD_Bot_NQ_OvernightDrift_1min_RTH;Long;1;8402,25;8424,50;12/12/2016 16:59:00;13/12/2016 9:32:00;EntradaCierre;SalidaApertura;$439,24;$-4182,76;$5,76;$0,00;$0,00;$0,00;$0,00;$10,00;$520,00;$80,76;4;
202;NQ 09-26;Backtest;PROD_Bot_NQ_OvernightDrift_1min_RTH;Long;1;8477,00;8480,00;13/12/2016 16:59:00;14/12/2016 9:32:00;EntradaCierre;SalidaApertura;$54,24;$-4128,52;$5,76;$0,00;$0,00;$0,00;$0,00;$35,00;$100,00;$45,76;4;
203;NQ 09-26;Backtest;PROD_Bot_NQ_OvernightDrift_1min_RTH;Long;1;8469,00;8464,00;14/12/2016 16:59:00;15/12/2016 9:32:00;EntradaCierre;SalidaApertura;$-105,76;$-4234,28;$5,76;$0,00;$0,00;$0,00;$0,00;$145,00;$0,00;$105,76;4;
204;NQ 09-26;Backtest;PROD_Bot_NQ_OvernightDrift_1min_RTH;Long;1;8475,75;8480,00;15/12/2016 16:59:00;16/12/2016 9:32:00;EntradaCierre;SalidaApertura;$79,24;$-4155,04;$5,76;$0,00;$0,00;$0,00;$0,00;$50,00;$135,00;$55,76;4;
205;NQ 09-26;Backtest;PROD_Bot_NQ_OvernightDrift_1min_RTH;Long;1;8450,00;8456,25;16/12/2016 16:59:00;19/12/2016 9:32:00;EntradaCierre;SalidaApertura;$119,24;$-4035,80;$5,76;$0,00;$0,00;$0,00;$0,00;$10,00;$185,00;$65,76;4;
206;NQ 09-26;Backtest;PROD_Bot_NQ_OvernightDrift_1min_RTH;Long;1;8477,00;8488,00;19/12/2016 16:59:00;20/12/2016 9:32:00;EntradaCierre;SalidaApertura;$214,24;$-3821,56;$5,76;$0,00;$0,00;$0,00;$0,00;$10,00;$230,00;$15,76;4;
207;NQ 09-26;Backtest;PROD_Bot_NQ_OvernightDrift_1min_RTH;Long;1;8493,75;8488,75;20/12/2016 16:59:00;21/12/2016 9:32:00;EntradaCierre;SalidaApertura;$-105,76;$-3927,32;$5,76;$0,00;$0,00;$0,00;$0,00;$100,00;$0,00;$105,76;4;
208;NQ 09-26;Backtest;PROD_Bot_NQ_OvernightDrift_1min_RTH;Long;1;8482,25;8484,25;21/12/2016 16:59:00;22/12/2016 9:32:00;EntradaCierre;SalidaApertura;$34,24;$-3893,08;$5,76;$0,00;$0,00;$0,00;$0,00;$0,00;$135,00;$100,76;4;
209;NQ 09-26;Backtest;PROD_Bot_NQ_OvernightDrift_1min_RTH;Long;1;8470,75;8469,75;22/12/2016 16:59:00;23/12/2016 9:32:00;EntradaCierre;SalidaApertura;$-25,76;$-3918,84;$5,76;$0,00;$0,00;$0,00;$0,00;$110,00;$15,00;$40,76;4;
210;NQ 09-26;Backtest;PROD_Bot_NQ_OvernightDrift_1min_RTH;Long;1;8476,75;8484,75;23/12/2016 16:59:00;27/12/2016 9:32:00;EntradaCierre;SalidaApertura;$154,24;$-3764,60;$5,76;$0,00;$0,00;$0,00;$0,00;$15,00;$220,00;$65,76;4;
211;NQ 09-26;Backtest;PROD_Bot_NQ_OvernightDrift_1min_RTH;Long;1;8497,00;8512,25;27/12/2016 16:59:00;28/12/2016 9:32:00;EntradaCierre;SalidaApertura;$299,24;$-3465,36;$5,76;$0,00;$0,00;$0,00;$0,00;$25,00;$335,00;$35,76;4;
212;NQ 09-26;Backtest;PROD_Bot_NQ_OvernightDrift_1min_RTH;Long;1;8459,75;8462,25;28/12/2016 16:59:00;29/12/2016 9:32:00;EntradaCierre;SalidaApertura;$44,24;$-3421,12;$5,76;$0,00;$0,00;$0,00;$0,00;$30,00;$110,00;$65,76;4;
213;NQ 09-26;Backtest;PROD_Bot_NQ_OvernightDrift_1min_RTH;Long;1;8456,50;8457,25;29/12/2016 16:59:00;30/12/2016 9:32:00;EntradaCierre;SalidaApertura;$9,24;$-3411,88;$5,76;$0,00;$0,00;$0,00;$0,00;$10,00;$130,00;$120,76;4;
214;NQ 09-26;Backtest;PROD_Bot_NQ_OvernightDrift_1min_RTH;Long;1;8400,25;8430,00;30/12/2016 16:59:00;3/1/2017 9:32:00;EntradaCierre;SalidaApertura;$589,24;$-2822,64;$5,76;$0,00;$0,00;$0,00;$0,00;$30,00;$725,00;$135,76;4;
215;NQ 09-26;Backtest;PROD_Bot_NQ_OvernightDrift_1min_RTH;Long;1;8443,50;8460,75;3/1/2017 16:59:00;4/1/2017 9:32:00;EntradaCierre;SalidaApertura;$339,24;$-2483,40;$5,76;$0,00;$0,00;$0,00;$0,00;$35,00;$355,00;$15,76;4;
216;NQ 09-26;Backtest;PROD_Bot_NQ_OvernightDrift_1min_RTH;Long;1;8470,25;8467,75;4/1/2017 16:59:00;5/1/2017 9:32:00;EntradaCierre;SalidaApertura;$-55,76;$-2539,16;$5,76;$0,00;$0,00;$0,00;$0,00;$85,00;$10,00;$65,76;4;
217;NQ 09-26;Backtest;PROD_Bot_NQ_OvernightDrift_1min_RTH;Long;1;8499,50;8496,00;5/1/2017 16:59:00;6/1/2017 9:32:00;EntradaCierre;SalidaApertura;$-75,76;$-2614,92;$5,76;$0,00;$0,00;$0,00;$0,00;$95,00;$125,00;$200,76;4;
218;NQ 09-26;Backtest;PROD_Bot_NQ_OvernightDrift_1min_RTH;Long;1;8542,25;8542,75;6/1/2017 16:59:00;9/1/2017 9:32:00;EntradaCierre;SalidaApertura;$4,24;$-2610,68;$5,76;$0,00;$0,00;$0,00;$0,00;$20,00;$95,00;$90,76;4;
219;NQ 09-26;Backtest;PROD_Bot_NQ_OvernightDrift_1min_RTH;Long;1;8557,25;8561,25;9/1/2017 16:59:00;10/1/2017 9:32:00;EntradaCierre;SalidaApertura;$74,24;$-2536,44;$5,76;$0,00;$0,00;$0,00;$0,00;$5,00;$130,00;$55,76;4;
220;NQ 09-26;Backtest;PROD_Bot_NQ_OvernightDrift_1min_RTH;Long;1;8570,25;8566,50;10/1/2017 16:59:00;11/1/2017 9:32:00;EntradaCierre;SalidaApertura;$-80,76;$-2617,20;$5,76;$0,00;$0,00;$0,00;$0,00;$95,00;$10,00;$90,76;4;
221;NQ 09-26;Backtest;PROD_Bot_NQ_OvernightDrift_1min_RTH;Long;1;8584,25;8561,00;11/1/2017 16:59:00;12/1/2017 9:32:00;EntradaCierre;SalidaApertura;$-470,76;$-3087,96;$5,76;$0,00;$0,00;$0,00;$0,00;$550,00;$5,00;$475,76;4;
222;NQ 09-26;Backtest;PROD_Bot_NQ_OvernightDrift_1min_RTH;Long;1;8574,00;8579,50;12/1/2017 16:59:00;13/1/2017 9:32:00;EntradaCierre;SalidaApertura;$104,24;$-2983,72;$5,76;$0,00;$0,00;$0,00;$0,00;$10,00;$150,00;$45,76;4;
223;NQ 09-26;Backtest;PROD_Bot_NQ_OvernightDrift_1min_RTH;Long;1;8597,25;8589,25;13/1/2017 16:59:00;16/1/2017 9:32:00;EntradaCierre;SalidaApertura;$-165,76;$-3149,48;$5,76;$0,00;$0,00;$0,00;$0,00;$160,00;$0,00;$165,76;4;
224;NQ 09-26;Backtest;PROD_Bot_NQ_OvernightDrift_1min_RTH;Long;1;8577,25;8580,75;17/1/2017 16:59:00;18/1/2017 9:32:00;EntradaCierre;SalidaApertura;$64,24;$-3085,24;$5,76;$0,00;$0,00;$0,00;$0,00;$15,00;$155,00;$90,76;4;
225;NQ 09-26;Backtest;PROD_Bot_NQ_OvernightDrift_1min_RTH;Long;1;8591,25;8594,75;18/1/2017 16:59:00;19/1/2017 9:32:00;EntradaCierre;SalidaApertura;$64,24;$-3021,00;$5,76;$0,00;$0,00;$0,00;$0,00;$45,00;$105,00;$40,76;4;
226;NQ 09-26;Backtest;PROD_Bot_NQ_OvernightDrift_1min_RTH;Long;1;8591,75;8607,25;19/1/2017 16:59:00;20/1/2017 9:32:00;EntradaCierre;SalidaApertura;$304,24;$-2716,76;$5,76;$0,00;$0,00;$0,00;$0,00;$10,00;$320,00;$15,76;4;
227;NQ 09-26;Backtest;PROD_Bot_NQ_OvernightDrift_1min_RTH;Long;1;8598,00;8592,00;20/1/2017 16:59:00;23/1/2017 9:32:00;EntradaCierre;SalidaApertura;$-125,76;$-2842,52;$5,76;$0,00;$0,00;$0,00;$0,00;$205,00;$0,00;$125,76;4;
228;NQ 09-26;Backtest;PROD_Bot_NQ_OvernightDrift_1min_RTH;Long;1;8600,50;8607,25;23/1/2017 16:59:00;24/1/2017 9:32:00;EntradaCierre;SalidaApertura;$129,24;$-2713,28;$5,76;$0,00;$0,00;$0,00;$0,00;$10,00;$220,00;$90,76;4;
229;NQ 09-26;Backtest;PROD_Bot_NQ_OvernightDrift_1min_RTH;Long;1;8637,75;8662,00;24/1/2017 16:59:00;25/1/2017 9:32:00;EntradaCierre;SalidaApertura;$479,24;$-2234,04;$5,76;$0,00;$0,00;$0,00;$0,00;$30,00;$530,00;$50,76;4;
230;NQ 09-26;Backtest;PROD_Bot_NQ_OvernightDrift_1min_RTH;Long;1;8685,75;8693,50;25/1/2017 16:59:00;26/1/2017 9:32:00;EntradaCierre;SalidaApertura;$149,24;$-2084,80;$5,76;$0,00;$0,00;$0,00;$0,00;$10,00;$180,00;$30,76;4;
231;NQ 09-26;Backtest;PROD_Bot_NQ_OvernightDrift_1min_RTH;Long;1;8683,00;8701,50;26/1/2017 16:59:00;27/1/2017 9:32:00;EntradaCierre;SalidaApertura;$364,24;$-1720,56;$5,76;$0,00;$0,00;$0,00;$0,00;$20,00;$415,00;$50,76;4;
232;NQ 09-26;Backtest;PROD_Bot_NQ_OvernightDrift_1min_RTH;Long;1;8701,00;8679,25;27/1/2017 16:59:00;30/1/2017 9:32:00;EntradaCierre;SalidaApertura;$-440,76;$-2161,32;$5,76;$0,00;$0,00;$0,00;$0,00;$435,00;$20,00;$460,76;4;
233;NQ 09-26;Backtest;PROD_Bot_NQ_OvernightDrift_1min_RTH;Long;1;8661,50;8641,50;30/1/2017 16:59:00;31/1/2017 9:32:00;EntradaCierre;SalidaApertura;$-405,76;$-2567,08;$5,76;$0,00;$0,00;$0,00;$0,00;$425,00;$15,00;$420,76;4;
234;NQ 09-26;Backtest;PROD_Bot_NQ_OvernightDrift_1min_RTH;Long;1;8670,00;8685,50;31/1/2017 16:59:00;1/2/2017 9:32:00;EntradaCierre;SalidaApertura;$304,24;$-2262,84;$5,76;$0,00;$0,00;$0,00;$0,00;$60,00;$380,00;$75,76;4;
235;NQ 09-26;Backtest;PROD_Bot_NQ_OvernightDrift_1min_RTH;Long;1;8686,25;8673,75;1/2/2017 16:59:00;2/2/2017 9:32:00;EntradaCierre;SalidaApertura;$-255,76;$-2518,60;$5,76;$0,00;$0,00;$0,00;$0,00;$315,00;$15,00;$270,76;4;
236;NQ 09-26;Backtest;PROD_Bot_NQ_OvernightDrift_1min_RTH;Long;1;8667,25;8682,75;2/2/2017 16:59:00;3/2/2017 9:32:00;EntradaCierre;SalidaApertura;$304,24;$-2214,36;$5,76;$0,00;$0,00;$0,00;$0,00;$35,00;$380,00;$75,76;4;
237;NQ 09-26;Backtest;PROD_Bot_NQ_OvernightDrift_1min_RTH;Long;1;8693,75;8683,00;3/2/2017 16:59:00;6/2/2017 9:32:00;EntradaCierre;SalidaApertura;$-220,76;$-2435,12;$5,76;$0,00;$0,00;$0,00;$0,00;$250,00;$20,00;$240,76;4;
238;NQ 09-26;Backtest;PROD_Bot_NQ_OvernightDrift_1min_RTH;Long;1;8695,25;8709,50;6/2/2017 16:59:00;7/2/2017 9:32:00;EntradaCierre;SalidaApertura;$279,24;$-2155,88;$5,76;$0,00;$0,00;$0,00;$0,00;$15,00;$300,00;$20,76;4;
239;NQ 09-26;Backtest;PROD_Bot_NQ_OvernightDrift_1min_RTH;Long;1;8712,25;8707,75;7/2/2017 16:59:00;8/2/2017 9:32:00;EntradaCierre;SalidaApertura;$-95,76;$-2251,64;$5,76;$0,00;$0,00;$0,00;$0,00;$115,00;$5,00;$100,76;4;
240;NQ 09-26;Backtest;PROD_Bot_NQ_OvernightDrift_1min_RTH;Long;1;8727,00;8729,00;8/2/2017 16:59:00;9/2/2017 9:32:00;EntradaCierre;SalidaApertura;$34,24;$-2217,40;$5,76;$0,00;$0,00;$0,00;$0,00;$10,00;$115,00;$80,76;4;
241;NQ 09-26;Backtest;PROD_Bot_NQ_OvernightDrift_1min_RTH;Long;1;8748,25;8751,75;9/2/2017 16:59:00;10/2/2017 9:32:00;EntradaCierre;SalidaApertura;$64,24;$-2153,16;$5,76;$0,00;$0,00;$0,00;$0,00;$5,00;$140,00;$75,76;4;
242;NQ 09-26;Backtest;PROD_Bot_NQ_OvernightDrift_1min_RTH;Long;1;8764,75;8775,50;10/2/2017 16:59:00;13/2/2017 9:32:00;EntradaCierre;SalidaApertura;$209,24;$-1943,92;$5,76;$0,00;$0,00;$0,00;$0,00;$20,00;$275,00;$65,76;4;
243;NQ 09-26;Backtest;PROD_Bot_NQ_OvernightDrift_1min_RTH;Long;1;8797,50;8788,75;13/2/2017 16:59:00;14/2/2017 9:32:00;EntradaCierre;SalidaApertura;$-180,76;$-2124,68;$5,76;$0,00;$0,00;$0,00;$0,00;$185,00;$0,00;$180,76;4;
244;NQ 09-26;Backtest;PROD_Bot_NQ_OvernightDrift_1min_RTH;Long;1;8810,75;8803,50;14/2/2017 16:59:00;15/2/2017 9:32:00;EntradaCierre;SalidaApertura;$-150,76;$-2275,44;$5,76;$0,00;$0,00;$0,00;$0,00;$160,00;$20,00;$170,76;4;
245;NQ 09-26;Backtest;PROD_Bot_NQ_OvernightDrift_1min_RTH;Long;1;8849,50;8841,00;15/2/2017 16:59:00;16/2/2017 9:32:00;EntradaCierre;SalidaApertura;$-175,76;$-2451,20;$5,76;$0,00;$0,00;$0,00;$0,00;$200,00;$10,00;$185,76;4;
246;NQ 09-26;Backtest;PROD_Bot_NQ_OvernightDrift_1min_RTH;Long;1;8838,00;8835,00;16/2/2017 16:59:00;17/2/2017 9:32:00;EntradaCierre;SalidaApertura;$-65,76;$-2516,96;$5,76;$0,00;$0,00;$0,00;$0,00;$135,00;$5,00;$70,76;4;
247;NQ 09-26;Backtest;PROD_Bot_NQ_OvernightDrift_1min_RTH;Long;1;8865,00;8868,25;17/2/2017 16:59:00;20/2/2017 9:32:00;EntradaCierre;SalidaApertura;$59,24;$-2457,72;$5,76;$0,00;$0,00;$0,00;$0,00;$10,00;$120,00;$60,76;4;
248;NQ 09-26;Backtest;PROD_Bot_NQ_OvernightDrift_1min_RTH;Long;1;8880,75;8880,00;21/2/2017 16:59:00;22/2/2017 9:32:00;EntradaCierre;SalidaApertura;$-20,76;$-2478,48;$5,76;$0,00;$0,00;$0,00;$0,00;$20,00;$55,00;$75,76;4;
249;NQ 09-26;Backtest;PROD_Bot_NQ_OvernightDrift_1min_RTH;Long;1;8890,00;8892,25;22/2/2017 16:59:00;23/2/2017 9:32:00;EntradaCierre;SalidaApertura;$39,24;$-2439,24;$5,76;$0,00;$0,00;$0,00;$0,00;$10,00;$120,00;$80,76;4;
250;NQ 09-26;Backtest;PROD_Bot_NQ_OvernightDrift_1min_RTH;Long;1;8867,75;8844,50;23/2/2017 16:59:00;24/2/2017 9:32:00;EntradaCierre;SalidaApertura;$-470,76;$-2910,00;$5,76;$0,00;$0,00;$0,00;$0,00;$500,00;$10,00;$480,76;4;
251;NQ 09-26;Backtest;PROD_Bot_NQ_OvernightDrift_1min_RTH;Long;1;8879,50;8865,50;24/2/2017 16:59:00;27/2/2017 9:32:00;EntradaCierre;SalidaApertura;$-285,76;$-3195,76;$5,76;$0,00;$0,00;$0,00;$0,00;$315,00;$5,00;$290,76;4;
252;NQ 09-26;Backtest;PROD_Bot_NQ_OvernightDrift_1min_RTH;Long;1;8880,00;8884,50;27/2/2017 16:59:00;28/2/2017 9:32:00;EntradaCierre;SalidaApertura;$84,24;$-3111,52;$5,76;$0,00;$0,00;$0,00;$0,00;$0,00;$115,00;$30,76;4;
253;NQ 09-26;Backtest;PROD_Bot_NQ_OvernightDrift_1min_RTH;Long;1;8872,00;8902,75;28/2/2017 16:59:00;1/3/2017 9:32:00;EntradaCierre;SalidaApertura;$609,24;$-2502,28;$5,76;$0,00;$0,00;$0,00;$0,00;$10,00;$670,00;$60,76;4;
254;NQ 09-26;Backtest;PROD_Bot_NQ_OvernightDrift_1min_RTH;Long;1;8922,25;8919,25;1/3/2017 16:59:00;2/3/2017 9:32:00;EntradaCierre;SalidaApertura;$-65,76;$-2568,04;$5,76;$0,00;$0,00;$0,00;$0,00;$85,00;$80,00;$145,76;4;
255;NQ 09-26;Backtest;PROD_Bot_NQ_OvernightDrift_1min_RTH;Long;1;8898,25;8893,50;2/3/2017 16:59:00;3/3/2017 9:32:00;EntradaCierre;SalidaApertura;$-100,76;$-2668,80;$5,76;$0,00;$0,00;$0,00;$0,00;$115,00;$0,00;$100,76;4;
256;NQ 09-26;Backtest;PROD_Bot_NQ_OvernightDrift_1min_RTH;Long;1;8909,75;8890,00;3/3/2017 16:59:00;6/3/2017 9:32:00;EntradaCierre;SalidaApertura;$-400,76;$-3069,56;$5,76;$0,00;$0,00;$0,00;$0,00;$445,00;$0,00;$400,76;4;
257;NQ 09-26;Backtest;PROD_Bot_NQ_OvernightDrift_1min_RTH;Long;1;8887,25;8885,50;7/3/2017 16:59:00;8/3/2017 9:32:00;EntradaCierre;SalidaApertura;$-40,76;$-3110,32;$5,76;$0,00;$0,00;$0,00;$0,00;$35,00;$50,00;$90,76;4;
258;NQ 09-26;Backtest;PROD_Bot_NQ_OvernightDrift_1min_RTH;Long;1;8899,50;8891,25;8/3/2017 16:59:00;9/3/2017 9:32:00;EntradaCierre;SalidaApertura;$-170,76;$-3281,08;$5,76;$0,00;$0,00;$0,00;$0,00;$165,00;$10,00;$180,76;4;
259;NQ 09-26;Backtest;PROD_Bot_NQ_OvernightDrift_1min_RTH;Long;1;8919,50;8923,25;10/3/2017 16:59:00;13/3/2017 9:32:00;EntradaCierre;SalidaApertura;$69,24;$-3211,84;$5,76;$0,00;$0,00;$0,00;$0,00;$15,00;$95,00;$25,76;4;
260;NQ 09-26;Backtest;PROD_Bot_NQ_OvernightDrift_1min_RTH;Long;1;8907,00;8882,00;24/3/2017 15:59:00;27/3/2017 9:32:00;EntradaCierre;SalidaApertura;$-505,76;$-3717,60;$5,76;$0,00;$0,00;$0,00;$0,00;$535,00;$0,00;$505,76;4;
261;NQ 09-26;Backtest;PROD_Bot_NQ_OvernightDrift_1min_RTH;Long;1;8915,75;8904,25;27/3/2017 15:59:00;28/3/2017 9:32:00;EntradaCierre;SalidaApertura;$-235,76;$-3953,36;$5,76;$0,00;$0,00;$0,00;$0,00;$265,00;$0,00;$235,76;4;
262;NQ 09-26;Backtest;PROD_Bot_NQ_OvernightDrift_1min_RTH;Long;1;8941,00;8957,25;28/3/2017 15:59:00;29/3/2017 9:32:00;EntradaCierre;SalidaApertura;$319,24;$-3634,12;$5,76;$0,00;$0,00;$0,00;$0,00;$20,00;$345,00;$25,76;4;
263;NQ 09-26;Backtest;PROD_Bot_NQ_OvernightDrift_1min_RTH;Long;1;8969,25;8970,75;29/3/2017 15:59:00;30/3/2017 9:32:00;EntradaCierre;SalidaApertura;$24,24;$-3609,88;$5,76;$0,00;$0,00;$0,00;$0,00;$10,00;$60,00;$35,76;4;
264;NQ 09-26;Backtest;PROD_Bot_NQ_OvernightDrift_1min_RTH;Long;1;8973,50;8972,50;30/3/2017 15:59:00;31/3/2017 9:32:00;EntradaCierre;SalidaApertura;$-25,76;$-3635,64;$5,76;$0,00;$0,00;$0,00;$0,00;$55,00;$5,00;$30,76;4;
265;NQ 09-26;Backtest;PROD_Bot_NQ_OvernightDrift_1min_RTH;Long;1;8970,50;8978,25;31/3/2017 15:59:00;3/4/2017 9:32:00;EntradaCierre;SalidaApertura;$149,24;$-3486,40;$5,76;$0,00;$0,00;$0,00;$0,00;$40,00;$165,00;$15,76;4;
266;NQ 09-26;Backtest;PROD_Bot_NQ_OvernightDrift_1min_RTH;Long;1;8964,75;8961,25;3/4/2017 15:59:00;4/4/2017 9:32:00;EntradaCierre;SalidaApertura;$-75,76;$-3562,16;$5,76;$0,00;$0,00;$0,00;$0,00;$135,00;$25,00;$100,76;4;
267;NQ 09-26;Backtest;PROD_Bot_NQ_OvernightDrift_1min_RTH;Long;1;8980,50;8998,25;4/4/2017 15:59:00;5/4/2017 9:32:00;EntradaCierre;SalidaApertura;$349,24;$-3212,92;$5,76;$0,00;$0,00;$0,00;$0,00;$20,00;$370,00;$20,76;4;
268;NQ 09-26;Backtest;PROD_Bot_NQ_OvernightDrift_1min_RTH;Long;1;8946,50;8961,00;5/4/2017 15:59:00;6/4/2017 9:32:00;EntradaCierre;SalidaApertura;$284,24;$-2928,68;$5,76;$0,00;$0,00;$0,00;$0,00;$25,00;$345,00;$60,76;4;
269;NQ 09-26;Backtest;PROD_Bot_NQ_OvernightDrift_1min_RTH;Long;1;8958,50;8949,25;6/4/2017 15:59:00;7/4/2017 9:32:00;EntradaCierre;SalidaApertura;$-190,76;$-3119,44;$5,76;$0,00;$0,00;$0,00;$0,00;$185,00;$25,00;$215,76;5;
270;NQ 09-26;Backtest;PROD_Bot_NQ_OvernightDrift_1min_RTH;Long;1;8971,25;9038,50;21/4/2017 15:59:00;24/4/2017 9:32:00;EntradaCierre;SalidaApertura;$1339,24;$-1780,20;$5,76;$0,00;$0,00;$0,00;$0,00;$50,00;$1360,00;$20,76;4;
271;NQ 09-26;Backtest;PROD_Bot_NQ_OvernightDrift_1min_RTH;Long;1;9036,25;9067,00;24/4/2017 15:59:00;25/4/2017 9:32:00;EntradaCierre;SalidaApertura;$609,24;$-1170,96;$5,76;$0,00;$0,00;$0,00;$0,00;$15,00;$660,00;$50,76;4;
272;NQ 09-26;Backtest;PROD_Bot_NQ_OvernightDrift_1min_RTH;Long;1;9080,75;9078,00;25/4/2017 15:59:00;26/4/2017 9:32:00;EntradaCierre;SalidaApertura;$-60,76;$-1231,72;$5,76;$0,00;$0,00;$0,00;$0,00;$55,00;$0,00;$60,76;4;
273;NQ 09-26;Backtest;PROD_Bot_NQ_OvernightDrift_1min_RTH;Long;1;9068,50;9094,75;26/4/2017 15:59:00;27/4/2017 9:32:00;EntradaCierre;SalidaApertura;$519,24;$-712,48;$5,76;$0,00;$0,00;$0,00;$0,00;$15,00;$535,00;$15,76;4;
274;NQ 09-26;Backtest;PROD_Bot_NQ_OvernightDrift_1min_RTH;Long;1;9121,00;9111,00;27/4/2017 15:59:00;28/4/2017 9:32:00;EntradaCierre;SalidaApertura;$-205,76;$-918,24;$5,76;$0,00;$0,00;$0,00;$0,00;$205,00;$0,00;$205,76;4;
275;NQ 09-26;Backtest;PROD_Bot_NQ_OvernightDrift_1min_RTH;Long;1;9113,25;9141,25;28/4/2017 15:59:00;1/5/2017 9:32:00;EntradaCierre;SalidaApertura;$554,24;$-364,00;$5,76;$0,00;$0,00;$0,00;$0,00;$10,00;$570,00;$15,76;4;
276;NQ 09-26;Backtest;PROD_Bot_NQ_OvernightDrift_1min_RTH;Long;1;9164,75;9162,25;1/5/2017 15:59:00;2/5/2017 9:32:00;EntradaCierre;SalidaApertura;$-55,76;$-419,76;$5,76;$0,00;$0,00;$0,00;$0,00;$60,00;$25,00;$80,76;4;
277;NQ 09-26;Backtest;PROD_Bot_NQ_OvernightDrift_1min_RTH;Long;1;9156,75;9152,25;2/5/2017 15:59:00;3/5/2017 9:32:00;EntradaCierre;SalidaApertura;$-95,76;$-515,52;$5,76;$0,00;$0,00;$0,00;$0,00;$135,00;$0,00;$95,76;4;
278;NQ 09-26;Backtest;PROD_Bot_NQ_OvernightDrift_1min_RTH;Long;1;9142,75;9152,75;3/5/2017 15:59:00;4/5/2017 9:32:00;EntradaCierre;SalidaApertura;$194,24;$-321,28;$5,76;$0,00;$0,00;$0,00;$0,00;$20,00;$250,00;$55,76;4;
279;NQ 09-26;Backtest;PROD_Bot_NQ_OvernightDrift_1min_RTH;Long;1;9160,75;9155,25;4/5/2017 15:59:00;5/5/2017 9:32:00;EntradaCierre;SalidaApertura;$-115,76;$-437,04;$5,76;$0,00;$0,00;$0,00;$0,00;$150,00;$10,00;$125,76;4;
280;NQ 09-26;Backtest;PROD_Bot_NQ_OvernightDrift_1min_RTH;Long;1;9181,75;9174,25;5/5/2017 15:59:00;8/5/2017 9:32:00;EntradaCierre;SalidaApertura;$-155,76;$-592,80;$5,76;$0,00;$0,00;$0,00;$0,00;$185,00;$10,00;$165,76;4;
281;NQ 09-26;Backtest;PROD_Bot_NQ_OvernightDrift_1min_RTH;Long;1;9188,50;9216,75;8/5/2017 15:59:00;9/5/2017 9:32:00;EntradaCierre;SalidaApertura;$559,24;$-33,56;$5,76;$0,00;$0,00;$0,00;$0,00;$10,00;$575,00;$15,76;4;
282;NQ 09-26;Backtest;PROD_Bot_NQ_OvernightDrift_1min_RTH;Long;1;9213,75;9192,50;9/5/2017 15:59:00;10/5/2017 9:32:00;EntradaCierre;SalidaApertura;$-430,76;$-464,32;$5,76;$0,00;$0,00;$0,00;$0,00;$425,00;$0,00;$430,76;4;
283;NQ 09-26;Backtest;PROD_Bot_NQ_OvernightDrift_1min_RTH;Long;1;9208,75;9173,00;10/5/2017 15:59:00;11/5/2017 9:32:00;EntradaCierre;SalidaApertura;$-720,76;$-1185,08;$5,76;$0,00;$0,00;$0,00;$0,00;$715,00;$10,00;$730,76;4;
284;NQ 09-26;Backtest;PROD_Bot_NQ_OvernightDrift_1min_RTH;Long;1;9203,50;9205,50;11/5/2017 15:59:00;12/5/2017 9:32:00;EntradaCierre;SalidaApertura;$34,24;$-1150,84;$5,76;$0,00;$0,00;$0,00;$0,00;$5,00;$60,00;$25,76;4;
285;NQ 09-26;Backtest;PROD_Bot_NQ_OvernightDrift_1min_RTH;Long;1;9221,50;9230,25;12/5/2017 15:59:00;15/5/2017 9:32:00;EntradaCierre;SalidaApertura;$169,24;$-981,60;$5,76;$0,00;$0,00;$0,00;$0,00;$10,00;$200,00;$30,76;4;
286;NQ 09-26;Backtest;PROD_Bot_NQ_OvernightDrift_1min_RTH;Long;1;9238,25;9237,75;15/5/2017 15:59:00;16/5/2017 9:32:00;EntradaCierre;SalidaApertura;$-15,76;$-997,36;$5,76;$0,00;$0,00;$0,00;$0,00;$40,00;$10,00;$25,76;4;
287;NQ 09-26;Backtest;PROD_Bot_NQ_OvernightDrift_1min_RTH;Long;1;9257,50;9193,75;16/5/2017 15:59:00;17/5/2017 9:32:00;EntradaCierre;SalidaApertura;$-1280,76;$-2278,12;$5,76;$0,00;$0,00;$0,00;$0,00;$1305,00;$5,00;$1285,76;4;
288;NQ 09-26;Backtest;PROD_Bot_NQ_OvernightDrift_1min_RTH;Long;1;9108,25;9161,00;17/5/2017 15:59:00;18/5/2017 9:32:00;EntradaCierre;SalidaApertura;$1049,24;$-1228,88;$5,76;$0,00;$0,00;$0,00;$0,00;$15,00;$1070,00;$20,76;4;
289;NQ 09-26;Backtest;PROD_Bot_NQ_OvernightDrift_1min_RTH;Long;1;9166,25;9199,00;18/5/2017 15:59:00;19/5/2017 9:32:00;EntradaCierre;SalidaApertura;$649,24;$-579,64;$5,76;$0,00;$0,00;$0,00;$0,00;$10,00;$710,00;$60,76;4;
290;NQ 09-26;Backtest;PROD_Bot_NQ_OvernightDrift_1min_RTH;Long;1;9187,50;9219,00;19/5/2017 15:59:00;22/5/2017 9:32:00;EntradaCierre;SalidaApertura;$624,24;$44,60;$5,76;$0,00;$0,00;$0,00;$0,00;$10,00;$650,00;$25,76;4;
291;NQ 09-26;Backtest;PROD_Bot_NQ_OvernightDrift_1min_RTH;Long;1;9236,50;9235,25;22/5/2017 15:59:00;23/5/2017 9:32:00;EntradaCierre;SalidaApertura;$-30,76;$13,84;$5,76;$0,00;$0,00;$0,00;$0,00;$30,00;$10,00;$40,76;4;
292;NQ 09-26;Backtest;PROD_Bot_NQ_OvernightDrift_1min_RTH;Long;1;9243,25;9247,50;23/5/2017 15:59:00;24/5/2017 9:32:00;EntradaCierre;SalidaApertura;$79,24;$93,08;$5,76;$0,00;$0,00;$0,00;$0,00;$10,00;$90,00;$10,76;4;
293;NQ 09-26;Backtest;PROD_Bot_NQ_OvernightDrift_1min_RTH;Long;1;9266,00;9296,75;24/5/2017 15:59:00;25/5/2017 9:32:00;EntradaCierre;SalidaApertura;$609,24;$702,32;$5,76;$0,00;$0,00;$0,00;$0,00;$15,00;$625,00;$15,76;4;
294;NQ 09-26;Backtest;PROD_Bot_NQ_OvernightDrift_1min_RTH;Long;1;9316,50;9321,00;25/5/2017 15:59:00;26/5/2017 9:32:00;EntradaCierre;SalidaApertura;$84,24;$786,56;$5,76;$0,00;$0,00;$0,00;$0,00;$25,00;$110,00;$25,76;4;
295;NQ 09-26;Backtest;PROD_Bot_NQ_OvernightDrift_1min_RTH;Long;1;9328,25;9329,50;26/5/2017 15:59:00;29/5/2017 9:32:00;EntradaCierre;SalidaApertura;$19,24;$805,80;$5,76;$0,00;$0,00;$0,00;$0,00;$10,00;$40,00;$20,76;4;
296;NQ 09-26;Backtest;PROD_Bot_NQ_OvernightDrift_1min_RTH;Long;1;9327,25;9307,25;30/5/2017 15:59:00;31/5/2017 9:32:00;EntradaCierre;SalidaApertura;$-405,76;$400,04;$5,76;$0,00;$0,00;$0,00;$0,00;$400,00;$0,00;$405,76;4;
297;NQ 09-26;Backtest;PROD_Bot_NQ_OvernightDrift_1min_RTH;Long;1;9337,00;9318,00;31/5/2017 15:59:00;1/6/2017 9:32:00;EntradaCierre;SalidaApertura;$-385,76;$14,28;$5,76;$0,00;$0,00;$0,00;$0,00;$400,00;$10,00;$395,76;4;
298;NQ 09-26;Backtest;PROD_Bot_NQ_OvernightDrift_1min_RTH;Long;1;9355,75;9378,50;1/6/2017 15:59:00;2/6/2017 9:32:00;EntradaCierre;SalidaApertura;$449,24;$463,52;$5,76;$0,00;$0,00;$0,00;$0,00;$25,00;$480,00;$30,76;4;
299;NQ 09-26;Backtest;PROD_Bot_NQ_OvernightDrift_1min_RTH;Long;1;9418,50;9419,50;2/6/2017 15:59:00;5/6/2017 9:32:00;EntradaCierre;SalidaApertura;$14,24;$477,76;$5,76;$0,00;$0,00;$0,00;$0,00;$15,00;$55,00;$40,76;4;
300;NQ 09-26;Backtest;PROD_Bot_NQ_OvernightDrift_1min_RTH;Long;1;9414,00;9420,50;5/6/2017 15:59:00;6/6/2017 9:32:00;EntradaCierre;SalidaApertura;$124,24;$602,00;$5,76;$0,00;$0,00;$0,00;$0,00;$15,00;$150,00;$25,76;4;
301;NQ 09-26;Backtest;PROD_Bot_NQ_OvernightDrift_1min_RTH;Long;1;9395,25;9402,25;6/6/2017 15:59:00;7/6/2017 9:32:00;EntradaCierre;SalidaApertura;$134,24;$736,24;$5,76;$0,00;$0,00;$0,00;$0,00;$15,00;$175,00;$40,76;4;
302;NQ 09-26;Backtest;PROD_Bot_NQ_OvernightDrift_1min_RTH;Long;1;9269,75;9202,75;9/6/2017 15:59:00;12/6/2017 9:32:00;EntradaCierre;SalidaApertura;$-1345,76;$-609,52;$5,76;$0,00;$0,00;$0,00;$0,00;$1475,00;$25,00;$1370,76;4;
303;NQ 09-26;Backtest;PROD_Bot_NQ_OvernightDrift_1min_RTH;Long;1;9246,50;9272,75;12/6/2017 15:59:00;13/6/2017 9:32:00;EntradaCierre;SalidaApertura;$519,24;$-90,28;$5,76;$0,00;$0,00;$0,00;$0,00;$15,00;$555,00;$35,76;4;
304;NQ 09-26;Backtest;PROD_Bot_NQ_OvernightDrift_1min_RTH;Long;1;9286,00;9286,50;13/6/2017 15:59:00;14/6/2017 9:32:00;EntradaCierre;SalidaApertura;$4,24;$-86,04;$5,76;$0,00;$0,00;$0,00;$0,00;$65,00;$40,00;$35,76;4;
305;NQ 09-26;Backtest;PROD_Bot_NQ_OvernightDrift_1min_RTH;Long;1;9253,75;9174,75;14/6/2017 15:59:00;15/6/2017 9:32:00;EntradaCierre;SalidaApertura;$-1585,76;$-1671,80;$5,76;$0,00;$0,00;$0,00;$0,00;$1650,00;$5,00;$1590,76;4;
306;NQ 09-26;Backtest;PROD_Bot_NQ_OvernightDrift_1min_RTH;Long;1;9235,50;9202,25;15/6/2017 15:59:00;16/6/2017 9:32:00;EntradaCierre;SalidaApertura;$-670,76;$-2342,56;$5,76;$0,00;$0,00;$0,00;$0,00;$720,00;$0,00;$670,76;4;
307;NQ 09-26;Backtest;PROD_Bot_NQ_OvernightDrift_1min_RTH;Long;1;9215,25;9291,75;16/6/2017 15:59:00;19/6/2017 9:32:00;EntradaCierre;SalidaApertura;$1524,24;$-818,32;$5,76;$0,00;$0,00;$0,00;$0,00;$15,00;$1555,00;$30,76;4;
308;NQ 09-26;Backtest;PROD_Bot_NQ_OvernightDrift_1min_RTH;Long;1;9295,00;9287,25;19/6/2017 15:59:00;20/6/2017 9:32:00;EntradaCierre;SalidaApertura;$-160,76;$-979,08;$5,76;$0,00;$0,00;$0,00;$0,00;$180,00;$0,00;$160,76;4;
309;NQ 09-26;Backtest;PROD_Bot_NQ_OvernightDrift_1min_RTH;Long;1;9256,00;9281,00;20/6/2017 15:59:00;21/6/2017 9:32:00;EntradaCierre;SalidaApertura;$494,24;$-484,84;$5,76;$0,00;$0,00;$0,00;$0,00;$5,00;$555,00;$60,76;4;
310;NQ 09-26;Backtest;PROD_Bot_NQ_OvernightDrift_1min_RTH;Long;1;9319,75;9305,50;21/6/2017 15:59:00;22/6/2017 9:32:00;EntradaCierre;SalidaApertura;$-290,76;$-775,60;$5,76;$0,00;$0,00;$0,00;$0,00;$295,00;$10,00;$300,76;4;
311;NQ 09-26;Backtest;PROD_Bot_NQ_OvernightDrift_1min_RTH;Long;1;9309,75;9309,75;22/6/2017 15:59:00;23/6/2017 9:32:00;EntradaCierre;SalidaApertura;$-5,76;$-781,36;$5,76;$0,00;$0,00;$0,00;$0,00;$75,00;$20,00;$25,76;4;
312;NQ 09-26;Backtest;PROD_Bot_NQ_OvernightDrift_1min_RTH;Long;1;9333,50;9349,75;23/6/2017 15:59:00;26/6/2017 9:32:00;EntradaCierre;SalidaApertura;$319,24;$-462,12;$5,76;$0,00;$0,00;$0,00;$0,00;$85,00;$355,00;$35,76;4;
313;NQ 09-26;Backtest;PROD_Bot_NQ_OvernightDrift_1min_RTH;Long;1;9303,00;9273,75;26/6/2017 15:59:00;27/6/2017 9:32:00;EntradaCierre;SalidaApertura;$-590,76;$-1052,88;$5,76;$0,00;$0,00;$0,00;$0,00;$675,00;$20,00;$610,76;4;
314;NQ 09-26;Backtest;PROD_Bot_NQ_OvernightDrift_1min_RTH;Long;1;9197,25;9215,50;27/6/2017 15:59:00;28/6/2017 9:32:00;EntradaCierre;SalidaApertura;$359,24;$-693,64;$5,76;$0,00;$0,00;$0,00;$0,00;$10,00;$405,00;$45,76;4;
315;NQ 09-26;Backtest;PROD_Bot_NQ_OvernightDrift_1min_RTH;Long;1;9291,50;9210,50;28/6/2017 15:59:00;29/6/2017 9:32:00;EntradaCierre;SalidaApertura;$-1625,76;$-2319,40;$5,76;$0,00;$0,00;$0,00;$0,00;$1680,00;$25,00;$1650,76;4;
316;NQ 09-26;Backtest;PROD_Bot_NQ_OvernightDrift_1min_RTH;Long;1;9174,75;9190,50;29/6/2017 15:59:00;30/6/2017 9:32:00;EntradaCierre;SalidaApertura;$309,24;$-2010,16;$5,76;$0,00;$0,00;$0,00;$0,00;$25,00;$350,00;$40,76;4;
317;NQ 09-26;Backtest;PROD_Bot_NQ_OvernightDrift_1min_RTH;Long;1;9180,00;9177,00;30/6/2017 15:59:00;3/7/2017 9:32:00;EntradaCierre;SalidaApertura;$-65,76;$-2075,92;$5,76;$0,00;$0,00;$0,00;$0,00;$135,00;$35,00;$100,76;4;
318;NQ 09-26;Backtest;PROD_Bot_NQ_OvernightDrift_1min_RTH;Long;1;9176,75;9109,25;5/7/2017 15:59:00;6/7/2017 9:32:00;EntradaCierre;SalidaApertura;$-1355,76;$-3431,68;$5,76;$0,00;$0,00;$0,00;$0,00;$1380,00;$10,00;$1365,76;4;
319;NQ 09-26;Backtest;PROD_Bot_NQ_OvernightDrift_1min_RTH;Long;1;9121,50;9167,50;6/7/2017 15:59:00;7/7/2017 9:32:00;EntradaCierre;SalidaApertura;$914,24;$-2517,44;$5,76;$0,00;$0,00;$0,00;$0,00;$10,00;$950,00;$35,76;4;
320;NQ 09-26;Backtest;PROD_Bot_NQ_OvernightDrift_1min_RTH;Long;1;9180,50;9195,25;7/7/2017 15:59:00;10/7/2017 9:32:00;EntradaCierre;SalidaApertura;$289,24;$-2228,20;$5,76;$0,00;$0,00;$0,00;$0,00;$30,00;$305,00;$15,76;4;
321;NQ 09-26;Backtest;PROD_Bot_NQ_OvernightDrift_1min_RTH;Long;1;9217,75;9239,25;10/7/2017 15:59:00;11/7/2017 9:32:00;EntradaCierre;SalidaApertura;$424,24;$-1803,96;$5,76;$0,00;$0,00;$0,00;$0,00;$20,00;$450,00;$25,76;4;
322;NQ 09-26;Backtest;PROD_Bot_NQ_OvernightDrift_1min_RTH;Long;1;9244,25;9288,50;11/7/2017 15:59:00;12/7/2017 9:32:00;EntradaCierre;SalidaApertura;$879,24;$-924,72;$5,76;$0,00;$0,00;$0,00;$0,00;$15,00;$960,00;$80,76;4;
323;NQ 09-26;Backtest;PROD_Bot_NQ_OvernightDrift_1min_RTH;Long;1;9312,75;9306,25;12/7/2017 15:59:00;13/7/2017 9:32:00;EntradaCierre;SalidaApertura;$-135,76;$-1060,48;$5,76;$0,00;$0,00;$0,00;$0,00;$130,00;$5,00;$140,76;4;
324;NQ 09-26;Backtest;PROD_Bot_NQ_OvernightDrift_1min_RTH;Long;1;9323,75;9334,25;13/7/2017 15:59:00;14/7/2017 9:32:00;EntradaCierre;SalidaApertura;$204,24;$-856,24;$5,76;$0,00;$0,00;$0,00;$0,00;$35,00;$225,00;$20,76;4;
325;NQ 09-26;Backtest;PROD_Bot_NQ_OvernightDrift_1min_RTH;Long;1;9370,75;9375,25;14/7/2017 15:59:00;17/7/2017 9:32:00;EntradaCierre;SalidaApertura;$84,24;$-772,00;$5,76;$0,00;$0,00;$0,00;$0,00;$20,00;$115,00;$30,76;4;
326;NQ 09-26;Backtest;PROD_Bot_NQ_OvernightDrift_1min_RTH;Long;1;9383,25;9375,50;17/7/2017 15:59:00;18/7/2017 9:32:00;EntradaCierre;SalidaApertura;$-160,76;$-932,76;$5,76;$0,00;$0,00;$0,00;$0,00;$175,00;$10,00;$170,76;4;
327;NQ 09-26;Backtest;PROD_Bot_NQ_OvernightDrift_1min_RTH;Long;1;9421,50;9428,75;18/7/2017 15:59:00;19/7/2017 9:32:00;EntradaCierre;SalidaApertura;$139,24;$-793,52;$5,76;$0,00;$0,00;$0,00;$0,00;$20,00;$205,00;$65,76;4;
328;NQ 09-26;Backtest;PROD_Bot_NQ_OvernightDrift_1min_RTH;Long;1;9443,75;9440,75;19/7/2017 15:59:00;20/7/2017 9:32:00;EntradaCierre;SalidaApertura;$-65,76;$-859,28;$5,76;$0,00;$0,00;$0,00;$0,00;$65,00;$40,00;$105,76;4;
329;NQ 09-26;Backtest;PROD_Bot_NQ_OvernightDrift_1min_RTH;Long;1;9455,75;9429,50;20/7/2017 15:59:00;21/7/2017 9:32:00;EntradaCierre;SalidaApertura;$-530,76;$-1390,04;$5,76;$0,00;$0,00;$0,00;$0,00;$560,00;$0,00;$530,76;4;
330;NQ 09-26;Backtest;PROD_Bot_NQ_OvernightDrift_1min_RTH;Long;1;9447,00;9442,25;21/7/2017 15:59:00;24/7/2017 9:32:00;EntradaCierre;SalidaApertura;$-100,76;$-1490,80;$5,76;$0,00;$0,00;$0,00;$0,00;$95,00;$5,00;$105,76;4;
331;NQ 09-26;Backtest;PROD_Bot_NQ_OvernightDrift_1min_RTH;Long;1;9450,50;9455,75;24/7/2017 15:59:00;25/7/2017 9:32:00;EntradaCierre;SalidaApertura;$99,24;$-1391,56;$5,76;$0,00;$0,00;$0,00;$0,00;$25,00;$125,00;$25,76;4;
332;NQ 09-26;Backtest;PROD_Bot_NQ_OvernightDrift_1min_RTH;Long;1;9456,75;9473,00;25/7/2017 15:59:00;26/7/2017 9:32:00;EntradaCierre;SalidaApertura;$319,24;$-1072,32;$5,76;$0,00;$0,00;$0,00;$0,00;$15,00;$370,00;$50,76;4;
333;NQ 09-26;Backtest;PROD_Bot_NQ_OvernightDrift_1min_RTH;Long;1;9478,25;9510,25;26/7/2017 15:59:00;27/7/2017 9:32:00;EntradaCierre;SalidaApertura;$634,24;$-438,08;$5,76;$0,00;$0,00;$0,00;$0,00;$25,00;$665,00;$30,76;4;
334;NQ 09-26;Backtest;PROD_Bot_NQ_OvernightDrift_1min_RTH;Long;1;9430,50;9414,00;27/7/2017 15:59:00;28/7/2017 9:32:00;EntradaCierre;SalidaApertura;$-335,76;$-773,84;$5,76;$0,00;$0,00;$0,00;$0,00;$340,00;$20,00;$355,76;4;
335;NQ 09-26;Backtest;PROD_Bot_NQ_OvernightDrift_1min_RTH;Long;1;9438,25;9408,25;28/7/2017 15:59:00;31/7/2017 9:32:00;EntradaCierre;SalidaApertura;$-605,76;$-1379,60;$5,76;$0,00;$0,00;$0,00;$0,00;$615,00;$0,00;$605,76;4;
336;NQ 09-26;Backtest;PROD_Bot_NQ_OvernightDrift_1min_RTH;Long;1;9408,00;9410,25;31/7/2017 15:59:00;1/8/2017 9:32:00;EntradaCierre;SalidaApertura;$39,24;$-1340,36;$5,76;$0,00;$0,00;$0,00;$0,00;$15,00;$65,00;$25,76;4;
337;NQ 09-26;Backtest;PROD_Bot_NQ_OvernightDrift_1min_RTH;Long;1;9455,00;9405,75;1/8/2017 15:59:00;2/8/2017 9:32:00;EntradaCierre;SalidaApertura;$-990,76;$-2331,12;$5,76;$0,00;$0,00;$0,00;$0,00;$1035,00;$5,00;$995,76;4;
338;NQ 09-26;Backtest;PROD_Bot_NQ_OvernightDrift_1min_RTH;Long;1;9438,25;9418,00;2/8/2017 15:59:00;3/8/2017 9:32:00;EntradaCierre;SalidaApertura;$-410,76;$-2741,88;$5,76;$0,00;$0,00;$0,00;$0,00;$420,00;$15,00;$425,76;4;
339;NQ 09-26;Backtest;PROD_Bot_NQ_OvernightDrift_1min_RTH;Long;1;9412,75;9423,25;3/8/2017 15:59:00;4/8/2017 9:32:00;EntradaCierre;SalidaApertura;$204,24;$-2537,64;$5,76;$0,00;$0,00;$0,00;$0,00;$10,00;$275,00;$70,76;4;
340;NQ 09-26;Backtest;PROD_Bot_NQ_OvernightDrift_1min_RTH;Long;1;9421,75;9437,50;4/8/2017 15:59:00;7/8/2017 9:32:00;EntradaCierre;SalidaApertura;$309,24;$-2228,40;$5,76;$0,00;$0,00;$0,00;$0,00;$20,00;$360,00;$50,76;4;
341;NQ 09-26;Backtest;PROD_Bot_NQ_OvernightDrift_1min_RTH;Long;1;9460,75;9448,75;7/8/2017 15:59:00;8/8/2017 9:32:00;EntradaCierre;SalidaApertura;$-245,76;$-2474,16;$5,76;$0,00;$0,00;$0,00;$0,00;$240,00;$10,00;$255,76;4;
342;NQ 09-26;Backtest;PROD_Bot_NQ_OvernightDrift_1min_RTH;Long;1;9439,75;9414,25;8/8/2017 15:59:00;9/8/2017 9:32:00;EntradaCierre;SalidaApertura;$-515,76;$-2989,92;$5,76;$0,00;$0,00;$0,00;$0,00;$590,00;$0,00;$515,76;4;
343;NQ 09-26;Backtest;PROD_Bot_NQ_OvernightDrift_1min_RTH;Long;1;9448,00;9381,50;9/8/2017 15:59:00;10/8/2017 9:32:00;EntradaCierre;SalidaApertura;$-1335,76;$-4325,68;$5,76;$0,00;$0,00;$0,00;$0,00;$1350,00;$0,00;$1335,76;4;
344;NQ 09-26;Backtest;PROD_Bot_NQ_OvernightDrift_1min_RTH;Long;1;9297,50;9344,75;10/8/2017 15:59:00;11/8/2017 9:32:00;EntradaCierre;SalidaApertura;$939,24;$-3386,44;$5,76;$0,00;$0,00;$0,00;$0,00;$40,00;$975,00;$35,76;4;
345;NQ 09-26;Backtest;PROD_Bot_NQ_OvernightDrift_1min_RTH;Long;1;9362,00;9424,50;11/8/2017 15:59:00;14/8/2017 9:32:00;EntradaCierre;SalidaApertura;$1244,24;$-2142,20;$5,76;$0,00;$0,00;$0,00;$0,00;$20,00;$1270,00;$25,76;4;
346;NQ 09-26;Backtest;PROD_Bot_NQ_OvernightDrift_1min_RTH;Long;1;9439,00;9426,50;14/8/2017 15:59:00;15/8/2017 9:32:00;EntradaCierre;SalidaApertura;$-255,76;$-2397,96;$5,76;$0,00;$0,00;$0,00;$0,00;$250,00;$0,00;$255,76;4;
347;NQ 09-26;Backtest;PROD_Bot_NQ_OvernightDrift_1min_RTH;Long;1;9438,25;9444,50;15/8/2017 15:59:00;16/8/2017 9:32:00;EntradaCierre;SalidaApertura;$119,24;$-2278,72;$5,76;$0,00;$0,00;$0,00;$0,00;$20,00;$190,00;$70,76;4;
348;NQ 09-26;Backtest;PROD_Bot_NQ_OvernightDrift_1min_RTH;Long;1;9444,00;9389,25;16/8/2017 15:59:00;17/8/2017 9:32:00;EntradaCierre;SalidaApertura;$-1100,76;$-3379,48;$5,76;$0,00;$0,00;$0,00;$0,00;$1260,00;$15,00;$1115,76;4;
349;NQ 09-26;Backtest;PROD_Bot_NQ_OvernightDrift_1min_RTH;Long;1;9317,00;9320,25;17/8/2017 15:59:00;18/8/2017 9:32:00;EntradaCierre;SalidaApertura;$59,24;$-3320,24;$5,76;$0,00;$0,00;$0,00;$0,00;$30,00;$165,00;$105,76;4;
350;NQ 09-26;Backtest;PROD_Bot_NQ_OvernightDrift_1min_RTH;Long;1;9321,75;9286,50;18/8/2017 15:59:00;21/8/2017 9:32:00;EntradaCierre;SalidaApertura;$-710,76;$-4031,00;$5,76;$0,00;$0,00;$0,00;$0,00;$765,00;$30,00;$740,76;4;
351;NQ 09-26;Backtest;PROD_Bot_NQ_OvernightDrift_1min_RTH;Long;1;9320,00;9376,25;21/8/2017 15:59:00;22/8/2017 9:32:00;EntradaCierre;SalidaApertura;$1119,24;$-2911,76;$5,76;$0,00;$0,00;$0,00;$0,00;$15,00;$1150,00;$30,76;4;
352;NQ 09-26;Backtest;PROD_Bot_NQ_OvernightDrift_1min_RTH;Long;1;9404,50;9372,25;22/8/2017 15:59:00;23/8/2017 9:32:00;EntradaCierre;SalidaApertura;$-650,76;$-3562,52;$5,76;$0,00;$0,00;$0,00;$0,00;$645,00;$0,00;$650,76;4;
353;NQ 09-26;Backtest;PROD_Bot_NQ_OvernightDrift_1min_RTH;Long;1;9367,25;9366,25;23/8/2017 15:59:00;24/8/2017 9:32:00;EntradaCierre;SalidaApertura;$-25,76;$-3588,28;$5,76;$0,00;$0,00;$0,00;$0,00;$60,00;$15,00;$40,76;4;
354;NQ 09-26;Backtest;PROD_Bot_NQ_OvernightDrift_1min_RTH;Long;1;9370,25;9386,25;24/8/2017 15:59:00;25/8/2017 9:32:00;EntradaCierre;SalidaApertura;$314,24;$-3274,04;$5,76;$0,00;$0,00;$0,00;$0,00;$15,00;$350,00;$35,76;4;
355;NQ 09-26;Backtest;PROD_Bot_NQ_OvernightDrift_1min_RTH;Long;1;9348,25;9358,50;25/8/2017 15:59:00;28/8/2017 9:32:00;EntradaCierre;SalidaApertura;$199,24;$-3074,80;$5,76;$0,00;$0,00;$0,00;$0,00;$10,00;$270,00;$70,76;4;
356;NQ 09-26;Backtest;PROD_Bot_NQ_OvernightDrift_1min_RTH;Long;1;9371,50;9361,00;28/8/2017 15:59:00;29/8/2017 9:32:00;EntradaCierre;SalidaApertura;$-215,76;$-3290,56;$5,76;$0,00;$0,00;$0,00;$0,00;$345,00;$0,00;$215,76;4;
357;NQ 09-26;Backtest;PROD_Bot_NQ_OvernightDrift_1min_RTH;Long;1;9394,50;9418,75;29/8/2017 15:59:00;30/8/2017 9:32:00;EntradaCierre;SalidaApertura;$479,24;$-2811,32;$5,76;$0,00;$0,00;$0,00;$0,00;$25,00;$510,00;$30,76;4;
358;NQ 09-26;Backtest;PROD_Bot_NQ_OvernightDrift_1min_RTH;Long;1;9460,00;9494,25;30/8/2017 15:59:00;31/8/2017 9:32:00;EntradaCierre;SalidaApertura;$679,24;$-2132,08;$5,76;$0,00;$0,00;$0,00;$0,00;$20,00;$750,00;$70,76;4;
359;NQ 09-26;Backtest;PROD_Bot_NQ_OvernightDrift_1min_RTH;Long;1;9520,25;9511,50;31/8/2017 15:59:00;1/9/2017 9:32:00;EntradaCierre;SalidaApertura;$-180,76;$-2312,84;$5,76;$0,00;$0,00;$0,00;$0,00;$180,00;$5,00;$185,76;4;
360;NQ 09-26;Backtest;PROD_Bot_NQ_OvernightDrift_1min_RTH;Long;1;9513,25;9496,75;1/9/2017 15:59:00;4/9/2017 9:32:00;EntradaCierre;SalidaApertura;$-335,76;$-2648,60;$5,76;$0,00;$0,00;$0,00;$0,00;$340,00;$0,00;$335,76;4;
361;NQ 09-26;Backtest;PROD_Bot_NQ_OvernightDrift_1min_RTH;Long;1;9467,25;9455,25;5/9/2017 15:59:00;6/9/2017 9:32:00;EntradaCierre;SalidaApertura;$-245,76;$-2894,36;$5,76;$0,00;$0,00;$0,00;$0,00;$255,00;$0,00;$245,76;4;
362;NQ 09-26;Backtest;PROD_Bot_NQ_OvernightDrift_1min_RTH;Long;1;9477,50;9476,00;6/9/2017 15:59:00;7/9/2017 9:32:00;EntradaCierre;SalidaApertura;$-35,76;$-2930,12;$5,76;$0,00;$0,00;$0,00;$0,00;$30,00;$15,00;$50,76;4;
363;NQ 09-26;Backtest;PROD_Bot_NQ_OvernightDrift_1min_RTH;Long;1;9442,00;9511,00;8/9/2017 15:59:00;11/9/2017 9:32:00;EntradaCierre;SalidaApertura;$1374,24;$-1555,88;$5,76;$0,00;$0,00;$0,00;$0,00;$10,00;$1405,00;$30,76;4;
364;NQ 09-26;Backtest;PROD_Bot_NQ_OvernightDrift_1min_RTH;Long;1;9509,75;9503,50;11/9/2017 15:59:00;12/9/2017 9:32:00;EntradaCierre;SalidaApertura;$-130,76;$-1686,64;$5,76;$0,00;$0,00;$0,00;$0,00;$125,00;$5,00;$135,76;4;
365;NQ 09-26;Backtest;PROD_Bot_NQ_OvernightDrift_1min_RTH;Long;1;9525,50;9515,75;12/9/2017 15:59:00;13/9/2017 9:32:00;EntradaCierre;SalidaApertura;$-200,76;$-1887,40;$5,76;$0,00;$0,00;$0,00;$0,00;$230,00;$0,00;$200,76;4;
366;NQ 09-26;Backtest;PROD_Bot_NQ_OvernightDrift_1min_RTH;Long;1;9527,50;9502,50;13/9/2017 15:59:00;14/9/2017 9:32:00;EntradaCierre;SalidaApertura;$-505,76;$-2393,16;$5,76;$0,00;$0,00;$0,00;$0,00;$520,00;$0,00;$505,76;4;
367;NQ 09-26;Backtest;PROD_Bot_NQ_OvernightDrift_1min_RTH;Long;1;9487,75;9494,00;14/9/2017 15:59:00;15/9/2017 9:32:00;EntradaCierre;SalidaApertura;$119,24;$-2273,92;$5,76;$0,00;$0,00;$0,00;$0,00;$15,00;$155,00;$35,76;4;
368;NQ 09-26;Backtest;PROD_Bot_NQ_OvernightDrift_1min_RTH;Long;1;9515,00;9525,50;15/9/2017 15:59:00;18/9/2017 9:32:00;EntradaCierre;SalidaApertura;$204,24;$-2069,68;$5,76;$0,00;$0,00;$0,00;$0,00;$35,00;$250,00;$45,76;4;
369;NQ 09-26;Backtest;PROD_Bot_NQ_OvernightDrift_1min_RTH;Long;1;9505,25;9509,25;18/9/2017 15:59:00;19/9/2017 9:32:00;EntradaCierre;SalidaApertura;$74,24;$-1995,44;$5,76;$0,00;$0,00;$0,00;$0,00;$15,00;$110,00;$35,76;4;
370;NQ 09-26;Backtest;PROD_Bot_NQ_OvernightDrift_1min_RTH;Long;1;9511,75;9503,75;19/9/2017 15:59:00;20/9/2017 9:32:00;EntradaCierre;SalidaApertura;$-165,76;$-2161,20;$5,76;$0,00;$0,00;$0,00;$0,00;$185,00;$0,00;$165,76;4;
371;NQ 09-26;Backtest;PROD_Bot_NQ_OvernightDrift_1min_RTH;Long;1;9494,25;9440,00;20/9/2017 15:59:00;21/9/2017 9:32:00;EntradaCierre;SalidaApertura;$-1090,76;$-3251,96;$5,76;$0,00;$0,00;$0,00;$0,00;$1085,00;$5,00;$1095,76;4;
372;NQ 09-26;Backtest;PROD_Bot_NQ_OvernightDrift_1min_RTH;Long;1;9461,50;9453,50;21/9/2017 15:59:00;22/9/2017 9:32:00;EntradaCierre;SalidaApertura;$-165,76;$-3417,72;$5,76;$0,00;$0,00;$0,00;$0,00;$175,00;$10,00;$175,76;4;
373;NQ 09-26;Backtest;PROD_Bot_NQ_OvernightDrift_1min_RTH;Long;1;9451,75;9410,25;22/9/2017 15:59:00;25/9/2017 9:32:00;EntradaCierre;SalidaApertura;$-835,76;$-4253,48;$5,76;$0,00;$0,00;$0,00;$0,00;$835,00;$25,00;$860,76;4;
374;NQ 09-26;Backtest;PROD_Bot_NQ_OvernightDrift_1min_RTH;Long;1;9395,75;9418,00;25/9/2017 15:59:00;26/9/2017 9:32:00;EntradaCierre;SalidaApertura;$439,24;$-3814,24;$5,76;$0,00;$0,00;$0,00;$0,00;$10,00;$460,00;$20,76;4;
375;NQ 09-26;Backtest;PROD_Bot_NQ_OvernightDrift_1min_RTH;Long;1;9406,50;9436,25;26/9/2017 15:59:00;27/9/2017 9:32:00;EntradaCierre;SalidaApertura;$589,24;$-3225,00;$5,76;$0,00;$0,00;$0,00;$0,00;$10,00;$630,00;$40,76;4;
376;NQ 09-26;Backtest;PROD_Bot_NQ_OvernightDrift_1min_RTH;Long;1;9454,50;9451,75;27/9/2017 15:59:00;28/9/2017 9:32:00;EntradaCierre;SalidaApertura;$-60,76;$-3285,76;$5,76;$0,00;$0,00;$0,00;$0,00;$55,00;$15,00;$75,76;4;
377;NQ 09-26;Backtest;PROD_Bot_NQ_OvernightDrift_1min_RTH;Long;1;9457,75;9465,00;28/9/2017 15:59:00;29/9/2017 9:32:00;EntradaCierre;SalidaApertura;$139,24;$-3146,52;$5,76;$0,00;$0,00;$0,00;$0,00;$30,00;$185,00;$45,76;4;
378;NQ 09-26;Backtest;PROD_Bot_NQ_OvernightDrift_1min_RTH;Long;1;9496,50;9519,25;29/9/2017 15:59:00;2/10/2017 9:32:00;EntradaCierre;SalidaApertura;$449,24;$-2697,28;$5,76;$0,00;$0,00;$0,00;$0,00;$15,00;$500,00;$50,76;4;
379;NQ 09-26;Backtest;PROD_Bot_NQ_OvernightDrift_1min_RTH;Long;1;9502,50;9503,75;2/10/2017 15:59:00;3/10/2017 9:32:00;EntradaCierre;SalidaApertura;$19,24;$-2678,04;$5,76;$0,00;$0,00;$0,00;$0,00;$15,00;$45,00;$25,76;4;
380;NQ 09-26;Backtest;PROD_Bot_NQ_OvernightDrift_1min_RTH;Long;1;9515,25;9509,50;3/10/2017 15:59:00;4/10/2017 9:32:00;EntradaCierre;SalidaApertura;$-120,76;$-2798,80;$5,76;$0,00;$0,00;$0,00;$0,00;$220,00;$5,00;$125,76;4;
381;NQ 09-26;Backtest;PROD_Bot_NQ_OvernightDrift_1min_RTH;Long;1;9521,75;9536,50;4/10/2017 15:59:00;5/10/2017 9:32:00;EntradaCierre;SalidaApertura;$289,24;$-2509,56;$5,76;$0,00;$0,00;$0,00;$0,00;$15,00;$410,00;$120,76;5;
382;NQ 09-26;Backtest;PROD_Bot_NQ_OvernightDrift_1min_RTH;Long;1;9615,25;9632,25;19/10/2017 15:59:00;20/10/2017 9:32:00;EntradaCierre;SalidaApertura;$334,24;$-2175,32;$5,76;$0,00;$0,00;$0,00;$0,00;$10,00;$355,00;$20,76;4;
383;NQ 09-26;Backtest;PROD_Bot_NQ_OvernightDrift_1min_RTH;Long;1;9627,50;9612,25;20/10/2017 15:59:00;23/10/2017 9:32:00;EntradaCierre;SalidaApertura;$-310,76;$-2486,08;$5,76;$0,00;$0,00;$0,00;$0,00;$305,00;$15,00;$325,76;4;
384;NQ 09-26;Backtest;PROD_Bot_NQ_OvernightDrift_1min_RTH;Long;1;9581,75;9593,50;23/10/2017 15:59:00;24/10/2017 9:32:00;EntradaCierre;SalidaApertura;$229,24;$-2256,84;$5,76;$0,00;$0,00;$0,00;$0,00;$15,00;$250,00;$20,76;4;
385;NQ 09-26;Backtest;PROD_Bot_NQ_OvernightDrift_1min_RTH;Long;1;9590,00;9590,00;24/10/2017 15:59:00;25/10/2017 9:32:00;EntradaCierre;SalidaApertura;$-5,76;$-2262,60;$5,76;$0,00;$0,00;$0,00;$0,00;$5,00;$50,00;$55,76;4;
386;NQ 09-26;Backtest;PROD_Bot_NQ_OvernightDrift_1min_RTH;Long;1;9582,25;9564,00;25/10/2017 15:59:00;26/10/2017 9:32:00;EntradaCierre;SalidaApertura;$-370,76;$-2633,36;$5,76;$0,00;$0,00;$0,00;$0,00;$375,00;$20,00;$390,76;4;
387;NQ 09-26;Backtest;PROD_Bot_NQ_OvernightDrift_1min_RTH;Long;1;9605,50;9684,00;26/10/2017 15:59:00;27/10/2017 9:32:00;EntradaCierre;SalidaApertura;$1564,24;$-1069,12;$5,76;$0,00;$0,00;$0,00;$0,00;$35,00;$1615,00;$50,76;4;
388;NQ 09-26;Backtest;PROD_Bot_NQ_OvernightDrift_1min_RTH;Long;1;9733,50;9763,00;27/10/2017 15:59:00;30/10/2017 9:32:00;EntradaCierre;SalidaApertura;$584,24;$-484,88;$5,76;$0,00;$0,00;$0,00;$0,00;$60,00;$625,00;$40,76;4;
389;NQ 09-26;Backtest;PROD_Bot_NQ_OvernightDrift_1min_RTH;Long;1;9738,00;9752,00;30/10/2017 15:59:00;31/10/2017 9:32:00;EntradaCierre;SalidaApertura;$274,24;$-210,64;$5,76;$0,00;$0,00;$0,00;$0,00;$20,00;$370,00;$95,76;4;
390;NQ 09-26;Backtest;PROD_Bot_NQ_OvernightDrift_1min_RTH;Long;1;9769,00;9775,00;31/10/2017 15:59:00;1/11/2017 9:32:00;EntradaCierre;SalidaApertura;$114,24;$-96,40;$5,76;$0,00;$0,00;$0,00;$0,00;$35,00;$150,00;$35,76;4;
391;NQ 09-26;Backtest;PROD_Bot_NQ_OvernightDrift_1min_RTH;Long;1;9753,00;9735,50;1/11/2017 15:59:00;2/11/2017 9:32:00;EntradaCierre;SalidaApertura;$-355,76;$-452,16;$5,76;$0,00;$0,00;$0,00;$0,00;$360,00;$0,00;$355,76;4;
392;NQ 09-26;Backtest;PROD_Bot_NQ_OvernightDrift_1min_RTH;Long;1;9777,25;9765,00;2/11/2017 15:59:00;3/11/2017 9:32:00;EntradaCierre;SalidaApertura;$-250,76;$-702,92;$5,76;$0,00;$0,00;$0,00;$0,00;$335,00;$5,00;$255,76;4;
393;NQ 09-26;Backtest;PROD_Bot_NQ_OvernightDrift_1min_RTH;Long;1;9806,25;9808,25;3/11/2017 15:59:00;6/11/2017 9:32:00;EntradaCierre;SalidaApertura;$34,24;$-668,68;$5,76;$0,00;$0,00;$0,00;$0,00;$50,00;$50,00;$15,76;4;
394;NQ 09-26;Backtest;PROD_Bot_NQ_OvernightDrift_1min_RTH;Long;1;9832,25;9828,00;6/11/2017 15:59:00;7/11/2017 9:32:00;EntradaCierre;SalidaApertura;$-90,76;$-759,44;$5,76;$0,00;$0,00;$0,00;$0,00;$140,00;$15,00;$105,76;49;
395;NQ 09-26;Backtest;PROD_Bot_NQ_OvernightDrift_1min_RTH;Long;1;9832,25;9837,75;7/11/2017 16:59:00;8/11/2017 9:32:00;EntradaCierre;SalidaApertura;$104,24;$-655,20;$5,76;$0,00;$0,00;$0,00;$0,00;$30,00;$140,00;$35,76;4;
396;NQ 09-26;Backtest;PROD_Bot_NQ_OvernightDrift_1min_RTH;Long;1;9858,00;9811,50;8/11/2017 16:59:00;9/11/2017 9:32:00;EntradaCierre;SalidaApertura;$-935,76;$-1590,96;$5,76;$0,00;$0,00;$0,00;$0,00;$1010,00;$15,00;$950,76;4;
397;NQ 09-26;Backtest;PROD_Bot_NQ_OvernightDrift_1min_RTH;Long;1;9830,00;9817,25;9/11/2017 16:59:00;10/11/2017 9:32:00;EntradaCierre;SalidaApertura;$-260,76;$-1851,72;$5,76;$0,00;$0,00;$0,00;$0,00;$370,00;$10,00;$270,76;4;
398;NQ 09-26;Backtest;PROD_Bot_NQ_OvernightDrift_1min_RTH;Long;1;9823,75;9807,00;10/11/2017 16:59:00;13/11/2017 9:32:00;EntradaCierre;SalidaApertura;$-340,76;$-2192,48;$5,76;$0,00;$0,00;$0,00;$0,00;$440,00;$15,00;$355,76;4;
399;NQ 09-26;Backtest;PROD_Bot_NQ_OvernightDrift_1min_RTH;Long;1;9829,00;9813,25;13/11/2017 16:59:00;14/11/2017 9:32:00;EntradaCierre;SalidaApertura;$-320,76;$-2513,24;$5,76;$0,00;$0,00;$0,00;$0,00;$405,00;$20,00;$340,76;4;
400;NQ 09-26;Backtest;PROD_Bot_NQ_OvernightDrift_1min_RTH;Long;1;9811,00;9779,00;14/11/2017 16:59:00;15/11/2017 9:32:00;EntradaCierre;SalidaApertura;$-645,76;$-3159,00;$5,76;$0,00;$0,00;$0,00;$0,00;$640,00;$0,00;$645,76;4;
401;NQ 09-26;Backtest;PROD_Bot_NQ_OvernightDrift_1min_RTH;Long;1;9781,00;9816,50;15/11/2017 16:59:00;16/11/2017 9:32:00;EntradaCierre;SalidaApertura;$704,24;$-2454,76;$5,76;$0,00;$0,00;$0,00;$0,00;$10,00;$725,00;$20,76;4;
402;NQ 09-26;Backtest;PROD_Bot_NQ_OvernightDrift_1min_RTH;Long;1;9863,50;9860,00;16/11/2017 16:59:00;17/11/2017 9:32:00;EntradaCierre;SalidaApertura;$-75,76;$-2530,52;$5,76;$0,00;$0,00;$0,00;$0,00;$70,00;$50,00;$125,76;4;
403;NQ 09-26;Backtest;PROD_Bot_NQ_OvernightDrift_1min_RTH;Long;1;9828,00;9835,25;17/11/2017 16:59:00;20/11/2017 9:32:00;EntradaCierre;SalidaApertura;$139,24;$-2391,28;$5,76;$0,00;$0,00;$0,00;$0,00;$30,00;$265,00;$125,76;4;
404;NQ 09-26;Backtest;PROD_Bot_NQ_OvernightDrift_1min_RTH;Long;1;9834,25;9859,25;20/11/2017 16:59:00;21/11/2017 9:32:00;EntradaCierre;SalidaApertura;$494,24;$-1897,04;$5,76;$0,00;$0,00;$0,00;$0,00;$20,00;$530,00;$35,76;4;
405;NQ 09-26;Backtest;PROD_Bot_NQ_OvernightDrift_1min_RTH;Long;1;9896,00;9904,25;21/11/2017 16:59:00;22/11/2017 9:32:00;EntradaCierre;SalidaApertura;$159,24;$-1737,80;$5,76;$0,00;$0,00;$0,00;$0,00;$20,00;$185,00;$25,76;4;
406;NQ 09-26;Backtest;PROD_Bot_NQ_OvernightDrift_1min_RTH;Long;1;9904,75;9905,25;22/11/2017 16:59:00;23/11/2017 9:32:00;EntradaCierre;SalidaApertura;$4,24;$-1733,56;$5,76;$0,00;$0,00;$0,00;$0,00;$20,00;$40,00;$35,76;4;
407;NQ 09-26;Backtest;PROD_Bot_NQ_OvernightDrift_1min_RTH;Long;1;9931,00;9936,75;27/11/2017 16:59:00;28/11/2017 9:32:00;EntradaCierre;SalidaApertura;$109,24;$-1624,32;$5,76;$0,00;$0,00;$0,00;$0,00;$15,00;$200,00;$90,76;4;
408;NQ 09-26;Backtest;PROD_Bot_NQ_OvernightDrift_1min_RTH;Long;1;9941,25;9932,75;28/11/2017 16:59:00;29/11/2017 9:32:00;EntradaCierre;SalidaApertura;$-175,76;$-1800,08;$5,76;$0,00;$0,00;$0,00;$0,00;$175,00;$0,00;$175,76;4;
409;NQ 09-26;Backtest;PROD_Bot_NQ_OvernightDrift_1min_RTH;Long;1;9822,25;9854,75;29/11/2017 16:59:00;30/11/2017 9:32:00;EntradaCierre;SalidaApertura;$644,24;$-1155,84;$5,76;$0,00;$0,00;$0,00;$0,00;$30,00;$710,00;$65,76;4;
410;NQ 09-26;Backtest;PROD_Bot_NQ_OvernightDrift_1min_RTH;Long;1;9872,75;9847,75;30/11/2017 16:59:00;1/12/2017 9:32:00;EntradaCierre;SalidaApertura;$-505,76;$-1661,60;$5,76;$0,00;$0,00;$0,00;$0,00;$640,00;$0,00;$505,76;4;
411;NQ 09-26;Backtest;PROD_Bot_NQ_OvernightDrift_1min_RTH;Long;1;9858,25;9897,50;1/12/2017 16:59:00;4/12/2017 9:32:00;EntradaCierre;SalidaApertura;$779,24;$-882,36;$5,76;$0,00;$0,00;$0,00;$0,00;$10,00;$870,00;$90,76;4;
412;NQ 09-26;Backtest;PROD_Bot_NQ_OvernightDrift_1min_RTH;Long;1;9779,75;9757,25;4/12/2017 16:59:00;5/12/2017 9:32:00;EntradaCierre;SalidaApertura;$-455,76;$-1338,12;$5,76;$0,00;$0,00;$0,00;$0,00;$460,00;$0,00;$455,76;4;
413;NQ 09-26;Backtest;PROD_Bot_NQ_OvernightDrift_1min_RTH;Long;1;9787,00;9758,50;5/12/2017 16:59:00;6/12/2017 9:32:00;EntradaCierre;SalidaApertura;$-575,76;$-1913,88;$5,76;$0,00;$0,00;$0,00;$0,00;$650,00;$0,00;$575,76;4;
414;NQ 09-26;Backtest;PROD_Bot_NQ_OvernightDrift_1min_RTH;Long;1;9817,75;9822,25;6/12/2017 16:59:00;7/12/2017 9:32:00;EntradaCierre;SalidaApertura;$84,24;$-1829,64;$5,76;$0,00;$0,00;$0,00;$0,00;$135,00;$125,00;$40,76;4;
415;NQ 09-26;Backtest;PROD_Bot_NQ_OvernightDrift_1min_RTH;Long;1;9841,50;9882,50;7/12/2017 16:59:00;8/12/2017 9:32:00;EntradaCierre;SalidaApertura;$814,24;$-1015,40;$5,76;$0,00;$0,00;$0,00;$0,00;$10,00;$850,00;$35,76;4;
416;NQ 09-26;Backtest;PROD_Bot_NQ_OvernightDrift_1min_RTH;Long;1;9859,25;9868,50;8/12/2017 16:59:00;11/12/2017 9:32:00;EntradaCierre;SalidaApertura;$179,24;$-836,16;$5,76;$0,00;$0,00;$0,00;$0,00;$15,00;$210,00;$30,76;4;
417;NQ 09-26;Backtest;PROD_Bot_NQ_OvernightDrift_1min_RTH;Long;1;9921,50;9906,00;11/12/2017 16:59:00;12/12/2017 9:32:00;EntradaCierre;SalidaApertura;$-315,76;$-1151,92;$5,76;$0,00;$0,00;$0,00;$0,00;$345,00;$0,00;$315,76;4;
418;NQ 09-26;Backtest;PROD_Bot_NQ_OvernightDrift_1min_RTH;Long;1;9901,25;9926,75;12/12/2017 16:59:00;13/12/2017 9:32:00;EntradaCierre;SalidaApertura;$504,24;$-647,68;$5,76;$0,00;$0,00;$0,00;$0,00;$25,00;$530,00;$25,76;4;
419;NQ 09-26;Backtest;PROD_Bot_NQ_OvernightDrift_1min_RTH;Long;1;9916,25;9922,75;13/12/2017 16:59:00;14/12/2017 9:32:00;EntradaCierre;SalidaApertura;$124,24;$-523,44;$5,76;$0,00;$0,00;$0,00;$0,00;$15,00;$195,00;$70,76;4;
420;NQ 09-26;Backtest;PROD_Bot_NQ_OvernightDrift_1min_RTH;Long;1;9902,25;9932,00;14/12/2017 16:59:00;15/12/2017 9:32:00;EntradaCierre;SalidaApertura;$589,24;$65,80;$5,76;$0,00;$0,00;$0,00;$0,00;$40,00;$640,00;$50,76;4;
421;NQ 09-26;Backtest;PROD_Bot_NQ_OvernightDrift_1min_RTH;Long;1;9997,00;10016,25;15/12/2017 16:59:00;18/12/2017 9:32:00;EntradaCierre;SalidaApertura;$379,24;$445,04;$5,76;$0,00;$0,00;$0,00;$0,00;$15,00;$515,00;$135,76;4;
422;NQ 09-26;Backtest;PROD_Bot_NQ_OvernightDrift_1min_RTH;Long;1;10033,25;10021,25;18/12/2017 16:59:00;19/12/2017 9:32:00;EntradaCierre;SalidaApertura;$-245,76;$199,28;$5,76;$0,00;$0,00;$0,00;$0,00;$245,00;$10,00;$255,76;4;
423;NQ 09-26;Backtest;PROD_Bot_NQ_OvernightDrift_1min_RTH;Long;1;10002,00;10013,00;19/12/2017 16:59:00;20/12/2017 9:32:00;EntradaCierre;SalidaApertura;$214,24;$413,52;$5,76;$0,00;$0,00;$0,00;$0,00;$35,00;$350,00;$135,76;4;
424;NQ 09-26;Backtest;PROD_Bot_NQ_OvernightDrift_1min_RTH;Long;1;9983,00;9995,75;20/12/2017 16:59:00;21/12/2017 9:32:00;EntradaCierre;SalidaApertura;$249,24;$662,76;$5,76;$0,00;$0,00;$0,00;$0,00;$20,00;$295,00;$45,76;4;
425;NQ 09-26;Backtest;PROD_Bot_NQ_OvernightDrift_1min_RTH;Long;1;9988,00;9976,75;21/12/2017 16:59:00;22/12/2017 9:32:00;EntradaCierre;SalidaApertura;$-230,76;$432,00;$5,76;$0,00;$0,00;$0,00;$0,00;$235,00;$0,00;$230,76;4;
426;NQ 09-26;Backtest;PROD_Bot_NQ_OvernightDrift_1min_RTH;Long;1;9981,75;9952,75;22/12/2017 16:59:00;26/12/2017 9:32:00;EntradaCierre;SalidaApertura;$-585,76;$-153,76;$5,76;$0,00;$0,00;$0,00;$0,00;$655,00;$0,00;$585,76;4;
427;NQ 09-26;Backtest;PROD_Bot_NQ_OvernightDrift_1min_RTH;Long;1;9958,00;9959,50;26/12/2017 16:59:00;27/12/2017 9:32:00;EntradaCierre;SalidaApertura;$24,24;$-129,52;$5,76;$0,00;$0,00;$0,00;$0,00;$40,00;$80,00;$55,76;4;
428;NQ 09-26;Backtest;PROD_Bot_NQ_OvernightDrift_1min_RTH;Long;1;9942,75;9951,00;28/12/2017 16:59:00;29/12/2017 9:32:00;EntradaCierre;SalidaApertura;$159,24;$29,72;$5,76;$0,00;$0,00;$0,00;$0,00;$20,00;$260,00;$100,76;4;
429;NQ 09-26;Backtest;PROD_Bot_NQ_OvernightDrift_1min_RTH;Long;1;9883,75;9939,00;29/12/2017 16:59:00;2/1/2018 9:32:00;EntradaCierre;SalidaApertura;$1099,24;$1128,96;$5,76;$0,00;$0,00;$0,00;$0,00;$40,00;$1180,00;$80,76;4;
430;NQ 09-26;Backtest;PROD_Bot_NQ_OvernightDrift_1min_RTH;Long;1;10013,00;10026,00;2/1/2018 16:59:00;3/1/2018 9:32:00;EntradaCierre;SalidaApertura;$254,24;$1383,20;$5,76;$0,00;$0,00;$0,00;$0,00;$20,00;$280,00;$25,76;4;
431;NQ 09-26;Backtest;PROD_Bot_NQ_OvernightDrift_1min_RTH;Long;1;10080,25;10103,25;3/1/2018 16:59:00;4/1/2018 9:32:00;EntradaCierre;SalidaApertura;$454,24;$1837,44;$5,76;$0,00;$0,00;$0,00;$0,00;$30,00;$535,00;$80,76;4;
432;NQ 09-26;Backtest;PROD_Bot_NQ_OvernightDrift_1min_RTH;Long;1;10104,25;10120,00;4/1/2018 16:59:00;5/1/2018 9:32:00;EntradaCierre;SalidaApertura;$309,24;$2146,68;$5,76;$0,00;$0,00;$0,00;$0,00;$30,00;$420,00;$110,76;4;
433;NQ 09-26;Backtest;PROD_Bot_NQ_OvernightDrift_1min_RTH;Long;1;10164,50;10159,50;5/1/2018 16:59:00;8/1/2018 9:32:00;EntradaCierre;SalidaApertura;$-105,76;$2040,92;$5,76;$0,00;$0,00;$0,00;$0,00;$135,00;$15,00;$120,76;4;
434;NQ 09-26;Backtest;PROD_Bot_NQ_OvernightDrift_1min_RTH;Long;1;10187,25;10198,50;8/1/2018 16:59:00;9/1/2018 9:32:00;EntradaCierre;SalidaApertura;$219,24;$2260,16;$5,76;$0,00;$0,00;$0,00;$0,00;$30,00;$250,00;$30,76;4;
435;NQ 09-26;Backtest;PROD_Bot_NQ_OvernightDrift_1min_RTH;Long;1;10178,50;10146,75;9/1/2018 16:59:00;10/1/2018 9:32:00;EntradaCierre;SalidaApertura;$-640,76;$1619,40;$5,76;$0,00;$0,00;$0,00;$0,00;$665,00;$15,00;$655,76;4;
436;NQ 09-26;Backtest;PROD_Bot_NQ_OvernightDrift_1min_RTH;Long;1;10174,50;10182,50;10/1/2018 16:59:00;11/1/2018 9:32:00;EntradaCierre;SalidaApertura;$154,24;$1773,64;$5,76;$0,00;$0,00;$0,00;$0,00;$20,00;$180,00;$25,76;4;
437;NQ 09-26;Backtest;PROD_Bot_NQ_OvernightDrift_1min_RTH;Long;1;10222,25;10203,25;11/1/2018 16:59:00;12/1/2018 9:32:00;EntradaCierre;SalidaApertura;$-385,76;$1387,88;$5,76;$0,00;$0,00;$0,00;$0,00;$425,00;$0,00;$385,76;4;
438;NQ 09-26;Backtest;PROD_Bot_NQ_OvernightDrift_1min_RTH;Long;1;10271,75;10275,25;12/1/2018 16:59:00;15/1/2018 9:32:00;EntradaCierre;SalidaApertura;$64,24;$1452,12;$5,76;$0,00;$0,00;$0,00;$0,00;$40,00;$135,00;$70,76;4;
439;NQ 09-26;Backtest;PROD_Bot_NQ_OvernightDrift_1min_RTH;Long;1;10261,50;10276,00;16/1/2018 16:59:00;17/1/2018 9:32:00;EntradaCierre;SalidaApertura;$284,24;$1736,36;$5,76;$0,00;$0,00;$0,00;$0,00;$65,00;$370,00;$85,76;4;
440;NQ 09-26;Backtest;PROD_Bot_NQ_OvernightDrift_1min_RTH;Long;1;10319,00;10309,00;17/1/2018 16:59:00;18/1/2018 9:32:00;EntradaCierre;SalidaApertura;$-205,76;$1530,60;$5,76;$0,00;$0,00;$0,00;$0,00;$245,00;$5,00;$210,76;4;
441;NQ 09-26;Backtest;PROD_Bot_NQ_OvernightDrift_1min_RTH;Long;1;10314,50;10345,75;18/1/2018 16:59:00;19/1/2018 9:32:00;EntradaCierre;SalidaApertura;$619,24;$2149,84;$5,76;$0,00;$0,00;$0,00;$0,00;$25,00;$635,00;$15,76;4;
442;NQ 09-26;Backtest;PROD_Bot_NQ_OvernightDrift_1min_RTH;Long;1;10350,25;10336,75;19/1/2018 16:59:00;22/1/2018 9:32:00;EntradaCierre;SalidaApertura;$-275,76;$1874,08;$5,76;$0,00;$0,00;$0,00;$0,00;$280,00;$0,00;$275,76;4;
443;NQ 09-26;Backtest;PROD_Bot_NQ_OvernightDrift_1min_RTH;Long;1;10430,25;10437,00;22/1/2018 16:59:00;23/1/2018 9:32:00;EntradaCierre;SalidaApertura;$129,24;$2003,32;$5,76;$0,00;$0,00;$0,00;$0,00;$20,00;$160,00;$30,76;4;
444;NQ 09-26;Backtest;PROD_Bot_NQ_OvernightDrift_1min_RTH;Long;1;10457,00;10481,25;23/1/2018 16:59:00;24/1/2018 9:32:00;EntradaCierre;SalidaApertura;$479,24;$2482,56;$5,76;$0,00;$0,00;$0,00;$0,00;$15,00;$615,00;$135,76;4;
445;NQ 09-26;Backtest;PROD_Bot_NQ_OvernightDrift_1min_RTH;Long;1;10433,25;10472,00;24/1/2018 16:59:00;25/1/2018 9:32:00;EntradaCierre;SalidaApertura;$769,24;$3251,80;$5,76;$0,00;$0,00;$0,00;$0,00;$35,00;$835,00;$65,76;4;
446;NQ 09-26;Backtest;PROD_Bot_NQ_OvernightDrift_1min_RTH;Long;1;10436,25;10455,75;25/1/2018 16:59:00;26/1/2018 9:32:00;EntradaCierre;SalidaApertura;$384,24;$3636,04;$5,76;$0,00;$0,00;$0,00;$0,00;$30,00;$550,00;$165,76;4;
447;NQ 09-26;Backtest;PROD_Bot_NQ_OvernightDrift_1min_RTH;Long;1;10528,75;10507,00;26/1/2018 16:59:00;29/1/2018 9:32:00;EntradaCierre;SalidaApertura;$-440,76;$3195,28;$5,76;$0,00;$0,00;$0,00;$0,00;$490,00;$20,00;$460,76;4;
448;NQ 09-26;Backtest;PROD_Bot_NQ_OvernightDrift_1min_RTH;Long;1;10492,75;10415,50;29/1/2018 16:59:00;30/1/2018 9:32:00;EntradaCierre;SalidaApertura;$-1550,76;$1644,52;$5,76;$0,00;$0,00;$0,00;$0,00;$1640,00;$5,00;$1555,76;4;
449;NQ 09-26;Backtest;PROD_Bot_NQ_OvernightDrift_1min_RTH;Long;1;10437,25;10480,75;30/1/2018 16:59:00;31/1/2018 9:32:00;EntradaCierre;SalidaApertura;$864,24;$2508,76;$5,76;$0,00;$0,00;$0,00;$0,00;$10,00;$935,00;$70,76;4;
450;NQ 09-26;Backtest;PROD_Bot_NQ_OvernightDrift_1min_RTH;Long;1;10431,00;10414,50;31/1/2018 16:59:00;1/2/2018 9:32:00;EntradaCierre;SalidaApertura;$-335,76;$2173,00;$5,76;$0,00;$0,00;$0,00;$0,00;$445,00;$0,00;$335,76;4;
451;NQ 09-26;Backtest;PROD_Bot_NQ_OvernightDrift_1min_RTH;Long;1;10431,25;10380,00;1/2/2018 16:59:00;2/2/2018 9:32:00;EntradaCierre;SalidaApertura;$-1030,76;$1142,24;$5,76;$0,00;$0,00;$0,00;$0,00;$1250,00;$110,00;$1140,76;4;
452;NQ 09-26;Backtest;PROD_Bot_NQ_OvernightDrift_1min_RTH;Long;1;10251,25;10183,50;2/2/2018 16:59:00;5/2/2018 9:32:00;EntradaCierre;SalidaApertura;$-1360,76;$-218,52;$5,76;$0,00;$0,00;$0,00;$0,00;$1420,00;$45,00;$1405,76;4;
453;NQ 09-26;Backtest;PROD_Bot_NQ_OvernightDrift_1min_RTH;Long;1;9967,50;9874,50;5/2/2018 16:59:00;6/2/2018 9:32:00;EntradaCierre;SalidaApertura;$-1865,76;$-2084,28;$5,76;$0,00;$0,00;$0,00;$0,00;$1920,00;$0,00;$1865,76;4;
454;NQ 09-26;Backtest;PROD_Bot_NQ_OvernightDrift_1min_RTH;Long;1;10136,75;10146,75;6/2/2018 16:59:00;7/2/2018 9:32:00;EntradaCierre;SalidaApertura;$194,24;$-1890,04;$5,76;$0,00;$0,00;$0,00;$0,00;$235,00;$330,00;$135,76;4;
455;NQ 09-26;Backtest;PROD_Bot_NQ_OvernightDrift_1min_RTH;Long;1;10044,50;10098,75;7/2/2018 16:59:00;8/2/2018 9:32:00;EntradaCierre;SalidaApertura;$1079,24;$-810,80;$5,76;$0,00;$0,00;$0,00;$0,00;$30,00;$1115,00;$35,76;4;
456;NQ 09-26;Backtest;PROD_Bot_NQ_OvernightDrift_1min_RTH;Long;1;9826,50;9882,75;8/2/2018 16:59:00;9/2/2018 9:32:00;EntradaCierre;SalidaApertura;$1119,24;$308,44;$5,76;$0,00;$0,00;$0,00;$0,00;$15,00;$1380,00;$260,76;4;
457;NQ 09-26;Backtest;PROD_Bot_NQ_OvernightDrift_1min_RTH;Long;1;9921,50;9983,50;9/2/2018 16:59:00;12/2/2018 9:32:00;EntradaCierre;SalidaApertura;$1234,24;$1542,68;$5,76;$0,00;$0,00;$0,00;$0,00;$15,00;$1275,00;$40,76;4;
458;NQ 09-26;Backtest;PROD_Bot_NQ_OvernightDrift_1min_RTH;Long;1;10025,00;9977,00;12/2/2018 16:59:00;13/2/2018 9:32:00;EntradaCierre;SalidaApertura;$-965,76;$576,92;$5,76;$0,00;$0,00;$0,00;$0,00;$960,00;$30,00;$995,76;4;
459;NQ 09-26;Backtest;PROD_Bot_NQ_OvernightDrift_1min_RTH;Long;1;10057,75;10024,00;13/2/2018 16:59:00;14/2/2018 9:32:00;EntradaCierre;SalidaApertura;$-680,76;$-103,84;$5,76;$0,00;$0,00;$0,00;$0,00;$875,00;$55,00;$735,76;4;
460;NQ 09-26;Backtest;PROD_Bot_NQ_OvernightDrift_1min_RTH;Long;1;10176,75;10226,25;14/2/2018 16:59:00;15/2/2018 9:32:00;EntradaCierre;SalidaApertura;$984,24;$880,40;$5,76;$0,00;$0,00;$0,00;$0,00;$50,00;$1245,00;$260,76;4;
461;NQ 09-26;Backtest;PROD_Bot_NQ_OvernightDrift_1min_RTH;Long;1;10317,50;10290,25;15/2/2018 16:59:00;16/2/2018 9:32:00;EntradaCierre;SalidaApertura;$-550,76;$329,64;$5,76;$0,00;$0,00;$0,00;$0,00;$740,00;$20,00;$570,76;4;
462;NQ 09-26;Backtest;PROD_Bot_NQ_OvernightDrift_1min_RTH;Long;1;10279,75;10302,25;16/2/2018 16:59:00;19/2/2018 9:32:00;EntradaCierre;SalidaApertura;$444,24;$773,88;$5,76;$0,00;$0,00;$0,00;$0,00;$20,00;$505,00;$60,76;4;
463;NQ 09-26;Backtest;PROD_Bot_NQ_OvernightDrift_1min_RTH;Long;1;10291,25;10310,25;20/2/2018 16:59:00;21/2/2018 9:32:00;EntradaCierre;SalidaApertura;$374,24;$1148,12;$5,76;$0,00;$0,00;$0,00;$0,00;$35,00;$495,00;$120,76;4;
464;NQ 09-26;Backtest;PROD_Bot_NQ_OvernightDrift_1min_RTH;Long;1;10247,25;10292,50;21/2/2018 16:59:00;22/2/2018 9:32:00;EntradaCierre;SalidaApertura;$899,24;$2047,36;$5,76;$0,00;$0,00;$0,00;$0,00;$10,00;$1020,00;$120,76;4;
465;NQ 09-26;Backtest;PROD_Bot_NQ_OvernightDrift_1min_RTH;Long;1;10294,00;10313,75;22/2/2018 16:59:00;23/2/2018 9:32:00;EntradaCierre;SalidaApertura;$389,24;$2436,60;$5,76;$0,00;$0,00;$0,00;$0,00;$50,00;$515,00;$125,76;4;
466;NQ 09-26;Backtest;PROD_Bot_NQ_OvernightDrift_1min_RTH;Long;1;10406,25;10433,25;23/2/2018 16:59:00;26/2/2018 9:32:00;EntradaCierre;SalidaApertura;$534,24;$2970,84;$5,76;$0,00;$0,00;$0,00;$0,00;$125,00;$615,00;$80,76;4;
467;NQ 09-26;Backtest;PROD_Bot_NQ_OvernightDrift_1min_RTH;Long;1;10502,50;10486,50;26/2/2018 16:59:00;27/2/2018 9:32:00;EntradaCierre;SalidaApertura;$-325,76;$2645,08;$5,76;$0,00;$0,00;$0,00;$0,00;$335,00;$0,00;$325,76;4;
468;NQ 09-26;Backtest;PROD_Bot_NQ_OvernightDrift_1min_RTH;Long;1;10410,75;10445,25;27/2/2018 16:59:00;28/2/2018 9:32:00;EntradaCierre;SalidaApertura;$684,24;$3329,32;$5,76;$0,00;$0,00;$0,00;$0,00;$20,00;$740,00;$55,76;4;
469;NQ 09-26;Backtest;PROD_Bot_NQ_OvernightDrift_1min_RTH;Long;1;10375,00;10364,75;28/2/2018 16:59:00;1/3/2018 9:32:00;EntradaCierre;SalidaApertura;$-210,76;$3118,56;$5,76;$0,00;$0,00;$0,00;$0,00;$305,00;$95,00;$305,76;4;
470;NQ 09-26;Backtest;PROD_Bot_NQ_OvernightDrift_1min_RTH;Long;1;10263,75;10175,75;1/3/2018 16:59:00;2/3/2018 9:32:00;EntradaCierre;SalidaApertura;$-1765,76;$1352,80;$5,76;$0,00;$0,00;$0,00;$0,00;$2020,00;$35,00;$1800,76;4;
471;NQ 09-26;Backtest;PROD_Bot_NQ_OvernightDrift_1min_RTH;Long;1;10305,50;10285,50;2/3/2018 16:59:00;5/3/2018 9:32:00;EntradaCierre;SalidaApertura;$-405,76;$947,04;$5,76;$0,00;$0,00;$0,00;$0,00;$555,00;$15,00;$420,76;4;
472;NQ 09-26;Backtest;PROD_Bot_NQ_OvernightDrift_1min_RTH;Long;1;10377,00;10420,75;5/3/2018 16:59:00;6/3/2018 9:32:00;EntradaCierre;SalidaApertura;$869,24;$1816,28;$5,76;$0,00;$0,00;$0,00;$0,00;$10,00;$885,00;$15,76;4;
473;NQ 09-26;Backtest;PROD_Bot_NQ_OvernightDrift_1min_RTH;Long;1;10407,75;10367,25;6/3/2018 16:59:00;7/3/2018 9:32:00;EntradaCierre;SalidaApertura;$-815,76;$1000,52;$5,76;$0,00;$0,00;$0,00;$0,00;$1075,00;$5,00;$820,76;4;
474;NQ 09-26;Backtest;PROD_Bot_NQ_OvernightDrift_1min_RTH;Long;1;10419,00;10460,50;7/3/2018 16:59:00;8/3/2018 9:32:00;EntradaCierre;SalidaApertura;$824,24;$1824,76;$5,76;$0,00;$0,00;$0,00;$0,00;$15,00;$880,00;$55,76;4;
475;NQ 09-26;Backtest;PROD_Bot_NQ_OvernightDrift_1min_RTH;Long;1;10475,00;10523,75;8/3/2018 16:59:00;9/3/2018 9:32:00;EntradaCierre;SalidaApertura;$969,24;$2794,00;$5,76;$0,00;$0,00;$0,00;$0,00;$35,00;$990,00;$20,76;4;
476;NQ 09-26;Backtest;PROD_Bot_NQ_OvernightDrift_1min_RTH;Long;1;10600,00;10637,00;9/3/2018 16:59:00;12/3/2018 9:32:00;EntradaCierre;SalidaApertura;$734,24;$3528,24;$5,76;$0,00;$0,00;$0,00;$0,00;$25,00;$880,00;$145,76;4;
477;NQ 09-26;Backtest;PROD_Bot_NQ_OvernightDrift_1min_RTH;Long;1;10389,75;10390,25;19/3/2018 15:59:00;20/3/2018 9:32:00;EntradaCierre;SalidaApertura;$4,24;$3532,48;$5,76;$0,00;$0,00;$0,00;$0,00;$215,00;$25,00;$20,76;4;
478;NQ 09-26;Backtest;PROD_Bot_NQ_OvernightDrift_1min_RTH;Long;1;10393,00;10372,25;20/3/2018 15:59:00;21/3/2018 9:32:00;EntradaCierre;SalidaApertura;$-420,76;$3111,72;$5,76;$0,00;$0,00;$0,00;$0,00;$455,00;$5,00;$425,76;4;
479;NQ 09-26;Backtest;PROD_Bot_NQ_OvernightDrift_1min_RTH;Long;1;10357,75;10271,25;21/3/2018 15:59:00;22/3/2018 9:32:00;EntradaCierre;SalidaApertura;$-1735,76;$1375,96;$5,76;$0,00;$0,00;$0,00;$0,00;$1780,00;$20,00;$1755,76;4;
480;NQ 09-26;Backtest;PROD_Bot_NQ_OvernightDrift_1min_RTH;Long;1;10168,50;10154,50;22/3/2018 15:59:00;23/3/2018 9:32:00;EntradaCierre;SalidaApertura;$-285,76;$1090,20;$5,76;$0,00;$0,00;$0,00;$0,00;$330,00;$50,00;$335,76;4;
481;NQ 09-26;Backtest;PROD_Bot_NQ_OvernightDrift_1min_RTH;Long;1;10021,25;10102,75;23/3/2018 15:59:00;26/3/2018 9:32:00;EntradaCierre;SalidaApertura;$1624,24;$2714,44;$5,76;$0,00;$0,00;$0,00;$0,00;$15,00;$1790,00;$165,76;4;
482;NQ 09-26;Backtest;PROD_Bot_NQ_OvernightDrift_1min_RTH;Long;1;10252,50;10245,50;26/3/2018 15:59:00;27/3/2018 9:32:00;EntradaCierre;SalidaApertura;$-145,76;$2568,68;$5,76;$0,00;$0,00;$0,00;$0,00;$155,00;$50,00;$195,76;4;
483;NQ 09-26;Backtest;PROD_Bot_NQ_OvernightDrift_1min_RTH;Long;1;10025,50;9976,75;27/3/2018 15:59:00;28/3/2018 9:32:00;EntradaCierre;SalidaApertura;$-980,76;$1587,92;$5,76;$0,00;$0,00;$0,00;$0,00;$1085,00;$40,00;$1020,76;4;
484;NQ 09-26;Backtest;PROD_Bot_NQ_OvernightDrift_1min_RTH;Long;1;9961,50;9960,50;28/3/2018 15:59:00;29/3/2018 9:32:00;EntradaCierre;SalidaApertura;$-25,76;$1562,16;$5,76;$0,00;$0,00;$0,00;$0,00;$70,00;$70,00;$95,76;4;
485;NQ 09-26;Backtest;PROD_Bot_NQ_OvernightDrift_1min_RTH;Long;1;10043,50;9941,75;29/3/2018 15:59:00;2/4/2018 9:32:00;EntradaCierre;SalidaApertura;$-2040,76;$-478,60;$5,76;$0,00;$0,00;$0,00;$0,00;$2095,00;$75,00;$2115,76;4;
486;NQ 09-26;Backtest;PROD_Bot_NQ_OvernightDrift_1min_RTH;Long;1;9888,75;9864,50;2/4/2018 15:59:00;3/4/2018 9:32:00;EntradaCierre;SalidaApertura;$-490,76;$-969,36;$5,76;$0,00;$0,00;$0,00;$0,00;$570,00;$10,00;$500,76;4;
487;NQ 09-26;Backtest;PROD_Bot_NQ_OvernightDrift_1min_RTH;Long;1;9947,50;9862,00;3/4/2018 15:59:00;4/4/2018 9:32:00;EntradaCierre;SalidaApertura;$-1715,76;$-2685,12;$5,76;$0,00;$0,00;$0,00;$0,00;$1780,00;$0,00;$1715,76;4;
488;NQ 09-26;Backtest;PROD_Bot_NQ_OvernightDrift_1min_RTH;Long;1;10056,25;10082,00;4/4/2018 15:59:00;5/4/2018 9:32:00;EntradaCierre;SalidaApertura;$509,24;$-2175,88;$5,76;$0,00;$0,00;$0,00;$0,00;$10,00;$540,00;$30,76;4;
489;NQ 09-26;Backtest;PROD_Bot_NQ_OvernightDrift_1min_RTH;Long;1;10081,75;10046,50;5/4/2018 15:59:00;6/4/2018 9:32:00;EntradaCierre;SalidaApertura;$-710,76;$-2886,64;$5,76;$0,00;$0,00;$0,00;$0,00;$810,00;$10,00;$720,76;4;
490;NQ 09-26;Backtest;PROD_Bot_NQ_OvernightDrift_1min_RTH;Long;1;9929,75;10031,25;6/4/2018 15:59:00;9/4/2018 9:32:00;EntradaCierre;SalidaApertura;$2024,24;$-862,40;$5,76;$0,00;$0,00;$0,00;$0,00;$10,00;$2060,00;$35,76;4;
491;NQ 09-26;Backtest;PROD_Bot_NQ_OvernightDrift_1min_RTH;Long;1;9969,00;10067,50;9/4/2018 15:59:00;10/4/2018 9:32:00;EntradaCierre;SalidaApertura;$1964,24;$1101,84;$5,76;$0,00;$0,00;$0,00;$0,00;$25,00;$2045,00;$80,76;4;
492;NQ 09-26;Backtest;PROD_Bot_NQ_OvernightDrift_1min_RTH;Long;1;10099,75;10113,00;10/4/2018 15:59:00;11/4/2018 9:32:00;EntradaCierre;SalidaApertura;$259,24;$1361,08;$5,76;$0,00;$0,00;$0,00;$0,00;$45,00;$290,00;$30,76;4;
493;NQ 09-26;Backtest;PROD_Bot_NQ_OvernightDrift_1min_RTH;Long;1;10070,75;10153,75;11/4/2018 15:59:00;12/4/2018 9:32:00;EntradaCierre;SalidaApertura;$1654,24;$3015,32;$5,76;$0,00;$0,00;$0,00;$0,00;$30,00;$1765,00;$110,76;4;
494;NQ 09-26;Backtest;PROD_Bot_NQ_OvernightDrift_1min_RTH;Long;1;10152,00;10115,75;12/4/2018 15:59:00;13/4/2018 9:32:00;EntradaCierre;SalidaApertura;$-730,76;$2284,56;$5,76;$0,00;$0,00;$0,00;$0,00;$745,00;$15,00;$745,76;4;
495;NQ 09-26;Backtest;PROD_Bot_NQ_OvernightDrift_1min_RTH;Long;1;10117,25;10155,75;13/4/2018 15:59:00;16/4/2018 9:32:00;EntradaCierre;SalidaApertura;$764,24;$3048,80;$5,76;$0,00;$0,00;$0,00;$0,00;$20,00;$795,00;$30,76;4;
496;NQ 09-26;Backtest;PROD_Bot_NQ_OvernightDrift_1min_RTH;Long;1;10181,75;10248,00;16/4/2018 15:59:00;17/4/2018 9:32:00;EntradaCierre;SalidaApertura;$1319,24;$4368,04;$5,76;$0,00;$0,00;$0,00;$0,00;$100,00;$1345,00;$25,76;4;
497;NQ 09-26;Backtest;PROD_Bot_NQ_OvernightDrift_1min_RTH;Long;1;10302,75;10295,75;17/4/2018 15:59:00;18/4/2018 9:32:00;EntradaCierre;SalidaApertura;$-145,76;$4222,28;$5,76;$0,00;$0,00;$0,00;$0,00;$180,00;$0,00;$145,76;4;
498;NQ 09-26;Backtest;PROD_Bot_NQ_OvernightDrift_1min_RTH;Long;1;10321,50;10275,75;18/4/2018 15:59:00;19/4/2018 9:32:00;EntradaCierre;SalidaApertura;$-920,76;$3301,52;$5,76;$0,00;$0,00;$0,00;$0,00;$940,00;$15,00;$935,76;4;
499;NQ 09-26;Backtest;PROD_Bot_NQ_OvernightDrift_1min_RTH;Long;1;10253,50;10208,50;19/4/2018 15:59:00;20/4/2018 9:32:00;EntradaCierre;SalidaApertura;$-905,76;$2395,76;$5,76;$0,00;$0,00;$0,00;$0,00;$975,00;$5,00;$910,76;4;
500;NQ 09-26;Backtest;PROD_Bot_NQ_OvernightDrift_1min_RTH;Long;1;10151,75;10164,25;20/4/2018 15:59:00;23/4/2018 9:32:00;EntradaCierre;SalidaApertura;$244,24;$2640,00;$5,76;$0,00;$0,00;$0,00;$0,00;$20,00;$350,00;$105,76;4;
501;NQ 09-26;Backtest;PROD_Bot_NQ_OvernightDrift_1min_RTH;Long;1;10138,25;10097,25;23/4/2018 15:59:00;24/4/2018 9:32:00;EntradaCierre;SalidaApertura;$-825,76;$1814,24;$5,76;$0,00;$0,00;$0,00;$0,00;$885,00;$0,00;$825,76;4;
502;NQ 09-26;Backtest;PROD_Bot_NQ_OvernightDrift_1min_RTH;Long;1;10003,25;9953,50;24/4/2018 15:59:00;25/4/2018 9:32:00;EntradaCierre;SalidaApertura;$-1000,76;$813,48;$5,76;$0,00;$0,00;$0,00;$0,00;$1085,00;$0,00;$1000,76;4;
503;NQ 09-26;Backtest;PROD_Bot_NQ_OvernightDrift_1min_RTH;Long;1;10046,00;10112,75;25/4/2018 15:59:00;26/4/2018 9:32:00;EntradaCierre;SalidaApertura;$1329,24;$2142,72;$5,76;$0,00;$0,00;$0,00;$0,00;$10,00;$1360,00;$30,76;4;
504;NQ 09-26;Backtest;PROD_Bot_NQ_OvernightDrift_1min_RTH;Long;1;10219,00;10123,00;26/4/2018 15:59:00;27/4/2018 9:32:00;EntradaCierre;SalidaApertura;$-1925,76;$216,96;$5,76;$0,00;$0,00;$0,00;$0,00;$1935,00;$0,00;$1925,76;4;
505;NQ 09-26;Backtest;PROD_Bot_NQ_OvernightDrift_1min_RTH;Long;1;10147,50;10175,75;27/4/2018 15:59:00;30/4/2018 9:32:00;EntradaCierre;SalidaApertura;$559,24;$776,20;$5,76;$0,00;$0,00;$0,00;$0,00;$45,00;$610,00;$50,76;4;
506;NQ 09-26;Backtest;PROD_Bot_NQ_OvernightDrift_1min_RTH;Long;1;10079,00;10094,75;30/4/2018 15:59:00;1/5/2018 9:32:00;EntradaCierre;SalidaApertura;$309,24;$1085,44;$5,76;$0,00;$0,00;$0,00;$0,00;$20,00;$425,00;$115,76;4;
507;NQ 09-26;Backtest;PROD_Bot_NQ_OvernightDrift_1min_RTH;Long;1;10191,50;10162,75;1/5/2018 15:59:00;2/5/2018 9:32:00;EntradaCierre;SalidaApertura;$-580,76;$504,68;$5,76;$0,00;$0,00;$0,00;$0,00;$700,00;$75,00;$655,76;4;
508;NQ 09-26;Backtest;PROD_Bot_NQ_OvernightDrift_1min_RTH;Long;1;10104,00;10059,50;2/5/2018 15:59:00;3/5/2018 9:32:00;EntradaCierre;SalidaApertura;$-895,76;$-391,08;$5,76;$0,00;$0,00;$0,00;$0,00;$975,00;$20,00;$915,76;4;
509;NQ 09-26;Backtest;PROD_Bot_NQ_OvernightDrift_1min_RTH;Long;1;10142,75;10178,50;3/5/2018 15:59:00;4/5/2018 9:32:00;EntradaCierre;SalidaApertura;$709,24;$318,16;$5,76;$0,00;$0,00;$0,00;$0,00;$35,00;$725,00;$15,76;4;
510;NQ 09-26;Backtest;PROD_Bot_NQ_OvernightDrift_1min_RTH;Long;1;10253,75;10313,00;4/5/2018 15:59:00;7/5/2018 9:32:00;EntradaCierre;SalidaApertura;$1179,24;$1497,40;$5,76;$0,00;$0,00;$0,00;$0,00;$20,00;$1220,00;$40,76;4;
511;NQ 09-26;Backtest;PROD_Bot_NQ_OvernightDrift_1min_RTH;Long;1;10294,00;10274,50;7/5/2018 15:59:00;8/5/2018 9:32:00;EntradaCierre;SalidaApertura;$-395,76;$1101,64;$5,76;$0,00;$0,00;$0,00;$0,00;$450,00;$15,00;$410,76;4;
512;NQ 09-26;Backtest;PROD_Bot_NQ_OvernightDrift_1min_RTH;Long;1;10297,75;10307,75;8/5/2018 15:59:00;9/5/2018 9:32:00;EntradaCierre;SalidaApertura;$194,24;$1295,88;$5,76;$0,00;$0,00;$0,00;$0,00;$10,00;$215,00;$20,76;4;
513;NQ 09-26;Backtest;PROD_Bot_NQ_OvernightDrift_1min_RTH;Long;1;10373,00;10408,75;9/5/2018 15:59:00;10/5/2018 9:32:00;EntradaCierre;SalidaApertura;$709,24;$2005,12;$5,76;$0,00;$0,00;$0,00;$0,00;$35,00;$730,00;$20,76;4;
514;NQ 09-26;Backtest;PROD_Bot_NQ_OvernightDrift_1min_RTH;Long;1;10429,25;10434,50;10/5/2018 15:59:00;11/5/2018 9:32:00;EntradaCierre;SalidaApertura;$99,24;$2104,36;$5,76;$0,00;$0,00;$0,00;$0,00;$50,00;$190,00;$90,76;4;
515;NQ 09-26;Backtest;PROD_Bot_NQ_OvernightDrift_1min_RTH;Long;1;10434,00;10481,25;11/5/2018 15:59:00;14/5/2018 9:32:00;EntradaCierre;SalidaApertura;$939,24;$3043,60;$5,76;$0,00;$0,00;$0,00;$0,00;$35,00;$975,00;$35,76;4;
516;NQ 09-26;Backtest;PROD_Bot_NQ_OvernightDrift_1min_RTH;Long;1;10443,50;10358,75;14/5/2018 15:59:00;15/5/2018 9:32:00;EntradaCierre;SalidaApertura;$-1700,76;$1342,84;$5,76;$0,00;$0,00;$0,00;$0,00;$1700,00;$35,00;$1735,76;4;
517;NQ 09-26;Backtest;PROD_Bot_NQ_OvernightDrift_1min_RTH;Long;1;10366,50;10397,00;15/5/2018 15:59:00;16/5/2018 9:32:00;EntradaCierre;SalidaApertura;$604,24;$1947,08;$5,76;$0,00;$0,00;$0,00;$0,00;$20,00;$665,00;$60,76;4;
518;NQ 09-26;Backtest;PROD_Bot_NQ_OvernightDrift_1min_RTH;Long;1;10410,00;10411,25;16/5/2018 15:59:00;17/5/2018 9:32:00;EntradaCierre;SalidaApertura;$19,24;$1966,32;$5,76;$0,00;$0,00;$0,00;$0,00;$10,00;$65,00;$45,76;4;
519;NQ 09-26;Backtest;PROD_Bot_NQ_OvernightDrift_1min_RTH;Long;1;10380,50;10359,75;17/5/2018 15:59:00;18/5/2018 9:32:00;EntradaCierre;SalidaApertura;$-420,76;$1545,56;$5,76;$0,00;$0,00;$0,00;$0,00;$420,00;$15,00;$435,76;4;
520;NQ 09-26;Backtest;PROD_Bot_NQ_OvernightDrift_1min_RTH;Long;1;10350,00;10416,25;18/5/2018 15:59:00;21/5/2018 9:32:00;EntradaCierre;SalidaApertura;$1319,24;$2864,80;$5,76;$0,00;$0,00;$0,00;$0,00;$35,00;$1340,00;$20,76;4;
521;NQ 09-26;Backtest;PROD_Bot_NQ_OvernightDrift_1min_RTH;Long;1;10390,75;10382,25;21/5/2018 15:59:00;22/5/2018 9:32:00;EntradaCierre;SalidaApertura;$-175,76;$2689,04;$5,76;$0,00;$0,00;$0,00;$0,00;$180,00;$0,00;$175,76;4;
522;NQ 09-26;Backtest;PROD_Bot_NQ_OvernightDrift_1min_RTH;Long;1;10383,75;10358,50;22/5/2018 15:59:00;23/5/2018 9:32:00;EntradaCierre;SalidaApertura;$-510,76;$2178,28;$5,76;$0,00;$0,00;$0,00;$0,00;$525,00;$30,00;$540,76;4;
523;NQ 09-26;Backtest;PROD_Bot_NQ_OvernightDrift_1min_RTH;Long;1;10431,25;10386,00;23/5/2018 15:59:00;24/5/2018 9:32:00;EntradaCierre;SalidaApertura;$-910,76;$1267,52;$5,76;$0,00;$0,00;$0,00;$0,00;$905,00;$30,00;$940,76;4;
524;NQ 09-26;Backtest;PROD_Bot_NQ_OvernightDrift_1min_RTH;Long;1;10431,25;10459,75;24/5/2018 15:59:00;25/5/2018 9:32:00;EntradaCierre;SalidaApertura;$564,24;$1831,76;$5,76;$0,00;$0,00;$0,00;$0,00;$20,00;$595,00;$30,76;4;
525;NQ 09-26;Backtest;PROD_Bot_NQ_OvernightDrift_1min_RTH;Long;1;10441,75;10461,50;25/5/2018 15:59:00;28/5/2018 9:32:00;EntradaCierre;SalidaApertura;$389,24;$2221,00;$5,76;$0,00;$0,00;$0,00;$0,00;$30,00;$395,00;$5,76;4;
526;NQ 09-26;Backtest;PROD_Bot_NQ_OvernightDrift_1min_RTH;Long;1;10422,75;10434,50;29/5/2018 15:59:00;30/5/2018 9:32:00;EntradaCierre;SalidaApertura;$229,24;$2450,24;$5,76;$0,00;$0,00;$0,00;$0,00;$20,00;$260,00;$30,76;4;
527;NQ 09-26;Backtest;PROD_Bot_NQ_OvernightDrift_1min_RTH;Long;1;10460,50;10464,75;30/5/2018 15:59:00;31/5/2018 9:32:00;EntradaCierre;SalidaApertura;$79,24;$2529,48;$5,76;$0,00;$0,00;$0,00;$0,00;$50,00;$90,00;$10,76;4;
528;NQ 09-26;Backtest;PROD_Bot_NQ_OvernightDrift_1min_RTH;Long;1;10455,25;10529,75;31/5/2018 15:59:00;1/6/2018 9:32:00;EntradaCierre;SalidaApertura;$1484,24;$4013,72;$5,76;$0,00;$0,00;$0,00;$0,00;$10,00;$1530,00;$45,76;4;
529;NQ 09-26;Backtest;PROD_Bot_NQ_OvernightDrift_1min_RTH;Long;1;10560,25;10586,25;1/6/2018 15:59:00;4/6/2018 9:32:00;EntradaCierre;SalidaApertura;$514,24;$4527,96;$5,76;$0,00;$0,00;$0,00;$0,00;$20,00;$585,00;$70,76;4;
530;NQ 09-26;Backtest;PROD_Bot_NQ_OvernightDrift_1min_RTH;Long;1;10624,25;10657,25;4/6/2018 15:59:00;5/6/2018 9:32:00;EntradaCierre;SalidaApertura;$654,24;$5182,20;$5,76;$0,00;$0,00;$0,00;$0,00;$10,00;$675,00;$20,76;4;
531;NQ 09-26;Backtest;PROD_Bot_NQ_OvernightDrift_1min_RTH;Long;1;10661,75;10633,25;5/6/2018 15:59:00;6/6/2018 9:32:00;EntradaCierre;SalidaApertura;$-575,76;$4606,44;$5,76;$0,00;$0,00;$0,00;$0,00;$660,00;$0,00;$575,76;4;
532;NQ 09-26;Backtest;PROD_Bot_NQ_OvernightDrift_1min_RTH;Long;1;10696,00;10638,25;6/6/2018 15:59:00;7/6/2018 9:32:00;EntradaCierre;SalidaApertura;$-1160,76;$3445,68;$5,76;$0,00;$0,00;$0,00;$0,00;$1165,00;$0,00;$1160,76;4;
533;NQ 09-26;Backtest;PROD_Bot_NQ_OvernightDrift_1min_RTH;Long;1;10626,75;10628,25;8/6/2018 15:59:00;11/6/2018 9:32:00;EntradaCierre;SalidaApertura;$24,24;$3469,92;$5,76;$0,00;$0,00;$0,00;$0,00;$55,00;$50,00;$25,76;4;
534;NQ 09-26;Backtest;PROD_Bot_NQ_OvernightDrift_1min_RTH;Long;1;10642,50;10658,00;11/6/2018 15:59:00;12/6/2018 9:32:00;EntradaCierre;SalidaApertura;$304,24;$3774,16;$5,76;$0,00;$0,00;$0,00;$0,00;$10,00;$325,00;$20,76;4;
535;NQ 09-26;Backtest;PROD_Bot_NQ_OvernightDrift_1min_RTH;Long;1;10694,00;10721,00;12/6/2018 15:59:00;13/6/2018 9:32:00;EntradaCierre;SalidaApertura;$534,24;$4308,40;$5,76;$0,00;$0,00;$0,00;$0,00;$30,00;$550,00;$15,76;4;
536;NQ 09-26;Backtest;PROD_Bot_NQ_OvernightDrift_1min_RTH;Long;1;10686,00;10755,75;13/6/2018 15:59:00;14/6/2018 9:32:00;EntradaCierre;SalidaApertura;$1389,24;$5697,64;$5,76;$0,00;$0,00;$0,00;$0,00;$40,00;$1455,00;$65,76;4;
537;NQ 09-26;Backtest;PROD_Bot_NQ_OvernightDrift_1min_RTH;Long;1;10763,75;10716,00;14/6/2018 15:59:00;15/6/2018 9:32:00;EntradaCierre;SalidaApertura;$-960,76;$4736,88;$5,76;$0,00;$0,00;$0,00;$0,00;$1040,00;$0,00;$960,76;4;
538;NQ 09-26;Backtest;PROD_Bot_NQ_OvernightDrift_1min_RTH;Long;1;10729,75;10695,00;15/6/2018 15:59:00;18/6/2018 9:32:00;EntradaCierre;SalidaApertura;$-700,76;$4036,12;$5,76;$0,00;$0,00;$0,00;$0,00;$805,00;$80,00;$780,76;4;
539;NQ 09-26;Backtest;PROD_Bot_NQ_OvernightDrift_1min_RTH;Long;1;10726,25;10613,25;18/6/2018 15:59:00;19/6/2018 9:32:00;EntradaCierre;SalidaApertura;$-2265,76;$1770,36;$5,76;$0,00;$0,00;$0,00;$0,00;$2265,00;$20,00;$2285,76;4;
540;NQ 09-26;Backtest;PROD_Bot_NQ_OvernightDrift_1min_RTH;Long;1;10707,50;10737,25;19/6/2018 15:59:00;20/6/2018 9:32:00;EntradaCierre;SalidaApertura;$589,24;$2359,60;$5,76;$0,00;$0,00;$0,00;$0,00;$20,00;$680,00;$90,76;4;
541;NQ 09-26;Backtest;PROD_Bot_NQ_OvernightDrift_1min_RTH;Long;1;10765,50;10713,00;20/6/2018 15:59:00;21/6/2018 9:32:00;EntradaCierre;SalidaApertura;$-1055,76;$1303,84;$5,76;$0,00;$0,00;$0,00;$0,00;$1185,00;$15,00;$1070,76;4;
542;NQ 09-26;Backtest;PROD_Bot_NQ_OvernightDrift_1min_RTH;Long;1;10681,50;10657,75;21/6/2018 15:59:00;22/6/2018 9:32:00;EntradaCierre;SalidaApertura;$-480,76;$823,08;$5,76;$0,00;$0,00;$0,00;$0,00;$555,00;$0,00;$480,76;4;
543;NQ 09-26;Backtest;PROD_Bot_NQ_OvernightDrift_1min_RTH;Long;1;10670,50;10539,50;22/6/2018 15:59:00;25/6/2018 9:32:00;EntradaCierre;SalidaApertura;$-2625,76;$-1802,68;$5,76;$0,00;$0,00;$0,00;$0,00;$2650,00;$5,00;$2630,76;4;
544;NQ 09-26;Backtest;PROD_Bot_NQ_OvernightDrift_1min_RTH;Long;1;10519,25;10534,25;25/6/2018 15:59:00;26/6/2018 9:32:00;EntradaCierre;SalidaApertura;$294,24;$-1508,44;$5,76;$0,00;$0,00;$0,00;$0,00;$30,00;$400,00;$105,76;4;
545;NQ 09-26;Backtest;PROD_Bot_NQ_OvernightDrift_1min_RTH;Long;1;10543,25;10585,25;26/6/2018 15:59:00;27/6/2018 9:32:00;EntradaCierre;SalidaApertura;$834,24;$-674,20;$5,76;$0,00;$0,00;$0,00;$0,00;$50,00;$905,00;$70,76;4;
546;NQ 09-26;Backtest;PROD_Bot_NQ_OvernightDrift_1min_RTH;Long;1;10449,75;10434,75;27/6/2018 15:59:00;28/6/2018 9:32:00;EntradaCierre;SalidaApertura;$-305,76;$-979,96;$5,76;$0,00;$0,00;$0,00;$0,00;$325,00;$30,00;$335,76;4;
547;NQ 09-26;Backtest;PROD_Bot_NQ_OvernightDrift_1min_RTH;Long;1;10509,00;10547,75;28/6/2018 15:59:00;29/6/2018 9:32:00;EntradaCierre;SalidaApertura;$769,24;$-210,72;$5,76;$0,00;$0,00;$0,00;$0,00;$15,00;$805,00;$35,76;4;
548;NQ 09-26;Backtest;PROD_Bot_NQ_OvernightDrift_1min_RTH;Long;1;10519,75;10502,75;29/6/2018 15:59:00;2/7/2018 9:32:00;EntradaCierre;SalidaApertura;$-345,76;$-556,48;$5,76;$0,00;$0,00;$0,00;$0,00;$345,00;$10,00;$355,76;4;
549;NQ 09-26;Backtest;PROD_Bot_NQ_OvernightDrift_1min_RTH;Long;1;10569,00;10563,50;2/7/2018 15:59:00;3/7/2018 9:32:00;EntradaCierre;SalidaApertura;$-115,76;$-672,24;$5,76;$0,00;$0,00;$0,00;$0,00;$180,00;$5,00;$120,76;4;
550;NQ 09-26;Backtest;PROD_Bot_NQ_OvernightDrift_1min_RTH;Long;1;10578,00;10614,50;5/7/2018 15:59:00;6/7/2018 9:32:00;EntradaCierre;SalidaApertura;$724,24;$52,00;$5,76;$0,00;$0,00;$0,00;$0,00;$25,00;$750,00;$25,76;4;
551;NQ 09-26;Backtest;PROD_Bot_NQ_OvernightDrift_1min_RTH;Long;1;10682,50;10695,25;6/7/2018 15:59:00;9/7/2018 9:32:00;EntradaCierre;SalidaApertura;$249,24;$301,24;$5,76;$0,00;$0,00;$0,00;$0,00;$35,00;$310,00;$60,76;4;
552;NQ 09-26;Backtest;PROD_Bot_NQ_OvernightDrift_1min_RTH;Long;1;10754,25;10753,00;9/7/2018 15:59:00;10/7/2018 9:32:00;EntradaCierre;SalidaApertura;$-30,76;$270,48;$5,76;$0,00;$0,00;$0,00;$0,00;$75,00;$10,00;$40,76;4;
553;NQ 09-26;Backtest;PROD_Bot_NQ_OvernightDrift_1min_RTH;Long;1;10722,75;10739,00;10/7/2018 15:59:00;11/7/2018 9:32:00;EntradaCierre;SalidaApertura;$319,24;$589,72;$5,76;$0,00;$0,00;$0,00;$0,00;$20,00;$370,00;$50,76;4;
554;NQ 09-26;Backtest;PROD_Bot_NQ_OvernightDrift_1min_RTH;Long;1;10708,00;10794,00;11/7/2018 15:59:00;12/7/2018 9:32:00;EntradaCierre;SalidaApertura;$1714,24;$2303,96;$5,76;$0,00;$0,00;$0,00;$0,00;$70,00;$1735,00;$20,76;4;
555;NQ 09-26;Backtest;PROD_Bot_NQ_OvernightDrift_1min_RTH;Long;1;10836,25;10846,25;12/7/2018 15:59:00;13/7/2018 9:32:00;EntradaCierre;SalidaApertura;$194,24;$2498,20;$5,76;$0,00;$0,00;$0,00;$0,00;$60,00;$265,00;$70,76;4;
556;NQ 09-26;Backtest;PROD_Bot_NQ_OvernightDrift_1min_RTH;Long;1;10848,00;10844,00;13/7/2018 15:59:00;16/7/2018 9:32:00;EntradaCierre;SalidaApertura;$-85,76;$2412,44;$5,76;$0,00;$0,00;$0,00;$0,00;$105,00;$25,00;$110,76;4;
557;NQ 09-26;Backtest;PROD_Bot_NQ_OvernightDrift_1min_RTH;Long;1;10773,00;10807,25;16/7/2018 15:59:00;17/7/2018 9:32:00;EntradaCierre;SalidaApertura;$679,24;$3091,68;$5,76;$0,00;$0,00;$0,00;$0,00;$50,00;$700,00;$20,76;4;
558;NQ 09-26;Backtest;PROD_Bot_NQ_OvernightDrift_1min_RTH;Long;1;10875,75;10847,00;17/7/2018 15:59:00;18/7/2018 9:32:00;EntradaCierre;SalidaApertura;$-580,76;$2510,92;$5,76;$0,00;$0,00;$0,00;$0,00;$620,00;$35,00;$615,76;4;
559;NQ 09-26;Backtest;PROD_Bot_NQ_OvernightDrift_1min_RTH;Long;1;10851,00;10816,25;18/7/2018 15:59:00;19/7/2018 9:32:00;EntradaCierre;SalidaApertura;$-700,76;$1810,16;$5,76;$0,00;$0,00;$0,00;$0,00;$700,00;$15,00;$715,76;4;
560;NQ 09-26;Backtest;PROD_Bot_NQ_OvernightDrift_1min_RTH;Long;1;10820,50;10844,00;19/7/2018 15:59:00;20/7/2018 9:32:00;EntradaCierre;SalidaApertura;$464,24;$2274,40;$5,76;$0,00;$0,00;$0,00;$0,00;$55,00;$570,00;$105,76;4;
561;NQ 09-26;Backtest;PROD_Bot_NQ_OvernightDrift_1min_RTH;Long;1;10817,50;10785,25;20/7/2018 15:59:00;23/7/2018 9:32:00;EntradaCierre;SalidaApertura;$-650,76;$1623,64;$5,76;$0,00;$0,00;$0,00;$0,00;$645,00;$0,00;$650,76;4;
562;NQ 09-26;Backtest;PROD_Bot_NQ_OvernightDrift_1min_RTH;Long;1;10874,00;10932,75;23/7/2018 15:59:00;24/7/2018 9:32:00;EntradaCierre;SalidaApertura;$1169,24;$2792,88;$5,76;$0,00;$0,00;$0,00;$0,00;$50,00;$1195,00;$25,76;4;
563;NQ 09-26;Backtest;PROD_Bot_NQ_OvernightDrift_1min_RTH;Long;1;10862,50;10881,25;24/7/2018 15:59:00;25/7/2018 9:32:00;EntradaCierre;SalidaApertura;$369,24;$3162,12;$5,76;$0,00;$0,00;$0,00;$0,00;$35,00;$415,00;$45,76;4;
564;NQ 09-26;Backtest;PROD_Bot_NQ_OvernightDrift_1min_RTH;Long;1;10937,25;10868,25;25/7/2018 15:59:00;26/7/2018 9:32:00;EntradaCierre;SalidaApertura;$-1385,76;$1776,36;$5,76;$0,00;$0,00;$0,00;$0,00;$1425,00;$25,00;$1410,76;4;
565;NQ 09-26;Backtest;PROD_Bot_NQ_OvernightDrift_1min_RTH;Long;1;10875,25;10853,00;26/7/2018 15:59:00;27/7/2018 9:32:00;EntradaCierre;SalidaApertura;$-450,76;$1325,60;$5,76;$0,00;$0,00;$0,00;$0,00;$600,00;$55,00;$505,76;4;
566;NQ 09-26;Backtest;PROD_Bot_NQ_OvernightDrift_1min_RTH;Long;1;10752,50;10690,00;27/7/2018 15:59:00;30/7/2018 9:32:00;EntradaCierre;SalidaApertura;$-1255,76;$69,84;$5,76;$0,00;$0,00;$0,00;$0,00;$1330,00;$20,00;$1275,76;4;
567;NQ 09-26;Backtest;PROD_Bot_NQ_OvernightDrift_1min_RTH;Long;1;10659,75;10659,00;30/7/2018 15:59:00;31/7/2018 9:32:00;EntradaCierre;SalidaApertura;$-20,76;$49,08;$5,76;$0,00;$0,00;$0,00;$0,00;$50,00;$55,00;$75,76;4;
568;NQ 09-26;Backtest;PROD_Bot_NQ_OvernightDrift_1min_RTH;Long;1;10746,75;10752,50;31/7/2018 15:59:00;1/8/2018 9:32:00;EntradaCierre;SalidaApertura;$109,24;$158,32;$5,76;$0,00;$0,00;$0,00;$0,00;$65,00;$160,00;$50,76;4;
569;NQ 09-26;Backtest;PROD_Bot_NQ_OvernightDrift_1min_RTH;Long;1;10737,50;10746,25;1/8/2018 15:59:00;2/8/2018 9:32:00;EntradaCierre;SalidaApertura;$169,24;$327,56;$5,76;$0,00;$0,00;$0,00;$0,00;$10,00;$235,00;$65,76;4;
570;NQ 09-26;Backtest;PROD_Bot_NQ_OvernightDrift_1min_RTH;Long;1;10844,50;10850,50;2/8/2018 15:59:00;3/8/2018 9:32:00;EntradaCierre;SalidaApertura;$114,24;$441,80;$5,76;$0,00;$0,00;$0,00;$0,00;$25,00;$150,00;$35,76;4;
571;NQ 09-26;Backtest;PROD_Bot_NQ_OvernightDrift_1min_RTH;Long;1;10857,50;10857,75;3/8/2018 15:59:00;6/8/2018 9:32:00;EntradaCierre;SalidaApertura;$-0,76;$441,04;$5,76;$0,00;$0,00;$0,00;$0,00;$85,00;$25,00;$25,76;4;
572;NQ 09-26;Backtest;PROD_Bot_NQ_OvernightDrift_1min_RTH;Long;1;10897,00;10936,00;6/8/2018 15:59:00;7/8/2018 9:32:00;EntradaCierre;SalidaApertura;$774,24;$1215,28;$5,76;$0,00;$0,00;$0,00;$0,00;$60,00;$800,00;$25,76;4;
573;NQ 09-26;Backtest;PROD_Bot_NQ_OvernightDrift_1min_RTH;Long;1;10931,50;10918,25;7/8/2018 15:59:00;8/8/2018 9:32:00;EntradaCierre;SalidaApertura;$-270,76;$944,52;$5,76;$0,00;$0,00;$0,00;$0,00;$315,00;$10,00;$280,76;4;
574;NQ 09-26;Backtest;PROD_Bot_NQ_OvernightDrift_1min_RTH;Long;1;10914,25;10950,25;8/8/2018 15:59:00;9/8/2018 9:32:00;EntradaCierre;SalidaApertura;$714,24;$1658,76;$5,76;$0,00;$0,00;$0,00;$0,00;$20,00;$765,00;$50,76;4;
575;NQ 09-26;Backtest;PROD_Bot_NQ_OvernightDrift_1min_RTH;Long;1;10921,00;10884,50;9/8/2018 15:59:00;10/8/2018 9:32:00;EntradaCierre;SalidaApertura;$-735,76;$923,00;$5,76;$0,00;$0,00;$0,00;$0,00;$785,00;$40,00;$775,76;4;
576;NQ 09-26;Backtest;PROD_Bot_NQ_OvernightDrift_1min_RTH;Long;1;10882,00;10928,50;10/8/2018 15:59:00;13/8/2018 9:32:00;EntradaCierre;SalidaApertura;$924,24;$1847,24;$5,76;$0,00;$0,00;$0,00;$0,00;$25,00;$945,00;$20,76;4;
577;NQ 09-26;Backtest;PROD_Bot_NQ_OvernightDrift_1min_RTH;Long;1;10869,50;10874,75;13/8/2018 15:59:00;14/8/2018 9:32:00;EntradaCierre;SalidaApertura;$99,24;$1946,48;$5,76;$0,00;$0,00;$0,00;$0,00;$20,00;$150,00;$50,76;4;
578;NQ 09-26;Backtest;PROD_Bot_NQ_OvernightDrift_1min_RTH;Long;1;10913,00;10777,75;14/8/2018 15:59:00;15/8/2018 9:32:00;EntradaCierre;SalidaApertura;$-2710,76;$-764,28;$5,76;$0,00;$0,00;$0,00;$0,00;$2865,00;$20,00;$2730,76;4;
579;NQ 09-26;Backtest;PROD_Bot_NQ_OvernightDrift_1min_RTH;Long;1;10832,00;10868,50;15/8/2018 15:59:00;16/8/2018 9:32:00;EntradaCierre;SalidaApertura;$724,24;$-40,04;$5,76;$0,00;$0,00;$0,00;$0,00;$10,00;$745,00;$20,76;4;
580;NQ 09-26;Backtest;PROD_Bot_NQ_OvernightDrift_1min_RTH;Long;1;10834,00;10785,00;16/8/2018 15:59:00;17/8/2018 9:32:00;EntradaCierre;SalidaApertura;$-985,76;$-1025,80;$5,76;$0,00;$0,00;$0,00;$0,00;$1100,00;$20,00;$1005,76;4;
581;NQ 09-26;Backtest;PROD_Bot_NQ_OvernightDrift_1min_RTH;Long;1;10842,25;10816,00;17/8/2018 15:59:00;20/8/2018 9:32:00;EntradaCierre;SalidaApertura;$-530,76;$-1556,56;$5,76;$0,00;$0,00;$0,00;$0,00;$565,00;$25,00;$555,76;4;
582;NQ 09-26;Backtest;PROD_Bot_NQ_OvernightDrift_1min_RTH;Long;1;10834,75;10877,25;20/8/2018 15:59:00;21/8/2018 9:32:00;EntradaCierre;SalidaApertura;$844,24;$-712,32;$5,76;$0,00;$0,00;$0,00;$0,00;$60,00;$870,00;$25,76;4;
583;NQ 09-26;Backtest;PROD_Bot_NQ_OvernightDrift_1min_RTH;Long;1;10833,50;10853,75;21/8/2018 15:59:00;22/8/2018 9:32:00;EntradaCierre;SalidaApertura;$399,24;$-313,08;$5,76;$0,00;$0,00;$0,00;$0,00;$210,00;$425,00;$25,76;5;
584;NQ 09-26;Backtest;PROD_Bot_NQ_OvernightDrift_1min_RTH;Long;1;11021,25;11035,25;25/9/2018 15:59:00;26/9/2018 9:32:00;EntradaCierre;SalidaApertura;$274,24;$-38,84;$5,76;$0,00;$0,00;$0,00;$0,00;$20,00;$310,00;$35,76;4;
585;NQ 09-26;Backtest;PROD_Bot_NQ_OvernightDrift_1min_RTH;Long;1;11014,75;11089,75;26/9/2018 15:59:00;27/9/2018 9:32:00;EntradaCierre;SalidaApertura;$1494,24;$1455,40;$5,76;$0,00;$0,00;$0,00;$0,00;$55,00;$1550,00;$55,76;4;
586;NQ 09-26;Backtest;PROD_Bot_NQ_OvernightDrift_1min_RTH;Long;1;11087,50;11061,75;27/9/2018 15:59:00;28/9/2018 9:32:00;EntradaCierre;SalidaApertura;$-520,76;$934,64;$5,76;$0,00;$0,00;$0,00;$0,00;$515,00;$15,00;$535,76;4;
587;NQ 09-26;Backtest;PROD_Bot_NQ_OvernightDrift_1min_RTH;Long;1;11089,50;11147,50;28/9/2018 15:59:00;1/10/2018 9:32:00;EntradaCierre;SalidaApertura;$1154,24;$2088,88;$5,76;$0,00;$0,00;$0,00;$0,00;$15,00;$1190,00;$35,76;4;
588;NQ 09-26;Backtest;PROD_Bot_NQ_OvernightDrift_1min_RTH;Long;1;11096,00;11101,00;1/10/2018 15:59:00;2/10/2018 9:32:00;EntradaCierre;SalidaApertura;$94,24;$2183,12;$5,76;$0,00;$0,00;$0,00;$0,00;$15,00;$195,00;$100,76;4;
589;NQ 09-26;Backtest;PROD_Bot_NQ_OvernightDrift_1min_RTH;Long;1;11080,75;11119,00;2/10/2018 15:59:00;3/10/2018 9:32:00;EntradaCierre;SalidaApertura;$759,24;$2942,36;$5,76;$0,00;$0,00;$0,00;$0,00;$15,00;$800,00;$40,76;4;
590;NQ 09-26;Backtest;PROD_Bot_NQ_OvernightDrift_1min_RTH;Long;1;11069,50;10973,75;3/10/2018 15:59:00;4/10/2018 9:32:00;EntradaCierre;SalidaApertura;$-1920,76;$1021,60;$5,76;$0,00;$0,00;$0,00;$0,00;$2010,00;$120,00;$2040,76;4;
591;NQ 09-26;Backtest;PROD_Bot_NQ_OvernightDrift_1min_RTH;Long;1;10945,00;10916,50;4/10/2018 15:59:00;5/10/2018 9:32:00;EntradaCierre;SalidaApertura;$-575,76;$445,84;$5,76;$0,00;$0,00;$0,00;$0,00;$590,00;$45,00;$620,76;4;
592;NQ 09-26;Backtest;PROD_Bot_NQ_OvernightDrift_1min_RTH;Long;1;10859,00;10850,25;5/10/2018 15:59:00;8/10/2018 9:32:00;EntradaCierre;SalidaApertura;$-180,76;$265,08;$5,76;$0,00;$0,00;$0,00;$0,00;$240,00;$55,00;$235,76;4;
593;NQ 09-26;Backtest;PROD_Bot_NQ_OvernightDrift_1min_RTH;Long;1;10813,25;10859,75;8/10/2018 15:59:00;9/10/2018 9:32:00;EntradaCierre;SalidaApertura;$924,24;$1189,32;$5,76;$0,00;$0,00;$0,00;$0,00;$10,00;$1015,00;$90,76;4;
594;NQ 09-26;Backtest;PROD_Bot_NQ_OvernightDrift_1min_RTH;Long;1;10817,75;10702,75;9/10/2018 15:59:00;10/10/2018 9:32:00;EntradaCierre;SalidaApertura;$-2305,76;$-1116,44;$5,76;$0,00;$0,00;$0,00;$0,00;$2670,00;$40,00;$2345,76;4;
595;NQ 09-26;Backtest;PROD_Bot_NQ_OvernightDrift_1min_RTH;Long;1;10606,00;10510,50;12/10/2018 15:59:00;15/10/2018 9:32:00;EntradaCierre;SalidaApertura;$-1915,76;$-3032,20;$5,76;$0,00;$0,00;$0,00;$0,00;$1970,00;$50,00;$1965,76;4;
596;NQ 09-26;Backtest;PROD_Bot_NQ_OvernightDrift_1min_RTH;Long;1;10763,00;10692,50;16/10/2018 15:59:00;17/10/2018 9:32:00;EntradaCierre;SalidaApertura;$-1415,76;$-4447,96;$5,76;$0,00;$0,00;$0,00;$0,00;$1535,00;$40,00;$1455,76;4;
597;NQ 09-26;Backtest;PROD_Bot_NQ_OvernightDrift_1min_RTH;Long;1;10738,50;10651,25;17/10/2018 15:59:00;18/10/2018 9:32:00;EntradaCierre;SalidaApertura;$-1750,76;$-6198,72;$5,76;$0,00;$0,00;$0,00;$0,00;$1860,00;$5,00;$1755,76;4;
598;NQ 09-26;Backtest;PROD_Bot_NQ_OvernightDrift_1min_RTH;Long;1;10577,25;10645,75;18/10/2018 15:59:00;19/10/2018 9:32:00;EntradaCierre;SalidaApertura;$1364,24;$-4834,48;$5,76;$0,00;$0,00;$0,00;$0,00;$10,00;$1400,00;$35,76;4;
599;NQ 09-26;Backtest;PROD_Bot_NQ_OvernightDrift_1min_RTH;Long;1;10581,75;10400,50;22/10/2018 15:59:00;23/10/2018 9:32:00;EntradaCierre;SalidaApertura;$-3630,76;$-8465,24;$5,76;$0,00;$0,00;$0,00;$0,00;$3625,00;$10,00;$3640,76;4;
600;NQ 09-26;Backtest;PROD_Bot_NQ_OvernightDrift_1min_RTH;Long;1;10559,75;10483,75;23/10/2018 15:59:00;24/10/2018 9:32:00;EntradaCierre;SalidaApertura;$-1525,76;$-9991,00;$5,76;$0,00;$0,00;$0,00;$0,00;$1580,00;$105,00;$1630,76;4;
601;NQ 09-26;Backtest;PROD_Bot_NQ_OvernightDrift_1min_RTH;Long;1;10643,00;10602,25;7/11/2018 16:59:00;8/11/2018 9:32:00;EntradaCierre;SalidaApertura;$-820,76;$-10811,76;$5,76;$0,00;$0,00;$0,00;$0,00;$875,00;$10,00;$830,76;4;
602;NQ 09-26;Backtest;PROD_Bot_NQ_OvernightDrift_1min_RTH;Long;1;10580,75;10530,00;8/11/2018 16:59:00;9/11/2018 9:32:00;EntradaCierre;SalidaApertura;$-1020,76;$-11832,52;$5,76;$0,00;$0,00;$0,00;$0,00;$1190,00;$0,00;$1020,76;4;
603;NQ 09-26;Backtest;PROD_Bot_NQ_OvernightDrift_1min_RTH;Long;1;10518,25;10501,25;25/2/2019 16:59:00;26/2/2019 9:32:00;EntradaCierre;SalidaApertura;$-345,76;$-12178,28;$5,76;$0,00;$0,00;$0,00;$0,00;$415,00;$20,00;$365,76;4;
604;NQ 09-26;Backtest;PROD_Bot_NQ_OvernightDrift_1min_RTH;Long;1;10509,75;10500,25;26/2/2019 16:59:00;27/2/2019 9:32:00;EntradaCierre;SalidaApertura;$-195,76;$-12374,04;$5,76;$0,00;$0,00;$0,00;$0,00;$375,00;$0,00;$195,76;4;
605;NQ 09-26;Backtest;PROD_Bot_NQ_OvernightDrift_1min_RTH;Long;1;10522,25;10502,00;27/2/2019 16:59:00;28/2/2019 9:32:00;EntradaCierre;SalidaApertura;$-410,76;$-12784,80;$5,76;$0,00;$0,00;$0,00;$0,00;$620,00;$0,00;$410,76;4;
606;NQ 09-26;Backtest;PROD_Bot_NQ_OvernightDrift_1min_RTH;Long;1;10509,25;10554,00;28/2/2019 16:59:00;1/3/2019 9:32:00;EntradaCierre;SalidaApertura;$889,24;$-11895,56;$5,76;$0,00;$0,00;$0,00;$0,00;$35,00;$1005,00;$115,76;4;
607;NQ 09-26;Backtest;PROD_Bot_NQ_OvernightDrift_1min_RTH;Long;1;10557,00;10598,50;1/3/2019 16:59:00;4/3/2019 9:32:00;EntradaCierre;SalidaApertura;$824,24;$-11071,32;$5,76;$0,00;$0,00;$0,00;$0,00;$30,00;$950,00;$125,76;4;
608;NQ 09-26;Backtest;PROD_Bot_NQ_OvernightDrift_1min_RTH;Long;1;10542,25;10553,00;4/3/2019 16:59:00;5/3/2019 9:32:00;EntradaCierre;SalidaApertura;$209,24;$-10862,08;$5,76;$0,00;$0,00;$0,00;$0,00;$20,00;$325,00;$115,76;4;
609;NQ 09-26;Backtest;PROD_Bot_NQ_OvernightDrift_1min_RTH;Long;1;10558,00;10560,25;5/3/2019 16:59:00;6/3/2019 9:32:00;EntradaCierre;SalidaApertura;$39,24;$-10822,84;$5,76;$0,00;$0,00;$0,00;$0,00;$45,00;$150,00;$110,76;4;
610;NQ 09-26;Backtest;PROD_Bot_NQ_OvernightDrift_1min_RTH;Long;1;10731,75;10750,75;18/3/2019 15:59:00;19/3/2019 9:32:00;EntradaCierre;SalidaApertura;$374,24;$-10448,60;$5,76;$0,00;$0,00;$0,00;$0,00;$25,00;$400,00;$25,76;4;
611;NQ 09-26;Backtest;PROD_Bot_NQ_OvernightDrift_1min_RTH;Long;1;10746,75;10750,50;19/3/2019 15:59:00;20/3/2019 9:32:00;EntradaCierre;SalidaApertura;$69,24;$-10379,36;$5,76;$0,00;$0,00;$0,00;$0,00;$15,00;$115,00;$45,76;4;
612;NQ 09-26;Backtest;PROD_Bot_NQ_OvernightDrift_1min_RTH;Long;1;10768,00;10819,50;20/3/2019 15:59:00;21/3/2019 9:32:00;EntradaCierre;SalidaApertura;$1024,24;$-9355,12;$5,76;$0,00;$0,00;$0,00;$0,00;$20,00;$1105,00;$80,76;4;
613;NQ 09-26;Backtest;PROD_Bot_NQ_OvernightDrift_1min_RTH;Long;1;10898,75;10843,50;21/3/2019 15:59:00;22/3/2019 9:32:00;EntradaCierre;SalidaApertura;$-1110,76;$-10465,88;$5,76;$0,00;$0,00;$0,00;$0,00;$1230,00;$15,00;$1125,76;4;
614;NQ 09-26;Backtest;PROD_Bot_NQ_OvernightDrift_1min_RTH;Long;1;10730,25;10685,75;22/3/2019 15:59:00;25/3/2019 9:32:00;EntradaCierre;SalidaApertura;$-895,76;$-11361,64;$5,76;$0,00;$0,00;$0,00;$0,00;$1015,00;$25,00;$920,76;4;
615;NQ 09-26;Backtest;PROD_Bot_NQ_OvernightDrift_1min_RTH;Long;1;10730,75;10784,75;25/3/2019 15:59:00;26/3/2019 9:32:00;EntradaCierre;SalidaApertura;$1074,24;$-10287,40;$5,76;$0,00;$0,00;$0,00;$0,00;$20,00;$1185,00;$110,76;4;
616;NQ 09-26;Backtest;PROD_Bot_NQ_OvernightDrift_1min_RTH;Long;1;10751,75;10762,00;26/3/2019 15:59:00;27/3/2019 9:32:00;EntradaCierre;SalidaApertura;$199,24;$-10088,16;$5,76;$0,00;$0,00;$0,00;$0,00;$40,00;$230,00;$30,76;4;
617;NQ 09-26;Backtest;PROD_Bot_NQ_OvernightDrift_1min_RTH;Long;1;10695,00;10729,50;27/3/2019 15:59:00;28/3/2019 9:32:00;EntradaCierre;SalidaApertura;$684,24;$-9403,92;$5,76;$0,00;$0,00;$0,00;$0,00;$80,00;$710,00;$25,76;4;
618;NQ 09-26;Backtest;PROD_Bot_NQ_OvernightDrift_1min_RTH;Long;1;10722,75;10757,25;28/3/2019 15:59:00;29/3/2019 9:32:00;EntradaCierre;SalidaApertura;$684,24;$-8719,68;$5,76;$0,00;$0,00;$0,00;$0,00;$5,00;$770,00;$85,76;4;
619;NQ 09-26;Backtest;PROD_Bot_NQ_OvernightDrift_1min_RTH;Long;1;10781,00;10828,25;29/3/2019 15:59:00;1/4/2019 9:32:00;EntradaCierre;SalidaApertura;$939,24;$-7780,44;$5,76;$0,00;$0,00;$0,00;$0,00;$10,00;$1010,00;$70,76;4;
620;NQ 09-26;Backtest;PROD_Bot_NQ_OvernightDrift_1min_RTH;Long;1;10867,00;10880,25;1/4/2019 15:59:00;2/4/2019 9:32:00;EntradaCierre;SalidaApertura;$259,24;$-7521,20;$5,76;$0,00;$0,00;$0,00;$0,00;$20,00;$335,00;$75,76;4;
621;NQ 09-26;Backtest;PROD_Bot_NQ_OvernightDrift_1min_RTH;Long;1;10885,75;10946,00;2/4/2019 15:59:00;3/4/2019 9:32:00;EntradaCierre;SalidaApertura;$1199,24;$-6321,96;$5,76;$0,00;$0,00;$0,00;$0,00;$30,00;$1250,00;$50,76;4;
622;NQ 09-26;Backtest;PROD_Bot_NQ_OvernightDrift_1min_RTH;Long;1;10948,75;10915,50;3/4/2019 15:59:00;4/4/2019 9:32:00;EntradaCierre;SalidaApertura;$-670,76;$-6992,72;$5,76;$0,00;$0,00;$0,00;$0,00;$665,00;$30,00;$700,76;4;
623;NQ 09-26;Backtest;PROD_Bot_NQ_OvernightDrift_1min_RTH;Long;1;10932,75;10966,00;4/4/2019 15:59:00;5/4/2019 9:32:00;EntradaCierre;SalidaApertura;$659,24;$-6333,48;$5,76;$0,00;$0,00;$0,00;$0,00;$35,00;$720,00;$60,76;4;
624;NQ 09-26;Backtest;PROD_Bot_NQ_OvernightDrift_1min_RTH;Long;1;10977,00;10952,75;5/4/2019 15:59:00;8/4/2019 9:32:00;EntradaCierre;SalidaApertura;$-490,76;$-6824,24;$5,76;$0,00;$0,00;$0,00;$0,00;$600,00;$85,00;$575,76;4;
625;NQ 09-26;Backtest;PROD_Bot_NQ_OvernightDrift_1min_RTH;Long;1;10994,25;10982,75;8/4/2019 15:59:00;9/4/2019 9:32:00;EntradaCierre;SalidaApertura;$-235,76;$-7060,00;$5,76;$0,00;$0,00;$0,00;$0,00;$230,00;$35,00;$270,76;4;
626;NQ 09-26;Backtest;PROD_Bot_NQ_OvernightDrift_1min_RTH;Long;1;10960,00;10974,75;9/4/2019 15:59:00;10/4/2019 9:32:00;EntradaCierre;SalidaApertura;$289,24;$-6770,76;$5,76;$0,00;$0,00;$0,00;$0,00;$55,00;$315,00;$25,76;4;
627;NQ 09-26;Backtest;PROD_Bot_NQ_OvernightDrift_1min_RTH;Long;1;11013,00;10993,75;10/4/2019 15:59:00;11/4/2019 9:32:00;EntradaCierre;SalidaApertura;$-390,76;$-7161,52;$5,76;$0,00;$0,00;$0,00;$0,00;$395,00;$5,00;$395,76;4;
628;NQ 09-26;Backtest;PROD_Bot_NQ_OvernightDrift_1min_RTH;Long;1;10988,00;11019,75;11/4/2019 15:59:00;12/4/2019 9:32:00;EntradaCierre;SalidaApertura;$629,24;$-6532,28;$5,76;$0,00;$0,00;$0,00;$0,00;$20,00;$655,00;$25,76;4;
629;NQ 09-26;Backtest;PROD_Bot_NQ_OvernightDrift_1min_RTH;Long;1;11021,00;10980,75;12/4/2019 15:59:00;15/4/2019 9:32:00;EntradaCierre;SalidaApertura;$-810,76;$-7343,04;$5,76;$0,00;$0,00;$0,00;$0,00;$820,00;$30,00;$840,76;4;
630;NQ 09-26;Backtest;PROD_Bot_NQ_OvernightDrift_1min_RTH;Long;1;11019,00;11055,25;15/4/2019 15:59:00;16/4/2019 9:32:00;EntradaCierre;SalidaApertura;$719,24;$-6623,80;$5,76;$0,00;$0,00;$0,00;$0,00;$15,00;$755,00;$35,76;4;
631;NQ 09-26;Backtest;PROD_Bot_NQ_OvernightDrift_1min_RTH;Long;1;11045,25;11077,75;16/4/2019 15:59:00;17/4/2019 9:32:00;EntradaCierre;SalidaApertura;$644,24;$-5979,56;$5,76;$0,00;$0,00;$0,00;$0,00;$5,00;$675,00;$30,76;4;
632;NQ 09-26;Backtest;PROD_Bot_NQ_OvernightDrift_1min_RTH;Long;1;11055,25;11042,75;17/4/2019 15:59:00;18/4/2019 9:32:00;EntradaCierre;SalidaApertura;$-255,76;$-6235,32;$5,76;$0,00;$0,00;$0,00;$0,00;$300,00;$40,00;$295,76;4;
633;NQ 09-26;Backtest;PROD_Bot_NQ_OvernightDrift_1min_RTH;Long;1;11084,25;11072,75;18/4/2019 15:59:00;22/4/2019 9:32:00;EntradaCierre;SalidaApertura;$-235,76;$-6471,08;$5,76;$0,00;$0,00;$0,00;$0,00;$245,00;$10,00;$245,76;4;
634;NQ 09-26;Backtest;PROD_Bot_NQ_OvernightDrift_1min_RTH;Long;1;11109,50;11160,50;22/4/2019 15:59:00;23/4/2019 9:32:00;EntradaCierre;SalidaApertura;$1014,24;$-5456,84;$5,76;$0,00;$0,00;$0,00;$0,00;$35,00;$1055,00;$40,76;4;
635;NQ 09-26;Backtest;PROD_Bot_NQ_OvernightDrift_1min_RTH;Long;1;11203,00;11196,25;23/4/2019 15:59:00;24/4/2019 9:32:00;EntradaCierre;SalidaApertura;$-140,76;$-5597,60;$5,76;$0,00;$0,00;$0,00;$0,00;$135,00;$0,00;$140,76;4;
636;NQ 09-26;Backtest;PROD_Bot_NQ_OvernightDrift_1min_RTH;Long;1;11207,75;11179,75;24/4/2019 15:59:00;25/4/2019 9:32:00;EntradaCierre;SalidaApertura;$-565,76;$-6163,36;$5,76;$0,00;$0,00;$0,00;$0,00;$570,00;$20,00;$585,76;4;
637;NQ 09-26;Backtest;PROD_Bot_NQ_OvernightDrift_1min_RTH;Long;1;11164,50;11162,00;25/4/2019 15:59:00;26/4/2019 9:32:00;EntradaCierre;SalidaApertura;$-55,76;$-6219,12;$5,76;$0,00;$0,00;$0,00;$0,00;$80,00;$15,00;$70,76;4;
638;NQ 09-26;Backtest;PROD_Bot_NQ_OvernightDrift_1min_RTH;Long;1;11208,00;11215,50;26/4/2019 15:59:00;29/4/2019 9:32:00;EntradaCierre;SalidaApertura;$144,24;$-6074,88;$5,76;$0,00;$0,00;$0,00;$0,00;$65,00;$185,00;$40,76;4;
639;NQ 09-26;Backtest;PROD_Bot_NQ_OvernightDrift_1min_RTH;Long;1;11176,25;11147,50;29/4/2019 15:59:00;30/4/2019 9:32:00;EntradaCierre;SalidaApertura;$-580,76;$-6655,64;$5,76;$0,00;$0,00;$0,00;$0,00;$585,00;$0,00;$580,76;4;
640;NQ 09-26;Backtest;PROD_Bot_NQ_OvernightDrift_1min_RTH;Long;1;11218,50;11204,75;30/4/2019 15:59:00;1/5/2019 9:32:00;EntradaCierre;SalidaApertura;$-280,76;$-6936,40;$5,76;$0,00;$0,00;$0,00;$0,00;$275,00;$40,00;$320,76;4;
641;NQ 09-26;Backtest;PROD_Bot_NQ_OvernightDrift_1min_RTH;Long;1;11107,75;11150,50;1/5/2019 15:59:00;2/5/2019 9:32:00;EntradaCierre;SalidaApertura;$849,24;$-6087,16;$5,76;$0,00;$0,00;$0,00;$0,00;$65,00;$900,00;$50,76;5;
642;NQ 09-26;Backtest;PROD_Bot_NQ_OvernightDrift_1min_RTH;Long;1;11106,00;11183,50;2/5/2019 16:00:00;3/5/2019 9:32:00;EntradaCierre;SalidaApertura;$1544,24;$-4542,92;$5,76;$0,00;$0,00;$0,00;$0,00;$10,00;$1595,00;$50,76;3;
643;NQ 09-26;Backtest;PROD_Bot_NQ_OvernightDrift_1min_RTH;Long;1;11240,50;11129,50;3/5/2019 16:00:00;6/5/2019 9:32:00;EntradaCierre;SalidaApertura;$-2225,76;$-6768,68;$5,76;$0,00;$0,00;$0,00;$0,00;$2310,00;$10,00;$2235,76;3;
644;NQ 09-26;Backtest;PROD_Bot_NQ_OvernightDrift_1min_RTH;Long;1;11170,00;11074,50;6/5/2019 16:00:00;7/5/2019 9:32:00;EntradaCierre;SalidaApertura;$-1915,76;$-8684,44;$5,76;$0,00;$0,00;$0,00;$0,00;$1985,00;$0,00;$1915,76;3;
645;NQ 09-26;Backtest;PROD_Bot_NQ_OvernightDrift_1min_RTH;Long;1;11038,25;11005,00;7/5/2019 16:00:00;8/5/2019 9:32:00;EntradaCierre;SalidaApertura;$-670,76;$-9355,20;$5,76;$0,00;$0,00;$0,00;$0,00;$700,00;$35,00;$705,76;3;
646;NQ 09-26;Backtest;PROD_Bot_NQ_OvernightDrift_1min_RTH;Long;1;11009,50;10856,25;8/5/2019 16:00:00;9/5/2019 9:32:00;EntradaCierre;SalidaApertura;$-3070,76;$-12425,96;$5,76;$0,00;$0,00;$0,00;$0,00;$3080,00;$35,00;$3105,76;3;
647;NQ 09-26;Backtest;PROD_Bot_NQ_OvernightDrift_1min_RTH;Long;1;10962,50;10875,00;9/5/2019 15:59:00;10/5/2019 9:32:00;EntradaCierre;SalidaApertura;$-1755,76;$-14181,72;$5,76;$0,00;$0,00;$0,00;$0,00;$1795,00;$5,00;$1760,76;4;
648;NQ 09-26;Backtest;PROD_Bot_NQ_OvernightDrift_1min_RTH;Long;1;10980,50;10725,75;10/5/2019 15:59:00;13/5/2019 9:32:00;EntradaCierre;SalidaApertura;$-5100,76;$-19282,48;$5,76;$0,00;$0,00;$0,00;$0,00;$5155,00;$10,00;$5110,76;4;
649;NQ 09-26;Backtest;PROD_Bot_NQ_OvernightDrift_1min_RTH;Long;1;10680,50;10771,00;13/5/2019 15:59:00;14/5/2019 9:32:00;EntradaCierre;SalidaApertura;$1804,24;$-17478,24;$5,76;$0,00;$0,00;$0,00;$0,00;$10,00;$1970,00;$165,76;4;
650;NQ 09-26;Backtest;PROD_Bot_NQ_OvernightDrift_1min_RTH;Long;1;10794,25;10841,75;14/5/2019 15:59:00;15/5/2019 9:32:00;EntradaCierre;SalidaApertura;$944,24;$-16534,00;$5,76;$0,00;$0,00;$0,00;$0,00;$15,00;$1020,00;$75,76;4;
651;NQ 09-26;Backtest;PROD_Bot_NQ_OvernightDrift_1min_RTH;Long;1;10896,75;10979,25;15/5/2019 15:59:00;16/5/2019 9:32:00;EntradaCierre;SalidaApertura;$1644,24;$-14889,76;$5,76;$0,00;$0,00;$0,00;$0,00;$25,00;$1755,00;$110,76;4;
652;NQ 09-26;Backtest;PROD_Bot_NQ_OvernightDrift_1min_RTH;Long;1;10972,25;10935,75;16/5/2019 15:59:00;17/5/2019 9:32:00;EntradaCierre;SalidaApertura;$-735,76;$-15625,52;$5,76;$0,00;$0,00;$0,00;$0,00;$740,00;$0,00;$735,76;4;
653;NQ 09-26;Backtest;PROD_Bot_NQ_OvernightDrift_1min_RTH;Long;1;10880,75;10784,75;17/5/2019 15:59:00;20/5/2019 9:32:00;EntradaCierre;SalidaApertura;$-1925,76;$-17551,28;$5,76;$0,00;$0,00;$0,00;$0,00;$1935,00;$0,00;$1925,76;4;
654;NQ 09-26;Backtest;PROD_Bot_NQ_OvernightDrift_1min_RTH;Long;1;10774,75;10808,75;20/5/2019 15:59:00;21/5/2019 9:32:00;EntradaCierre;SalidaApertura;$674,24;$-16877,04;$5,76;$0,00;$0,00;$0,00;$0,00;$40,00;$775,00;$100,76;4;
655;NQ 09-26;Backtest;PROD_Bot_NQ_OvernightDrift_1min_RTH;Long;1;10831,75;10822,00;21/5/2019 15:59:00;22/5/2019 9:32:00;EntradaCierre;SalidaApertura;$-200,76;$-17077,80;$5,76;$0,00;$0,00;$0,00;$0,00;$300,00;$5,00;$205,76;4;
656;NQ 09-26;Backtest;PROD_Bot_NQ_OvernightDrift_1min_RTH;Long;1;10795,75;10690,25;22/5/2019 15:59:00;23/5/2019 9:32:00;EntradaCierre;SalidaApertura;$-2115,76;$-19193,56;$5,76;$0,00;$0,00;$0,00;$0,00;$2125,00;$5,00;$2120,76;4;
657;NQ 09-26;Backtest;PROD_Bot_NQ_OvernightDrift_1min_RTH;Long;1;10682,75;10707,50;23/5/2019 15:59:00;24/5/2019 9:32:00;EntradaCierre;SalidaApertura;$489,24;$-18704,32;$5,76;$0,00;$0,00;$0,00;$0,00;$10,00;$605,00;$115,76;4;
658;NQ 09-26;Backtest;PROD_Bot_NQ_OvernightDrift_1min_RTH;Long;1;10681,25;10683,50;24/5/2019 15:59:00;27/5/2019 9:32:00;EntradaCierre;SalidaApertura;$39,24;$-18665,08;$5,76;$0,00;$0,00;$0,00;$0,00;$45,00;$60,00;$20,76;4;
659;NQ 09-26;Backtest;PROD_Bot_NQ_OvernightDrift_1min_RTH;Long;1;10660,50;10627,00;28/5/2019 15:59:00;29/5/2019 9:32:00;EntradaCierre;SalidaApertura;$-675,76;$-19340,84;$5,76;$0,00;$0,00;$0,00;$0,00;$710,00;$10,00;$685,76;4;
660;NQ 09-26;Backtest;PROD_Bot_NQ_OvernightDrift_1min_RTH;Long;1;10584,50;10628,00;29/5/2019 15:59:00;30/5/2019 9:32:00;EntradaCierre;SalidaApertura;$864,24;$-18476,60;$5,76;$0,00;$0,00;$0,00;$0,00;$35,00;$910,00;$45,76;4;
661;NQ 09-26;Backtest;PROD_Bot_NQ_OvernightDrift_1min_RTH;Long;1;10623,50;10530,75;30/5/2019 15:59:00;31/5/2019 9:32:00;EntradaCierre;SalidaApertura;$-1860,76;$-20337,36;$5,76;$0,00;$0,00;$0,00;$0,00;$1875,00;$0,00;$1860,76;4;
662;NQ 09-26;Backtest;PROD_Bot_NQ_OvernightDrift_1min_RTH;Long;1;10601,50;10575,50;5/6/2019 15:59:00;6/6/2019 9:32:00;EntradaCierre;SalidaApertura;$-525,76;$-20863,12;$5,76;$0,00;$0,00;$0,00;$0,00;$520,00;$30,00;$555,76;4;
663;NQ 09-26;Backtest;PROD_Bot_NQ_OvernightDrift_1min_RTH;Long;1;10628,50;10769,50;6/6/2019 15:59:00;7/6/2019 9:32:00;EntradaCierre;SalidaApertura;$2814,24;$-18048,88;$5,76;$0,00;$0,00;$0,00;$0,00;$10,00;$2850,00;$35,76;4;
664;NQ 09-26;Backtest;PROD_Bot_NQ_OvernightDrift_1min_RTH;Long;1;10793,25;10896,75;7/6/2019 15:59:00;10/6/2019 9:32:00;EntradaCierre;SalidaApertura;$2064,24;$-15984,64;$5,76;$0,00;$0,00;$0,00;$0,00;$15,00;$2210,00;$145,76;4;
665;NQ 09-26;Backtest;PROD_Bot_NQ_OvernightDrift_1min_RTH;Long;1;10887,50;10943,50;10/6/2019 15:59:00;11/6/2019 9:32:00;EntradaCierre;SalidaApertura;$1114,24;$-14870,40;$5,76;$0,00;$0,00;$0,00;$0,00;$20,00;$1190,00;$75,76;4;
666;NQ 09-26;Backtest;PROD_Bot_NQ_OvernightDrift_1min_RTH;Long;1;10888,50;10835,25;11/6/2019 15:59:00;12/6/2019 9:32:00;EntradaCierre;SalidaApertura;$-1070,76;$-15941,16;$5,76;$0,00;$0,00;$0,00;$0,00;$1065,00;$10,00;$1080,76;4;
667;NQ 09-26;Backtest;PROD_Bot_NQ_OvernightDrift_1min_RTH;Long;1;10846,50;10891,50;12/6/2019 15:59:00;13/6/2019 9:32:00;EntradaCierre;SalidaApertura;$894,24;$-15046,92;$5,76;$0,00;$0,00;$0,00;$0,00;$40,00;$940,00;$45,76;4;
668;NQ 09-26;Backtest;PROD_Bot_NQ_OvernightDrift_1min_RTH;Long;1;10852,50;10910,00;14/6/2019 15:59:00;17/6/2019 9:32:00;EntradaCierre;SalidaApertura;$1144,24;$-13902,68;$5,76;$0,00;$0,00;$0,00;$0,00;$10,00;$1180,00;$35,76;4;
669;NQ 09-26;Backtest;PROD_Bot_NQ_OvernightDrift_1min_RTH;Long;1;10908,00;11048,50;17/6/2019 15:59:00;18/6/2019 9:32:00;EntradaCierre;SalidaApertura;$2804,24;$-11098,44;$5,76;$0,00;$0,00;$0,00;$0,00;$10,00;$2860,00;$55,76;4;
670;NQ 09-26;Backtest;PROD_Bot_NQ_OvernightDrift_1min_RTH;Long;1;11019,25;10994,75;18/6/2019 15:59:00;19/6/2019 9:32:00;EntradaCierre;SalidaApertura;$-495,76;$-11594,20;$5,76;$0,00;$0,00;$0,00;$0,00;$540,00;$10,00;$505,76;4;
671;NQ 09-26;Backtest;PROD_Bot_NQ_OvernightDrift_1min_RTH;Long;1;11039,50;11110,00;19/6/2019 15:59:00;20/6/2019 9:32:00;EntradaCierre;SalidaApertura;$1404,24;$-10189,96;$5,76;$0,00;$0,00;$0,00;$0,00;$10,00;$1460,00;$55,76;4;
672;NQ 09-26;Backtest;PROD_Bot_NQ_OvernightDrift_1min_RTH;Long;1;11107,00;11104,50;20/6/2019 15:59:00;21/6/2019 9:32:00;EntradaCierre;SalidaApertura;$-55,76;$-10245,72;$5,76;$0,00;$0,00;$0,00;$0,00;$80,00;$15,00;$70,76;4;
673;NQ 09-26;Backtest;PROD_Bot_NQ_OvernightDrift_1min_RTH;Long;1;11091,25;11112,25;21/6/2019 15:59:00;24/6/2019 9:32:00;EntradaCierre;SalidaApertura;$414,24;$-9831,48;$5,76;$0,00;$0,00;$0,00;$0,00;$50,00;$540,00;$125,76;4;
674;NQ 09-26;Backtest;PROD_Bot_NQ_OvernightDrift_1min_RTH;Long;1;11099,00;11058,50;24/6/2019 15:59:00;25/6/2019 9:32:00;EntradaCierre;SalidaApertura;$-815,76;$-10647,24;$5,76;$0,00;$0,00;$0,00;$0,00;$890,00;$35,00;$850,76;4;
675;NQ 09-26;Backtest;PROD_Bot_NQ_OvernightDrift_1min_RTH;Long;1;10976,75;11036,75;25/6/2019 15:59:00;26/6/2019 9:32:00;EntradaCierre;SalidaApertura;$1194,24;$-9453,00;$5,76;$0,00;$0,00;$0,00;$0,00;$20,00;$1230,00;$35,76;4;
676;NQ 09-26;Backtest;PROD_Bot_NQ_OvernightDrift_1min_RTH;Long;1;10987,00;11034,75;26/6/2019 15:59:00;27/6/2019 9:32:00;EntradaCierre;SalidaApertura;$949,24;$-8503,76;$5,76;$0,00;$0,00;$0,00;$0,00;$35,00;$990,00;$40,76;4;
677;NQ 09-26;Backtest;PROD_Bot_NQ_OvernightDrift_1min_RTH;Long;1;11028,50;11017,00;27/6/2019 15:59:00;28/6/2019 9:32:00;EntradaCierre;SalidaApertura;$-235,76;$-8739,52;$5,76;$0,00;$0,00;$0,00;$0,00;$270,00;$15,00;$250,76;4;
678;NQ 09-26;Backtest;PROD_Bot_NQ_OvernightDrift_1min_RTH;Long;1;11063,75;11151,00;28/6/2019 15:59:00;1/7/2019 9:32:00;EntradaCierre;SalidaApertura;$1739,24;$-7000,28;$5,76;$0,00;$0,00;$0,00;$0,00;$15,00;$1770,00;$30,76;4;
679;NQ 09-26;Backtest;PROD_Bot_NQ_OvernightDrift_1min_RTH;Long;1;11136,00;11141,75;1/7/2019 15:59:00;2/7/2019 9:32:00;EntradaCierre;SalidaApertura;$109,24;$-6891,04;$5,76;$0,00;$0,00;$0,00;$0,00;$40,00;$150,00;$40,76;4;
680;NQ 09-26;Backtest;PROD_Bot_NQ_OvernightDrift_1min_RTH;Long;1;11183,25;11201,25;2/7/2019 15:59:00;3/7/2019 9:32:00;EntradaCierre;SalidaApertura;$354,24;$-6536,80;$5,76;$0,00;$0,00;$0,00;$0,00;$10,00;$405,00;$50,76;4;
681;NQ 09-26;Backtest;PROD_Bot_NQ_OvernightDrift_1min_RTH;Long;1;11197,75;11133,00;5/7/2019 15:59:00;8/7/2019 9:32:00;EntradaCierre;SalidaApertura;$-1300,76;$-7837,56;$5,76;$0,00;$0,00;$0,00;$0,00;$1295,00;$5,00;$1305,76;4;
682;NQ 09-26;Backtest;PROD_Bot_NQ_OvernightDrift_1min_RTH;Long;1;11144,75;11154,25;8/7/2019 15:59:00;9/7/2019 9:32:00;EntradaCierre;SalidaApertura;$184,24;$-7653,32;$5,76;$0,00;$0,00;$0,00;$0,00;$25,00;$225,00;$40,76;4;
683;NQ 09-26;Backtest;PROD_Bot_NQ_OvernightDrift_1min_RTH;Long;1;11190,75;11258,75;9/7/2019 15:59:00;10/7/2019 9:32:00;EntradaCierre;SalidaApertura;$1354,24;$-6299,08;$5,76;$0,00;$0,00;$0,00;$0,00;$25,00;$1375,00;$20,76;4;
684;NQ 09-26;Backtest;PROD_Bot_NQ_OvernightDrift_1min_RTH;Long;1;11269,50;11274,00;10/7/2019 15:59:00;11/7/2019 9:32:00;EntradaCierre;SalidaApertura;$84,24;$-6214,84;$5,76;$0,00;$0,00;$0,00;$0,00;$35,00;$160,00;$75,76;4;
685;NQ 09-26;Backtest;PROD_Bot_NQ_OvernightDrift_1min_RTH;Long;1;11261,25;11275,25;11/7/2019 15:59:00;12/7/2019 9:32:00;EntradaCierre;SalidaApertura;$274,24;$-5940,60;$5,76;$0,00;$0,00;$0,00;$0,00;$20,00;$330,00;$55,76;4;
686;NQ 09-26;Backtest;PROD_Bot_NQ_OvernightDrift_1min_RTH;Long;1;11301,75;11316,00;12/7/2019 15:59:00;15/7/2019 9:32:00;EntradaCierre;SalidaApertura;$279,24;$-5661,36;$5,76;$0,00;$0,00;$0,00;$0,00;$35,00;$340,00;$60,76;4;
687;NQ 09-26;Backtest;PROD_Bot_NQ_OvernightDrift_1min_RTH;Long;1;11327,25;11321,25;15/7/2019 15:59:00;16/7/2019 9:32:00;EntradaCierre;SalidaApertura;$-125,76;$-5787,12;$5,76;$0,00;$0,00;$0,00;$0,00;$145,00;$15,00;$140,76;4;
688;NQ 09-26;Backtest;PROD_Bot_NQ_OvernightDrift_1min_RTH;Long;1;11282,25;11283,25;16/7/2019 15:59:00;17/7/2019 9:32:00;EntradaCierre;SalidaApertura;$14,24;$-5772,88;$5,76;$0,00;$0,00;$0,00;$0,00;$45,00;$90,00;$75,76;4;
689;NQ 09-26;Backtest;PROD_Bot_NQ_OvernightDrift_1min_RTH;Long;1;11213,75;11240,75;17/7/2019 15:59:00;18/7/2019 9:32:00;EntradaCierre;SalidaApertura;$534,24;$-5238,64;$5,76;$0,00;$0,00;$0,00;$0,00;$35,00;$550,00;$15,76;4;
690;NQ 09-26;Backtest;PROD_Bot_NQ_OvernightDrift_1min_RTH;Long;1;11293,00;11282,75;18/7/2019 15:59:00;19/7/2019 9:32:00;EntradaCierre;SalidaApertura;$-210,76;$-5449,40;$5,76;$0,00;$0,00;$0,00;$0,00;$285,00;$15,00;$225,76;4;
691;NQ 09-26;Backtest;PROD_Bot_NQ_OvernightDrift_1min_RTH;Long;1;11169,50;11247,00;19/7/2019 15:59:00;22/7/2019 9:32:00;EntradaCierre;SalidaApertura;$1544,24;$-3905,16;$5,76;$0,00;$0,00;$0,00;$0,00;$230,00;$1585,00;$40,76;4;
692;NQ 09-26;Backtest;PROD_Bot_NQ_OvernightDrift_1min_RTH;Long;1;11270,50;11267,25;22/7/2019 15:59:00;23/7/2019 9:32:00;EntradaCierre;SalidaApertura;$-70,76;$-3975,92;$5,76;$0,00;$0,00;$0,00;$0,00;$120,00;$5,00;$75,76;4;
693;NQ 09-26;Backtest;PROD_Bot_NQ_OvernightDrift_1min_RTH;Long;1;11284,00;11321,25;23/7/2019 15:59:00;24/7/2019 9:32:00;EntradaCierre;SalidaApertura;$739,24;$-3236,68;$5,76;$0,00;$0,00;$0,00;$0,00;$15,00;$840,00;$100,76;4;
694;NQ 09-26;Backtest;PROD_Bot_NQ_OvernightDrift_1min_RTH;Long;1;11348,00;11303,75;24/7/2019 15:59:00;25/7/2019 9:32:00;EntradaCierre;SalidaApertura;$-890,76;$-4127,44;$5,76;$0,00;$0,00;$0,00;$0,00;$975,00;$0,00;$890,76;4;
695;NQ 09-26;Backtest;PROD_Bot_NQ_OvernightDrift_1min_RTH;Long;1;11322,50;11349,50;25/7/2019 15:59:00;26/7/2019 9:32:00;EntradaCierre;SalidaApertura;$534,24;$-3593,20;$5,76;$0,00;$0,00;$0,00;$0,00;$10,00;$660,00;$125,76;4;
696;NQ 09-26;Backtest;PROD_Bot_NQ_OvernightDrift_1min_RTH;Long;1;11361,25;11307,75;26/7/2019 15:59:00;29/7/2019 9:32:00;EntradaCierre;SalidaApertura;$-1075,76;$-4668,96;$5,76;$0,00;$0,00;$0,00;$0,00;$1090,00;$0,00;$1075,76;4;
697;NQ 09-26;Backtest;PROD_Bot_NQ_OvernightDrift_1min_RTH;Long;1;11348,50;11308,25;29/7/2019 15:59:00;30/7/2019 9:32:00;EntradaCierre;SalidaApertura;$-810,76;$-5479,72;$5,76;$0,00;$0,00;$0,00;$0,00;$895,00;$0,00;$810,76;4;
698;NQ 09-26;Backtest;PROD_Bot_NQ_OvernightDrift_1min_RTH;Long;1;11331,00;11317,25;30/7/2019 15:59:00;31/7/2019 9:32:00;EntradaCierre;SalidaApertura;$-280,76;$-5760,48;$5,76;$0,00;$0,00;$0,00;$0,00;$275,00;$15,00;$295,76;4;
699;NQ 09-26;Backtest;PROD_Bot_NQ_OvernightDrift_1min_RTH;Long;1;11185,50;11307,75;31/7/2019 15:59:00;1/8/2019 9:32:00;EntradaCierre;SalidaApertura;$2439,24;$-3321,24;$5,76;$0,00;$0,00;$0,00;$0,00;$80,00;$2575,00;$135,76;4;
700;NQ 09-26;Backtest;PROD_Bot_NQ_OvernightDrift_1min_RTH;Long;1;11134,00;11033,50;1/8/2019 15:59:00;2/8/2019 9:32:00;EntradaCierre;SalidaApertura;$-2015,76;$-5337,00;$5,76;$0,00;$0,00;$0,00;$0,00;$2010,00;$45,00;$2060,76;4;
701;NQ 09-26;Backtest;PROD_Bot_NQ_OvernightDrift_1min_RTH;Long;1;11049,75;10831,25;2/8/2019 15:59:00;5/8/2019 9:32:00;EntradaCierre;SalidaApertura;$-4375,76;$-9712,76;$5,76;$0,00;$0,00;$0,00;$0,00;$4430,00;$20,00;$4395,76;4;
702;NQ 09-26;Backtest;PROD_Bot_NQ_OvernightDrift_1min_RTH;Long;1;10710,25;10830,25;5/8/2019 15:59:00;6/8/2019 9:32:00;EntradaCierre;SalidaApertura;$2394,24;$-7318,52;$5,76;$0,00;$0,00;$0,00;$0,00;$10,00;$2410,00;$15,76;4;
703;NQ 09-26;Backtest;PROD_Bot_NQ_OvernightDrift_1min_RTH;Long;1;10861,00;10816,25;6/8/2019 15:59:00;7/8/2019 9:32:00;EntradaCierre;SalidaApertura;$-900,76;$-8219,28;$5,76;$0,00;$0,00;$0,00;$0,00;$1025,00;$10,00;$910,76;4;
704;NQ 09-26;Backtest;PROD_Bot_NQ_OvernightDrift_1min_RTH;Long;1;10894,25;10985,00;7/8/2019 15:59:00;8/8/2019 9:32:00;EntradaCierre;SalidaApertura;$1809,24;$-6410,04;$5,76;$0,00;$0,00;$0,00;$0,00;$20,00;$1835,00;$25,76;4;
705;NQ 09-26;Backtest;PROD_Bot_NQ_OvernightDrift_1min_RTH;Long;1;11078,25;10990,75;8/8/2019 15:59:00;9/8/2019 9:32:00;EntradaCierre;SalidaApertura;$-1755,76;$-8165,80;$5,76;$0,00;$0,00;$0,00;$0,00;$1855,00;$0,00;$1755,76;4;
706;NQ 09-26;Backtest;PROD_Bot_NQ_OvernightDrift_1min_RTH;Long;1;11011,00;10966,00;9/8/2019 15:59:00;12/8/2019 9:32:00;EntradaCierre;SalidaApertura;$-905,76;$-9071,56;$5,76;$0,00;$0,00;$0,00;$0,00;$980,00;$25,00;$930,76;4;
707;NQ 09-26;Backtest;PROD_Bot_NQ_OvernightDrift_1min_RTH;Long;1;10915,00;11115,75;12/8/2019 15:59:00;13/8/2019 9:32:00;EntradaCierre;SalidaApertura;$4009,24;$-5062,32;$5,76;$0,00;$0,00;$0,00;$0,00;$20,00;$4200,00;$190,76;4;
708;NQ 09-26;Backtest;PROD_Bot_NQ_OvernightDrift_1min_RTH;Long;1;11094,50;10938,75;13/8/2019 15:59:00;14/8/2019 9:32:00;EntradaCierre;SalidaApertura;$-3120,76;$-8183,08;$5,76;$0,00;$0,00;$0,00;$0,00;$3160,00;$10,00;$3130,76;4;
709;NQ 09-26;Backtest;PROD_Bot_NQ_OvernightDrift_1min_RTH;Long;1;10821,50;10832,50;14/8/2019 15:59:00;15/8/2019 9:32:00;EntradaCierre;SalidaApertura;$214,24;$-7968,84;$5,76;$0,00;$0,00;$0,00;$0,00;$35,00;$405,00;$190,76;4;
710;NQ 09-26;Backtest;PROD_Bot_NQ_OvernightDrift_1min_RTH;Long;1;10851,25;10930,25;15/8/2019 15:59:00;16/8/2019 9:32:00;EntradaCierre;SalidaApertura;$1574,24;$-6394,60;$5,76;$0,00;$0,00;$0,00;$0,00;$25,00;$1645,00;$70,76;4;
711;NQ 09-26;Backtest;PROD_Bot_NQ_OvernightDrift_1min_RTH;Long;1;10954,75;11052,25;16/8/2019 15:59:00;19/8/2019 9:32:00;EntradaCierre;SalidaApertura;$1944,24;$-4450,36;$5,76;$0,00;$0,00;$0,00;$0,00;$30,00;$1990,00;$45,76;4;
712;NQ 09-26;Backtest;PROD_Bot_NQ_OvernightDrift_1min_RTH;Long;1;11064,00;11045,50;19/8/2019 15:59:00;20/8/2019 9:32:00;EntradaCierre;SalidaApertura;$-375,76;$-4826,12;$5,76;$0,00;$0,00;$0,00;$0,00;$385,00;$10,00;$385,76;4;
713;NQ 09-26;Backtest;PROD_Bot_NQ_OvernightDrift_1min_RTH;Long;1;11003,00;11093,50;20/8/2019 15:59:00;21/8/2019 9:32:00;EntradaCierre;SalidaApertura;$1804,24;$-3021,88;$5,76;$0,00;$0,00;$0,00;$0,00;$40,00;$1825,00;$20,76;4;
714;NQ 09-26;Backtest;PROD_Bot_NQ_OvernightDrift_1min_RTH;Long;1;11099,75;11046,75;21/8/2019 15:59:00;22/8/2019 9:32:00;EntradaCierre;SalidaApertura;$-1065,76;$-4087,64;$5,76;$0,00;$0,00;$0,00;$0,00;$1075,00;$40,00;$1105,76;4;
715;NQ 09-26;Backtest;PROD_Bot_NQ_OvernightDrift_1min_RTH;Long;1;11049,75;11022,25;22/8/2019 15:59:00;23/8/2019 9:32:00;EntradaCierre;SalidaApertura;$-555,76;$-4643,40;$5,76;$0,00;$0,00;$0,00;$0,00;$610,00;$10,00;$565,76;4;
716;NQ 09-26;Backtest;PROD_Bot_NQ_OvernightDrift_1min_RTH;Long;1;10834,50;10862,75;23/8/2019 15:59:00;26/8/2019 9:32:00;EntradaCierre;SalidaApertura;$559,24;$-4084,16;$5,76;$0,00;$0,00;$0,00;$0,00;$45,00;$760,00;$200,76;4;
717;NQ 09-26;Backtest;PROD_Bot_NQ_OvernightDrift_1min_RTH;Long;1;10933,00;10959,75;26/8/2019 15:59:00;27/8/2019 9:32:00;EntradaCierre;SalidaApertura;$529,24;$-3554,92;$5,76;$0,00;$0,00;$0,00;$0,00;$45,00;$575,00;$45,76;4;
718;NQ 09-26;Backtest;PROD_Bot_NQ_OvernightDrift_1min_RTH;Long;1;10907,75;10893,50;27/8/2019 15:59:00;28/8/2019 9:32:00;EntradaCierre;SalidaApertura;$-290,76;$-3845,68;$5,76;$0,00;$0,00;$0,00;$0,00;$320,00;$30,00;$320,76;4;
719;NQ 09-26;Backtest;PROD_Bot_NQ_OvernightDrift_1min_RTH;Long;1;10919,75;11047,50;28/8/2019 15:59:00;29/8/2019 9:32:00;EntradaCierre;SalidaApertura;$2549,24;$-1296,44;$5,76;$0,00;$0,00;$0,00;$0,00;$15,00;$2655,00;$105,76;4;
720;NQ 09-26;Backtest;PROD_Bot_NQ_OvernightDrift_1min_RTH;Long;1;11048,00;11052,00;29/8/2019 15:59:00;30/8/2019 9:32:00;EntradaCierre;SalidaApertura;$74,24;$-1222,20;$5,76;$0,00;$0,00;$0,00;$0,00;$20,00;$180,00;$105,76;4;
721;NQ 09-26;Backtest;PROD_Bot_NQ_OvernightDrift_1min_RTH;Long;1;11016,75;11009,00;30/8/2019 15:59:00;2/9/2019 9:32:00;EntradaCierre;SalidaApertura;$-160,76;$-1382,96;$5,76;$0,00;$0,00;$0,00;$0,00;$190,00;$60,00;$220,76;4;
722;NQ 09-26;Backtest;PROD_Bot_NQ_OvernightDrift_1min_RTH;Long;1;10962,75;11020,00;3/9/2019 15:59:00;4/9/2019 9:32:00;EntradaCierre;SalidaApertura;$1139,24;$-243,72;$5,76;$0,00;$0,00;$0,00;$0,00;$60,00;$1185,00;$45,76;4;
723;NQ 09-26;Backtest;PROD_Bot_NQ_OvernightDrift_1min_RTH;Long;1;11066,75;11213,50;4/9/2019 15:59:00;5/9/2019 9:32:00;EntradaCierre;SalidaApertura;$2929,24;$2685,52;$5,76;$0,00;$0,00;$0,00;$0,00;$25,00;$2970,00;$40,76;4;
724;NQ 09-26;Backtest;PROD_Bot_NQ_OvernightDrift_1min_RTH;Long;1;11196,75;11200,25;5/9/2019 15:59:00;6/9/2019 9:32:00;EntradaCierre;SalidaApertura;$64,24;$2749,76;$5,76;$0,00;$0,00;$0,00;$0,00;$80,00;$210,00;$145,76;4;
725;NQ 09-26;Backtest;PROD_Bot_NQ_OvernightDrift_1min_RTH;Long;1;11207,75;11201,75;6/9/2019 15:59:00;9/9/2019 9:32:00;EntradaCierre;SalidaApertura;$-125,76;$2624,00;$5,76;$0,00;$0,00;$0,00;$0,00;$135,00;$0,00;$125,76;4;
726;NQ 09-26;Backtest;PROD_Bot_NQ_OvernightDrift_1min_RTH;Long;1;11177,25;11121,00;9/9/2019 15:59:00;10/9/2019 9:32:00;EntradaCierre;SalidaApertura;$-1130,76;$1493,24;$5,76;$0,00;$0,00;$0,00;$0,00;$1125,00;$0,00;$1130,76;4;
727;NQ 09-26;Backtest;PROD_Bot_NQ_OvernightDrift_1min_RTH;Long;1;11160,25;11207,00;10/9/2019 15:59:00;11/9/2019 9:32:00;EntradaCierre;SalidaApertura;$929,24;$2422,48;$5,76;$0,00;$0,00;$0,00;$0,00;$10,00;$995,00;$65,76;4;
728;NQ 09-26;Backtest;PROD_Bot_NQ_OvernightDrift_1min_RTH;Long;1;11235,25;11309,50;11/9/2019 15:59:00;12/9/2019 9:32:00;EntradaCierre;SalidaApertura;$1479,24;$3901,72;$5,76;$0,00;$0,00;$0,00;$0,00;$15,00;$1660,00;$180,76;4;
729;NQ 09-26;Backtest;PROD_Bot_NQ_OvernightDrift_1min_RTH;Long;1;11255,00;11253,00;12/9/2019 15:59:00;13/9/2019 9:32:00;EntradaCierre;SalidaApertura;$-45,76;$3855,96;$5,76;$0,00;$0,00;$0,00;$0,00;$55,00;$25,00;$70,76;4;
730;NQ 09-26;Backtest;PROD_Bot_NQ_OvernightDrift_1min_RTH;Long;1;11232,00;11193,25;13/9/2019 15:59:00;16/9/2019 9:32:00;EntradaCierre;SalidaApertura;$-780,76;$3075,20;$5,76;$0,00;$0,00;$0,00;$0,00;$800,00;$30,00;$810,76;4;
731;NQ 09-26;Backtest;PROD_Bot_NQ_OvernightDrift_1min_RTH;Long;1;11208,50;11199,25;16/9/2019 15:59:00;17/9/2019 9:32:00;EntradaCierre;SalidaApertura;$-190,76;$2884,44;$5,76;$0,00;$0,00;$0,00;$0,00;$240,00;$25,00;$215,76;4;
732;NQ 09-26;Backtest;PROD_Bot_NQ_OvernightDrift_1min_RTH;Long;1;11238,50;11216,00;17/9/2019 15:59:00;18/9/2019 9:32:00;EntradaCierre;SalidaApertura;$-455,76;$2428,68;$5,76;$0,00;$0,00;$0,00;$0,00;$450,00;$30,00;$485,76;4;
733;NQ 09-26;Backtest;PROD_Bot_NQ_OvernightDrift_1min_RTH;Long;1;11246,25;11286,75;18/9/2019 15:59:00;19/9/2019 9:32:00;EntradaCierre;SalidaApertura;$804,24;$3232,92;$5,76;$0,00;$0,00;$0,00;$0,00;$50,00;$840,00;$35,76;4;
734;NQ 09-26;Backtest;PROD_Bot_NQ_OvernightDrift_1min_RTH;Long;1;11240,75;11252,50;19/9/2019 15:59:00;20/9/2019 9:32:00;EntradaCierre;SalidaApertura;$229,24;$3462,16;$5,76;$0,00;$0,00;$0,00;$0,00;$35,00;$265,00;$35,76;4;
735;NQ 09-26;Backtest;PROD_Bot_NQ_OvernightDrift_1min_RTH;Long;1;11153,25;11162,75;20/9/2019 15:59:00;23/9/2019 9:32:00;EntradaCierre;SalidaApertura;$184,24;$3646,40;$5,76;$0,00;$0,00;$0,00;$0,00;$40,00;$225,00;$40,76;4;
736;NQ 09-26;Backtest;PROD_Bot_NQ_OvernightDrift_1min_RTH;Long;1;11190,75;11179,50;23/9/2019 15:59:00;24/9/2019 9:32:00;EntradaCierre;SalidaApertura;$-230,76;$3415,64;$5,76;$0,00;$0,00;$0,00;$0,00;$350,00;$10,00;$240,76;4;
737;NQ 09-26;Backtest;PROD_Bot_NQ_OvernightDrift_1min_RTH;Long;1;11059,75;11042,00;24/9/2019 15:59:00;25/9/2019 9:32:00;EntradaCierre;SalidaApertura;$-360,76;$3054,88;$5,76;$0,00;$0,00;$0,00;$0,00;$585,00;$10,00;$370,76;4;
738;NQ 09-26;Backtest;PROD_Bot_NQ_OvernightDrift_1min_RTH;Long;1;11145,00;11103,00;25/9/2019 15:59:00;26/9/2019 9:32:00;EntradaCierre;SalidaApertura;$-845,76;$2209,12;$5,76;$0,00;$0,00;$0,00;$0,00;$895,00;$25,00;$870,76;4;
739;NQ 09-26;Backtest;PROD_Bot_NQ_OvernightDrift_1min_RTH;Long;1;11106,50;11084,75;26/9/2019 15:59:00;27/9/2019 9:32:00;EntradaCierre;SalidaApertura;$-440,76;$1768,36;$5,76;$0,00;$0,00;$0,00;$0,00;$440,00;$40,00;$480,76;4;
740;NQ 09-26;Backtest;PROD_Bot_NQ_OvernightDrift_1min_RTH;Long;1;11033,50;11060,75;27/9/2019 15:59:00;30/9/2019 9:32:00;EntradaCierre;SalidaApertura;$539,24;$2307,60;$5,76;$0,00;$0,00;$0,00;$0,00;$10,00;$550,00;$10,76;4;
741;NQ 09-26;Backtest;PROD_Bot_NQ_OvernightDrift_1min_RTH;Long;1;11108,50;11099,00;30/9/2019 15:59:00;1/10/2019 9:32:00;EntradaCierre;SalidaApertura;$-195,76;$2111,84;$5,76;$0,00;$0,00;$0,00;$0,00;$195,00;$5,00;$200,76;4;
742;NQ 09-26;Backtest;PROD_Bot_NQ_OvernightDrift_1min_RTH;Long;1;11031,00;10909,75;1/10/2019 15:59:00;2/10/2019 9:32:00;EntradaCierre;SalidaApertura;$-2430,76;$-318,92;$5,76;$0,00;$0,00;$0,00;$0,00;$2465,00;$30,00;$2460,76;4;
743;NQ 09-26;Backtest;PROD_Bot_NQ_OvernightDrift_1min_RTH;Long;1;10878,00;10858,25;2/10/2019 15:59:00;3/10/2019 9:32:00;EntradaCierre;SalidaApertura;$-400,76;$-719,68;$5,76;$0,00;$0,00;$0,00;$0,00;$475,00;$10,00;$410,76;4;
744;NQ 09-26;Backtest;PROD_Bot_NQ_OvernightDrift_1min_RTH;Long;1;10981,25;11024,50;3/10/2019 15:59:00;4/10/2019 9:32:00;EntradaCierre;SalidaApertura;$859,24;$139,56;$5,76;$0,00;$0,00;$0,00;$0,00;$20,00;$940,00;$80,76;4;
745;NQ 09-26;Backtest;PROD_Bot_NQ_OvernightDrift_1min_RTH;Long;1;11091,00;11081,50;4/10/2019 15:59:00;7/10/2019 9:32:00;EntradaCierre;SalidaApertura;$-195,76;$-56,20;$5,76;$0,00;$0,00;$0,00;$0,00;$215,00;$20,00;$215,76;4;
746;NQ 09-26;Backtest;PROD_Bot_NQ_OvernightDrift_1min_RTH;Long;1;11061,00;10974,00;7/10/2019 15:59:00;8/10/2019 9:32:00;EntradaCierre;SalidaApertura;$-1745,76;$-1801,96;$5,76;$0,00;$0,00;$0,00;$0,00;$2020,00;$20,00;$1765,76;4;
747;NQ 09-26;Backtest;PROD_Bot_NQ_OvernightDrift_1min_RTH;Long;1;10946,00;11007,00;8/10/2019 15:59:00;9/10/2019 9:32:00;EntradaCierre;SalidaApertura;$1214,24;$-587,72;$5,76;$0,00;$0,00;$0,00;$0,00;$65,00;$1360,00;$145,76;4;
748;NQ 09-26;Backtest;PROD_Bot_NQ_OvernightDrift_1min_RTH;Long;1;11025,75;11071,50;9/10/2019 15:59:00;10/10/2019 9:32:00;EntradaCierre;SalidaApertura;$909,24;$321,52;$5,76;$0,00;$0,00;$0,00;$0,00;$20,00;$1075,00;$165,76;4;
749;NQ 09-26;Backtest;PROD_Bot_NQ_OvernightDrift_1min_RTH;Long;1;11111,25;11214,50;10/10/2019 15:59:00;11/10/2019 9:32:00;EntradaCierre;SalidaApertura;$2059,24;$2380,76;$5,76;$0,00;$0,00;$0,00;$0,00;$110,00;$2105,00;$45,76;4;
750;NQ 09-26;Backtest;PROD_Bot_NQ_OvernightDrift_1min_RTH;Long;1;11182,25;11179,50;11/10/2019 15:59:00;14/10/2019 9:32:00;EntradaCierre;SalidaApertura;$-60,76;$2320,00;$5,76;$0,00;$0,00;$0,00;$0,00;$150,00;$0,00;$60,76;4;
751;NQ 09-26;Backtest;PROD_Bot_NQ_OvernightDrift_1min_RTH;Long;1;11181,25;11242,50;14/10/2019 15:59:00;15/10/2019 9:32:00;EntradaCierre;SalidaApertura;$1219,24;$3539,24;$5,76;$0,00;$0,00;$0,00;$0,00;$15,00;$1320,00;$100,76;4;
752;NQ 09-26;Backtest;PROD_Bot_NQ_OvernightDrift_1min_RTH;Long;1;11282,50;11253,50;15/10/2019 15:59:00;16/10/2019 9:32:00;EntradaCierre;SalidaApertura;$-585,76;$2953,48;$5,76;$0,00;$0,00;$0,00;$0,00;$605,00;$0,00;$585,76;4;
753;NQ 09-26;Backtest;PROD_Bot_NQ_OvernightDrift_1min_RTH;Long;1;11273,75;11286,75;16/10/2019 15:59:00;17/10/2019 9:32:00;EntradaCierre;SalidaApertura;$254,24;$3207,72;$5,76;$0,00;$0,00;$0,00;$0,00;$30,00;$290,00;$35,76;4;
754;NQ 09-26;Backtest;PROD_Bot_NQ_OvernightDrift_1min_RTH;Long;1;11276,25;11246,75;17/10/2019 15:59:00;18/10/2019 9:32:00;EntradaCierre;SalidaApertura;$-595,76;$2611,96;$5,76;$0,00;$0,00;$0,00;$0,00;$645,00;$5,00;$600,76;4;
755;NQ 09-26;Backtest;PROD_Bot_NQ_OvernightDrift_1min_RTH;Long;1;11203,25;11241,75;18/10/2019 15:59:00;21/10/2019 9:32:00;EntradaCierre;SalidaApertura;$764,24;$3376,20;$5,76;$0,00;$0,00;$0,00;$0,00;$10,00;$855,00;$90,76;4;
756;NQ 09-26;Backtest;PROD_Bot_NQ_OvernightDrift_1min_RTH;Long;1;11270,50;11284,75;21/10/2019 15:59:00;22/10/2019 9:32:00;EntradaCierre;SalidaApertura;$279,24;$3655,44;$5,76;$0,00;$0,00;$0,00;$0,00;$30,00;$355,00;$75,76;4;
757;NQ 09-26;Backtest;PROD_Bot_NQ_OvernightDrift_1min_RTH;Long;1;11164,75;11189,75;22/10/2019 15:59:00;23/10/2019 9:32:00;EntradaCierre;SalidaApertura;$494,24;$4149,68;$5,76;$0,00;$0,00;$0,00;$0,00;$55,00;$670,00;$175,76;4;
758;NQ 09-26;Backtest;PROD_Bot_NQ_OvernightDrift_1min_RTH;Long;1;11238,50;11246,00;23/10/2019 15:59:00;24/10/2019 9:32:00;EntradaCierre;SalidaApertura;$144,24;$4293,92;$5,76;$0,00;$0,00;$0,00;$0,00;$50,00;$315,00;$170,76;4;
759;NQ 09-26;Backtest;PROD_Bot_NQ_OvernightDrift_1min_RTH;Long;1;11245,75;11316,50;24/10/2019 15:59:00;25/10/2019 9:32:00;EntradaCierre;SalidaApertura;$1409,24;$5703,16;$5,76;$0,00;$0,00;$0,00;$0,00;$15,00;$1430,00;$20,76;4;
760;NQ 09-26;Backtest;PROD_Bot_NQ_OvernightDrift_1min_RTH;Long;1;11361,00;11422,25;25/10/2019 15:59:00;28/10/2019 9:32:00;EntradaCierre;SalidaApertura;$1219,24;$6922,40;$5,76;$0,00;$0,00;$0,00;$0,00;$55,00;$1275,00;$55,76;4;
761;NQ 09-26;Backtest;PROD_Bot_NQ_OvernightDrift_1min_RTH;Long;1;11431,00;11397,75;28/10/2019 15:59:00;29/10/2019 9:32:00;EntradaCierre;SalidaApertura;$-670,76;$6251,64;$5,76;$0,00;$0,00;$0,00;$0,00;$700,00;$60,00;$730,76;4;
762;NQ 09-26;Backtest;PROD_Bot_NQ_OvernightDrift_1min_RTH;Long;1;11377,00;11370,50;29/10/2019 15:59:00;30/10/2019 9:32:00;EntradaCierre;SalidaApertura;$-135,76;$6115,88;$5,76;$0,00;$0,00;$0,00;$0,00;$130,00;$20,00;$155,76;4;
763;NQ 09-26;Backtest;PROD_Bot_NQ_OvernightDrift_1min_RTH;Long;1;11435,75;11377,25;30/10/2019 15:59:00;31/10/2019 9:32:00;EntradaCierre;SalidaApertura;$-1175,76;$4940,12;$5,76;$0,00;$0,00;$0,00;$0,00;$1195,00;$105,00;$1280,76;4;
764;NQ 09-26;Backtest;PROD_Bot_NQ_OvernightDrift_1min_RTH;Long;1;11414,00;11475,25;31/10/2019 15:59:00;1/11/2019 9:32:00;EntradaCierre;SalidaApertura;$1219,24;$6159,36;$5,76;$0,00;$0,00;$0,00;$0,00;$15,00;$1255,00;$35,76;4;
765;NQ 09-26;Backtest;PROD_Bot_NQ_OvernightDrift_1min_RTH;Long;1;11485,75;11548,25;1/11/2019 15:59:00;4/11/2019 9:32:00;EntradaCierre;SalidaApertura;$1244,24;$7403,60;$5,76;$0,00;$0,00;$0,00;$0,00;$20,00;$1265,00;$20,76;4;
766;NQ 09-26;Backtest;PROD_Bot_NQ_OvernightDrift_1min_RTH;Long;1;11533,50;11543,00;4/11/2019 15:59:00;5/11/2019 9:32:00;EntradaCierre;SalidaApertura;$184,24;$7587,84;$5,76;$0,00;$0,00;$0,00;$0,00;$115,00;$380,00;$195,76;49;
767;NQ 09-26;Backtest;PROD_Bot_NQ_OvernightDrift_1min_RTH;Long;1;11534,25;11526,50;5/11/2019 16:59:00;6/11/2019 9:32:00;EntradaCierre;SalidaApertura;$-160,76;$7427,08;$5,76;$0,00;$0,00;$0,00;$0,00;$185,00;$0,00;$160,76;4;
768;NQ 09-26;Backtest;PROD_Bot_NQ_OvernightDrift_1min_RTH;Long;1;11536,00;11561,75;6/11/2019 16:59:00;7/11/2019 9:32:00;EntradaCierre;SalidaApertura;$509,24;$7936,32;$5,76;$0,00;$0,00;$0,00;$0,00;$35,00;$635,00;$125,76;4;
769;NQ 09-26;Backtest;PROD_Bot_NQ_OvernightDrift_1min_RTH;Long;1;11554,25;11536,75;7/11/2019 16:59:00;8/11/2019 9:32:00;EntradaCierre;SalidaApertura;$-355,76;$7580,56;$5,76;$0,00;$0,00;$0,00;$0,00;$460,00;$10,00;$365,76;4;
770;NQ 09-26;Backtest;PROD_Bot_NQ_OvernightDrift_1min_RTH;Long;1;11580,50;11534,00;8/11/2019 16:59:00;11/11/2019 9:32:00;EntradaCierre;SalidaApertura;$-935,76;$6644,80;$5,76;$0,00;$0,00;$0,00;$0,00;$955,00;$65,00;$1000,76;4;
771;NQ 09-26;Backtest;PROD_Bot_NQ_OvernightDrift_1min_RTH;Long;1;11575,75;11578,50;11/11/2019 16:59:00;12/11/2019 9:32:00;EntradaCierre;SalidaApertura;$49,24;$6694,04;$5,76;$0,00;$0,00;$0,00;$0,00;$40,00;$80,00;$30,76;4;
772;NQ 09-26;Backtest;PROD_Bot_NQ_OvernightDrift_1min_RTH;Long;1;11592,75;11562,50;12/11/2019 16:59:00;13/11/2019 9:32:00;EntradaCierre;SalidaApertura;$-610,76;$6083,28;$5,76;$0,00;$0,00;$0,00;$0,00;$645,00;$10,00;$620,76;4;
773;NQ 09-26;Backtest;PROD_Bot_NQ_OvernightDrift_1min_RTH;Long;1;11590,75;11561,75;13/11/2019 16:59:00;14/11/2019 9:32:00;EntradaCierre;SalidaApertura;$-585,76;$5497,52;$5,76;$0,00;$0,00;$0,00;$0,00;$625,00;$40,00;$625,76;4;
774;NQ 09-26;Backtest;PROD_Bot_NQ_OvernightDrift_1min_RTH;Long;1;11592,00;11636,25;14/11/2019 16:59:00;15/11/2019 9:32:00;EntradaCierre;SalidaApertura;$879,24;$6376,76;$5,76;$0,00;$0,00;$0,00;$0,00;$60,00;$940,00;$60,76;4;
775;NQ 09-26;Backtest;PROD_Bot_NQ_OvernightDrift_1min_RTH;Long;1;11643,75;11628,25;15/11/2019 16:59:00;18/11/2019 9:32:00;EntradaCierre;SalidaApertura;$-315,76;$6061,00;$5,76;$0,00;$0,00;$0,00;$0,00;$395,00;$40,00;$355,76;4;
776;NQ 09-26;Backtest;PROD_Bot_NQ_OvernightDrift_1min_RTH;Long;1;11657,00;11683,00;18/11/2019 16:59:00;19/11/2019 9:32:00;EntradaCierre;SalidaApertura;$514,24;$6575,24;$5,76;$0,00;$0,00;$0,00;$0,00;$30,00;$585,00;$70,76;4;
777;NQ 09-26;Backtest;PROD_Bot_NQ_OvernightDrift_1min_RTH;Long;1;11657,75;11641,25;19/11/2019 16:59:00;20/11/2019 9:32:00;EntradaCierre;SalidaApertura;$-335,76;$6239,48;$5,76;$0,00;$0,00;$0,00;$0,00;$365,00;$0,00;$335,76;4;
778;NQ 09-26;Backtest;PROD_Bot_NQ_OvernightDrift_1min_RTH;Long;1;11611,50;11604,00;20/11/2019 16:59:00;21/11/2019 9:32:00;EntradaCierre;SalidaApertura;$-155,76;$6083,72;$5,76;$0,00;$0,00;$0,00;$0,00;$190,00;$0,00;$155,76;4;
779;NQ 09-26;Backtest;PROD_Bot_NQ_OvernightDrift_1min_RTH;Long;1;11599,50;11614,50;21/11/2019 16:59:00;22/11/2019 9:32:00;EntradaCierre;SalidaApertura;$294,24;$6377,96;$5,76;$0,00;$0,00;$0,00;$0,00;$10,00;$335,00;$40,76;4;
780;NQ 09-26;Backtest;PROD_Bot_NQ_OvernightDrift_1min_RTH;Long;1;11603,75;11646,25;22/11/2019 16:59:00;25/11/2019 9:32:00;EntradaCierre;SalidaApertura;$844,24;$7222,20;$5,76;$0,00;$0,00;$0,00;$0,00;$30,00;$885,00;$40,76;4;
781;NQ 09-26;Backtest;PROD_Bot_NQ_OvernightDrift_1min_RTH;Long;1;11697,75;11705,25;25/11/2019 16:59:00;26/11/2019 9:32:00;EntradaCierre;SalidaApertura;$144,24;$7366,44;$5,76;$0,00;$0,00;$0,00;$0,00;$20,00;$215,00;$70,76;4;
782;NQ 09-26;Backtest;PROD_Bot_NQ_OvernightDrift_1min_RTH;Long;1;11724,50;11731,00;26/11/2019 16:59:00;27/11/2019 9:32:00;EntradaCierre;SalidaApertura;$124,24;$7490,68;$5,76;$0,00;$0,00;$0,00;$0,00;$50,00;$220,00;$95,76;4;
783;NQ 09-26;Backtest;PROD_Bot_NQ_OvernightDrift_1min_RTH;Long;1;11778,00;11762,25;27/11/2019 16:59:00;28/11/2019 9:32:00;EntradaCierre;SalidaApertura;$-320,76;$7169,92;$5,76;$0,00;$0,00;$0,00;$0,00;$355,00;$20,00;$340,76;4;
784;NQ 09-26;Backtest;PROD_Bot_NQ_OvernightDrift_1min_RTH;Long;1;11632,25;11521,50;2/12/2019 16:59:00;3/12/2019 9:32:00;EntradaCierre;SalidaApertura;$-2220,76;$4949,16;$5,76;$0,00;$0,00;$0,00;$0,00;$2220,00;$5,00;$2225,76;4;
785;NQ 09-26;Backtest;PROD_Bot_NQ_OvernightDrift_1min_RTH;Long;1;11576,50;11619,25;3/12/2019 16:59:00;4/12/2019 9:32:00;EntradaCierre;SalidaApertura;$849,24;$5798,40;$5,76;$0,00;$0,00;$0,00;$0,00;$15,00;$945,00;$95,76;4;
786;NQ 09-26;Backtest;PROD_Bot_NQ_OvernightDrift_1min_RTH;Long;1;11619,75;11633,50;4/12/2019 16:59:00;5/12/2019 9:32:00;EntradaCierre;SalidaApertura;$269,24;$6067,64;$5,76;$0,00;$0,00;$0,00;$0,00;$35,00;$585,00;$315,76;4;
787;NQ 09-26;Backtest;PROD_Bot_NQ_OvernightDrift_1min_RTH;Long;1;11633,25;11699,25;5/12/2019 16:59:00;6/12/2019 9:32:00;EntradaCierre;SalidaApertura;$1314,24;$7381,88;$5,76;$0,00;$0,00;$0,00;$0,00;$30,00;$1390,00;$75,76;4;
788;NQ 09-26;Backtest;PROD_Bot_NQ_OvernightDrift_1min_RTH;Long;1;11725,50;11714,50;6/12/2019 16:59:00;9/12/2019 9:32:00;EntradaCierre;SalidaApertura;$-225,76;$7156,12;$5,76;$0,00;$0,00;$0,00;$0,00;$315,00;$25,00;$250,76;4;
789;NQ 09-26;Backtest;PROD_Bot_NQ_OvernightDrift_1min_RTH;Long;1;11672,25;11683,25;9/12/2019 16:59:00;10/12/2019 9:32:00;EntradaCierre;SalidaApertura;$214,24;$7370,36;$5,76;$0,00;$0,00;$0,00;$0,00;$15,00;$395,00;$180,76;4;
790;NQ 09-26;Backtest;PROD_Bot_NQ_OvernightDrift_1min_RTH;Long;1;11689,75;11695,00;10/12/2019 16:59:00;11/12/2019 9:32:00;EntradaCierre;SalidaApertura;$99,24;$7469,60;$5,76;$0,00;$0,00;$0,00;$0,00;$20,00;$185,00;$85,76;4;
791;NQ 09-26;Backtest;PROD_Bot_NQ_OvernightDrift_1min_RTH;Long;1;11730,50;11711,75;11/12/2019 16:59:00;12/12/2019 9:32:00;EntradaCierre;SalidaApertura;$-380,76;$7088,84;$5,76;$0,00;$0,00;$0,00;$0,00;$430,00;$0,00;$380,76;4;
792;NQ 09-26;Backtest;PROD_Bot_NQ_OvernightDrift_1min_RTH;Long;1;11819,50;11877,00;13/12/2019 16:59:00;16/12/2019 9:32:00;EntradaCierre;SalidaApertura;$1144,24;$8233,08;$5,76;$0,00;$0,00;$0,00;$0,00;$45,00;$1170,00;$25,76;4;
793;NQ 09-26;Backtest;PROD_Bot_NQ_OvernightDrift_1min_RTH;Long;1;11905,75;11913,25;16/12/2019 16:59:00;17/12/2019 9:32:00;EntradaCierre;SalidaApertura;$144,24;$8377,32;$5,76;$0,00;$0,00;$0,00;$0,00;$35,00;$215,00;$70,76;4;
794;NQ 09-26;Backtest;PROD_Bot_NQ_OvernightDrift_1min_RTH;Long;1;11899,25;11916,75;17/12/2019 16:59:00;18/12/2019 9:32:00;EntradaCierre;SalidaApertura;$344,24;$8721,56;$5,76;$0,00;$0,00;$0,00;$0,00;$10,00;$375,00;$30,76;4;
795;NQ 09-26;Backtest;PROD_Bot_NQ_OvernightDrift_1min_RTH;Long;1;11921,50;11924,50;18/12/2019 16:59:00;19/12/2019 9:32:00;EntradaCierre;SalidaApertura;$54,24;$8775,80;$5,76;$0,00;$0,00;$0,00;$0,00;$125,00;$65,00;$10,76;4;
796;NQ 09-26;Backtest;PROD_Bot_NQ_OvernightDrift_1min_RTH;Long;1;11977,50;11998,50;19/12/2019 16:59:00;20/12/2019 9:32:00;EntradaCierre;SalidaApertura;$414,24;$9190,04;$5,76;$0,00;$0,00;$0,00;$0,00;$15,00;$595,00;$180,76;4;
797;NQ 09-26;Backtest;PROD_Bot_NQ_OvernightDrift_1min_RTH;Long;1;12008,00;12026,50;20/12/2019 16:59:00;23/12/2019 9:32:00;EntradaCierre;SalidaApertura;$364,24;$9554,28;$5,76;$0,00;$0,00;$0,00;$0,00;$30,00;$450,00;$85,76;4;
798;NQ 09-26;Backtest;PROD_Bot_NQ_OvernightDrift_1min_RTH;Long;1;12025,75;12029,25;23/12/2019 16:59:00;24/12/2019 9:32:00;EntradaCierre;SalidaApertura;$64,24;$9618,52;$5,76;$0,00;$0,00;$0,00;$0,00;$25,00;$120,00;$55,76;4;
799;NQ 09-26;Backtest;PROD_Bot_NQ_OvernightDrift_1min_RTH;Long;1;12099,50;12123,50;26/12/2019 16:59:00;27/12/2019 9:32:00;EntradaCierre;SalidaApertura;$474,24;$10092,76;$5,76;$0,00;$0,00;$0,00;$0,00;$20,00;$605,00;$130,76;4;
800;NQ 09-26;Backtest;PROD_Bot_NQ_OvernightDrift_1min_RTH;Long;1;12077,00;12078,00;27/12/2019 16:59:00;30/12/2019 9:32:00;EntradaCierre;SalidaApertura;$14,24;$10107,00;$5,76;$0,00;$0,00;$0,00;$0,00;$40,00;$185,00;$170,76;4;
801;NQ 09-26;Backtest;PROD_Bot_NQ_OvernightDrift_1min_RTH;Long;1;12029,50;11994,25;30/12/2019 16:59:00;31/12/2019 9:32:00;EntradaCierre;SalidaApertura;$-710,76;$9396,24;$5,76;$0,00;$0,00;$0,00;$0,00;$705,00;$0,00;$710,76;4;
802;NQ 09-26;Backtest;PROD_Bot_NQ_OvernightDrift_1min_RTH;Long;1;12067,00;12122,25;31/12/2019 16:59:00;2/1/2020 9:32:00;EntradaCierre;SalidaApertura;$1099,24;$10495,48;$5,76;$0,00;$0,00;$0,00;$0,00;$10,00;$1160,00;$60,76;4;
803;NQ 09-26;Backtest;PROD_Bot_NQ_OvernightDrift_1min_RTH;Long;1;12198,00;12087,75;2/1/2020 16:59:00;3/1/2020 9:32:00;EntradaCierre;SalidaApertura;$-2210,76;$8284,72;$5,76;$0,00;$0,00;$0,00;$0,00;$2610,00;$10,00;$2220,76;4;
804;NQ 09-26;Backtest;PROD_Bot_NQ_OvernightDrift_1min_RTH;Long;1;12105,75;12036,25;3/1/2020 16:59:00;6/1/2020 9:32:00;EntradaCierre;SalidaApertura;$-1395,76;$6888,96;$5,76;$0,00;$0,00;$0,00;$0,00;$1595,00;$70,00;$1465,76;4;
805;NQ 09-26;Backtest;PROD_Bot_NQ_OvernightDrift_1min_RTH;Long;1;12150,25;12158,50;6/1/2020 16:59:00;7/1/2020 9:32:00;EntradaCierre;SalidaApertura;$159,24;$7048,20;$5,76;$0,00;$0,00;$0,00;$0,00;$30,00;$425,00;$265,76;4;
806;NQ 09-26;Backtest;PROD_Bot_NQ_OvernightDrift_1min_RTH;Long;1;12144,25;12146,25;7/1/2020 16:59:00;8/1/2020 9:32:00;EntradaCierre;SalidaApertura;$34,24;$7082,44;$5,76;$0,00;$0,00;$0,00;$0,00;$80,00;$320,00;$285,76;4;
807;NQ 09-26;Backtest;PROD_Bot_NQ_OvernightDrift_1min_RTH;Long;1;12248,25;12307,25;8/1/2020 16:59:00;9/1/2020 9:32:00;EntradaCierre;SalidaApertura;$1174,24;$8256,68;$5,76;$0,00;$0,00;$0,00;$0,00;$100,00;$1220,00;$45,76;4;
808;NQ 09-26;Backtest;PROD_Bot_NQ_OvernightDrift_1min_RTH;Long;1;12305,75;12331,25;9/1/2020 16:59:00;10/1/2020 9:32:00;EntradaCierre;SalidaApertura;$504,24;$8760,92;$5,76;$0,00;$0,00;$0,00;$0,00;$10,00;$660,00;$155,76;4;
809;NQ 09-26;Backtest;PROD_Bot_NQ_OvernightDrift_1min_RTH;Long;1;12275,00;12324,00;10/1/2020 16:59:00;13/1/2020 9:32:00;EntradaCierre;SalidaApertura;$974,24;$9735,16;$5,76;$0,00;$0,00;$0,00;$0,00;$50,00;$995,00;$20,76;4;
810;NQ 09-26;Backtest;PROD_Bot_NQ_OvernightDrift_1min_RTH;Long;1;12387,75;12380,25;13/1/2020 16:59:00;14/1/2020 9:32:00;EntradaCierre;SalidaApertura;$-155,76;$9579,40;$5,76;$0,00;$0,00;$0,00;$0,00;$325,00;$25,00;$180,76;4;
811;NQ 09-26;Backtest;PROD_Bot_NQ_OvernightDrift_1min_RTH;Long;1;12360,75;12350,75;14/1/2020 16:59:00;15/1/2020 9:32:00;EntradaCierre;SalidaApertura;$-205,76;$9373,64;$5,76;$0,00;$0,00;$0,00;$0,00;$250,00;$5,00;$210,76;4;
812;NQ 09-26;Backtest;PROD_Bot_NQ_OvernightDrift_1min_RTH;Long;1;12357,50;12392,00;15/1/2020 16:59:00;16/1/2020 9:32:00;EntradaCierre;SalidaApertura;$684,24;$10057,88;$5,76;$0,00;$0,00;$0,00;$0,00;$10,00;$770,00;$85,76;4;
813;NQ 09-26;Backtest;PROD_Bot_NQ_OvernightDrift_1min_RTH;Long;1;12435,75;12466,25;16/1/2020 16:59:00;17/1/2020 9:32:00;EntradaCierre;SalidaApertura;$604,24;$10662,12;$5,76;$0,00;$0,00;$0,00;$0,00;$35,00;$825,00;$220,76;4;
814;NQ 09-26;Backtest;PROD_Bot_NQ_OvernightDrift_1min_RTH;Long;1;12468,50;12462,50;17/1/2020 16:59:00;20/1/2020 9:32:00;EntradaCierre;SalidaApertura;$-125,76;$10536,36;$5,76;$0,00;$0,00;$0,00;$0,00;$120,00;$20,00;$145,76;4;
815;NQ 09-26;Backtest;PROD_Bot_NQ_OvernightDrift_1min_RTH;Long;1;12470,00;12512,25;21/1/2020 16:59:00;22/1/2020 9:32:00;EntradaCierre;SalidaApertura;$839,24;$11375,60;$5,76;$0,00;$0,00;$0,00;$0,00;$25,00;$1065,00;$225,76;4;
816;NQ 09-26;Backtest;PROD_Bot_NQ_OvernightDrift_1min_RTH;Long;1;12485,25;12489,00;22/1/2020 16:59:00;23/1/2020 9:32:00;EntradaCierre;SalidaApertura;$69,24;$11444,84;$5,76;$0,00;$0,00;$0,00;$0,00;$20,00;$255,00;$185,76;4;
817;NQ 09-26;Backtest;PROD_Bot_NQ_OvernightDrift_1min_RTH;Long;1;12550,00;12573,00;23/1/2020 16:59:00;24/1/2020 9:32:00;EntradaCierre;SalidaApertura;$454,24;$11899,08;$5,76;$0,00;$0,00;$0,00;$0,00;$45,00;$495,00;$40,76;4;
818;NQ 09-26;Backtest;PROD_Bot_NQ_OvernightDrift_1min_RTH;Long;1;12437,25;12230,75;24/1/2020 16:59:00;27/1/2020 9:32:00;EntradaCierre;SalidaApertura;$-4135,76;$7763,32;$5,76;$0,00;$0,00;$0,00;$0,00;$4295,00;$0,00;$4135,76;4;
819;NQ 09-26;Backtest;PROD_Bot_NQ_OvernightDrift_1min_RTH;Long;1;12259,00;12327,50;27/1/2020 16:59:00;28/1/2020 9:32:00;EntradaCierre;SalidaApertura;$1364,24;$9127,56;$5,76;$0,00;$0,00;$0,00;$0,00;$35,00;$1405,00;$40,76;4;
820;NQ 09-26;Backtest;PROD_Bot_NQ_OvernightDrift_1min_RTH;Long;1;12420,25;12445,25;28/1/2020 16:59:00;29/1/2020 9:32:00;EntradaCierre;SalidaApertura;$494,24;$9621,80;$5,76;$0,00;$0,00;$0,00;$0,00;$55,00;$595,00;$100,76;4;
821;NQ 09-26;Backtest;PROD_Bot_NQ_OvernightDrift_1min_RTH;Long;1;12400,25;12351,50;29/1/2020 16:59:00;30/1/2020 9:32:00;EntradaCierre;SalidaApertura;$-980,76;$8641,04;$5,76;$0,00;$0,00;$0,00;$0,00;$1175,00;$65,00;$1045,76;4;
822;NQ 09-26;Backtest;PROD_Bot_NQ_OvernightDrift_1min_RTH;Long;1;12535,00;12466,25;30/1/2020 16:59:00;31/1/2020 9:32:00;EntradaCierre;SalidaApertura;$-1380,76;$7260,28;$5,76;$0,00;$0,00;$0,00;$0,00;$1420,00;$0,00;$1380,76;4;
823;NQ 09-26;Backtest;PROD_Bot_NQ_OvernightDrift_1min_RTH;Long;1;12311,25;12356,25;31/1/2020 16:59:00;3/2/2020 9:32:00;EntradaCierre;SalidaApertura;$894,24;$8154,52;$5,76;$0,00;$0,00;$0,00;$0,00;$80,00;$925,00;$30,76;4;
824;NQ 09-26;Backtest;PROD_Bot_NQ_OvernightDrift_1min_RTH;Long;1;12402,50;12559,00;3/2/2020 16:59:00;4/2/2020 9:32:00;EntradaCierre;SalidaApertura;$3124,24;$11278,76;$5,76;$0,00;$0,00;$0,00;$0,00;$10,00;$3285,00;$160,76;4;
825;NQ 09-26;Backtest;PROD_Bot_NQ_OvernightDrift_1min_RTH;Long;1;12659,00;12746,00;4/2/2020 16:59:00;5/2/2020 9:32:00;EntradaCierre;SalidaApertura;$1734,24;$13013,00;$5,76;$0,00;$0,00;$0,00;$0,00;$55,00;$1915,00;$180,76;4;
826;NQ 09-26;Backtest;PROD_Bot_NQ_OvernightDrift_1min_RTH;Long;1;12686,25;12682,00;5/2/2020 16:59:00;6/2/2020 9:32:00;EntradaCierre;SalidaApertura;$-90,76;$12922,24;$5,76;$0,00;$0,00;$0,00;$0,00;$85,00;$380,00;$470,76;4;
827;NQ 09-26;Backtest;PROD_Bot_NQ_OvernightDrift_1min_RTH;Long;1;12758,75;12696,75;6/2/2020 16:59:00;7/2/2020 9:32:00;EntradaCierre;SalidaApertura;$-1245,76;$11676,48;$5,76;$0,00;$0,00;$0,00;$0,00;$1275,00;$45,00;$1290,76;4;
828;NQ 09-26;Backtest;PROD_Bot_NQ_OvernightDrift_1min_RTH;Long;1;12698,75;12686,00;7/2/2020 16:59:00;10/2/2020 9:32:00;EntradaCierre;SalidaApertura;$-260,76;$11415,72;$5,76;$0,00;$0,00;$0,00;$0,00;$460,00;$0,00;$260,76;4;
829;NQ 09-26;Backtest;PROD_Bot_NQ_OvernightDrift_1min_RTH;Long;1;12823,75;12873,50;10/2/2020 16:59:00;11/2/2020 9:32:00;EntradaCierre;SalidaApertura;$989,24;$12404,96;$5,76;$0,00;$0,00;$0,00;$0,00;$15,00;$1095,00;$105,76;4;
830;NQ 09-26;Backtest;PROD_Bot_NQ_OvernightDrift_1min_RTH;Long;1;12829,50;12889,00;11/2/2020 16:59:00;12/2/2020 9:32:00;EntradaCierre;SalidaApertura;$1184,24;$13589,20;$5,76;$0,00;$0,00;$0,00;$0,00;$20,00;$1215,00;$30,76;4;
831;NQ 09-26;Backtest;PROD_Bot_NQ_OvernightDrift_1min_RTH;Long;1;12922,00;12841,00;12/2/2020 16:59:00;13/2/2020 9:32:00;EntradaCierre;SalidaApertura;$-1625,76;$11963,44;$5,76;$0,00;$0,00;$0,00;$0,00;$1715,00;$0,00;$1625,76;4;
832;NQ 09-26;Backtest;PROD_Bot_NQ_OvernightDrift_1min_RTH;Long;1;12922,25;12916,75;13/2/2020 16:59:00;14/2/2020 9:32:00;EntradaCierre;SalidaApertura;$-115,76;$11847,68;$5,76;$0,00;$0,00;$0,00;$0,00;$150,00;$10,00;$125,76;4;
833;NQ 09-26;Backtest;PROD_Bot_NQ_OvernightDrift_1min_RTH;Long;1;12930,50;12954,50;14/2/2020 16:59:00;17/2/2020 9:32:00;EntradaCierre;SalidaApertura;$474,24;$12321,92;$5,76;$0,00;$0,00;$0,00;$0,00;$65,00;$505,00;$30,76;4;
834;NQ 09-26;Backtest;PROD_Bot_NQ_OvernightDrift_1min_RTH;Long;1;12940,00;12987,25;18/2/2020 16:59:00;19/2/2020 9:32:00;EntradaCierre;SalidaApertura;$939,24;$13261,16;$5,76;$0,00;$0,00;$0,00;$0,00;$55,00;$1080,00;$140,76;4;
835;NQ 09-26;Backtest;PROD_Bot_NQ_OvernightDrift_1min_RTH;Long;1;13030,25;13007,50;19/2/2020 16:59:00;20/2/2020 9:32:00;EntradaCierre;SalidaApertura;$-460,76;$12800,40;$5,76;$0,00;$0,00;$0,00;$0,00;$670,00;$20,00;$480,76;4;
836;NQ 09-26;Backtest;PROD_Bot_NQ_OvernightDrift_1min_RTH;Long;1;12918,50;12896,75;20/2/2020 16:59:00;21/2/2020 9:32:00;EntradaCierre;SalidaApertura;$-440,76;$12359,64;$5,76;$0,00;$0,00;$0,00;$0,00;$710,00;$0,00;$440,76;4;
837;NQ 09-26;Backtest;PROD_Bot_NQ_OvernightDrift_1min_RTH;Long;1;12751,50;12377,25;21/2/2020 16:59:00;24/2/2020 9:32:00;EntradaCierre;SalidaApertura;$-7490,76;$4868,88;$5,76;$0,00;$0,00;$0,00;$0,00;$8265,00;$20,00;$7510,76;4;
838;NQ 09-26;Backtest;PROD_Bot_NQ_OvernightDrift_1min_RTH;Long;1;12397,50;12484,50;24/2/2020 16:59:00;25/2/2020 9:32:00;EntradaCierre;SalidaApertura;$1734,24;$6603,12;$5,76;$0,00;$0,00;$0,00;$0,00;$90,00;$1810,00;$75,76;4;
839;NQ 09-26;Backtest;PROD_Bot_NQ_OvernightDrift_1min_RTH;Long;1;12171,75;12218,00;25/2/2020 16:59:00;26/2/2020 9:32:00;EntradaCierre;SalidaApertura;$919,24;$7522,36;$5,76;$0,00;$0,00;$0,00;$0,00;$55,00;$960,00;$40,76;4;
840;NQ 09-26;Backtest;PROD_Bot_NQ_OvernightDrift_1min_RTH;Long;1;12113,75;11980,50;26/2/2020 16:59:00;27/2/2020 9:32:00;EntradaCierre;SalidaApertura;$-2670,76;$4851,60;$5,76;$0,00;$0,00;$0,00;$0,00;$3560,00;$180,00;$2850,76;4;
841;NQ 09-26;Backtest;PROD_Bot_NQ_OvernightDrift_1min_RTH;Long;1;11657,00;11517,50;27/2/2020 16:59:00;28/2/2020 9:32:00;EntradaCierre;SalidaApertura;$-2795,76;$2055,84;$5,76;$0,00;$0,00;$0,00;$0,00;$4675,00;$15,00;$2810,76;4;
842;NQ 09-26;Backtest;PROD_Bot_NQ_OvernightDrift_1min_RTH;Long;1;11848,25;11876,00;28/2/2020 16:59:00;2/3/2020 9:32:00;EntradaCierre;SalidaApertura;$549,24;$2605,08;$5,76;$0,00;$0,00;$0,00;$0,00;$200,00;$795,00;$245,76;4;
843;NQ 09-26;Backtest;PROD_Bot_NQ_OvernightDrift_1min_RTH;Long;1;12113,25;12161,25;2/3/2020 16:59:00;3/3/2020 9:32:00;EntradaCierre;SalidaApertura;$954,24;$3559,32;$5,76;$0,00;$0,00;$0,00;$0,00;$35,00;$1755,00;$800,76;4;
844;NQ 09-26;Backtest;PROD_Bot_NQ_OvernightDrift_1min_RTH;Long;1;11863,00;12060,75;3/3/2020 16:59:00;4/3/2020 9:32:00;EntradaCierre;SalidaApertura;$3949,24;$7508,56;$5,76;$0,00;$0,00;$0,00;$0,00;$180,00;$4020,00;$70,76;4;
845;NQ 09-26;Backtest;PROD_Bot_NQ_OvernightDrift_1min_RTH;Long;1;12184,00;12023,00;4/3/2020 16:59:00;5/3/2020 9:32:00;EntradaCierre;SalidaApertura;$-3225,76;$4282,80;$5,76;$0,00;$0,00;$0,00;$0,00;$3710,00;$95,00;$3320,76;4;
846;NQ 09-26;Backtest;PROD_Bot_NQ_OvernightDrift_1min_RTH;Long;1;11972,75;11702,50;5/3/2020 16:59:00;6/3/2020 9:32:00;EntradaCierre;SalidaApertura;$-5410,76;$-1127,96;$5,76;$0,00;$0,00;$0,00;$0,00;$5900,00;$0,00;$5410,76;4;
847;NQ 09-26;Backtest;PROD_Bot_NQ_OvernightDrift_1min_RTH;Long;1;11796,75;11387,00;6/3/2020 16:59:00;9/3/2020 9:32:00;EntradaCierre;SalidaApertura;$-8200,76;$-9328,72;$5,76;$0,00;$0,00;$0,00;$0,00;$8315,00;$170,00;$8370,76;4;
848;NQ 09-26;Backtest;PROD_Bot_NQ_OvernightDrift_1min_RTH;Long;1;11639,75;11902,25;13/4/2020 15:59:00;14/4/2020 9:32:00;EntradaCierre;SalidaApertura;$5244,24;$-4084,48;$5,76;$0,00;$0,00;$0,00;$0,00;$20,00;$5435,00;$190,76;4;
849;NQ 09-26;Backtest;PROD_Bot_NQ_OvernightDrift_1min_RTH;Long;1;12007,25;11839,25;14/4/2020 15:59:00;15/4/2020 9:32:00;EntradaCierre;SalidaApertura;$-3365,76;$-7450,24;$5,76;$0,00;$0,00;$0,00;$0,00;$3585,00;$75,00;$3440,76;4;
850;NQ 09-26;Backtest;PROD_Bot_NQ_OvernightDrift_1min_RTH;Long;1;11880,25;11971,75;15/4/2020 15:59:00;16/4/2020 9:32:00;EntradaCierre;SalidaApertura;$1824,24;$-5626,00;$5,76;$0,00;$0,00;$0,00;$0,00;$20,00;$1955,00;$130,76;4;
851;NQ 09-26;Backtest;PROD_Bot_NQ_OvernightDrift_1min_RTH;Long;1;12138,75;12097,75;16/4/2020 15:59:00;17/4/2020 9:32:00;EntradaCierre;SalidaApertura;$-825,76;$-6451,76;$5,76;$0,00;$0,00;$0,00;$0,00;$925,00;$130,00;$955,76;4;
852;NQ 09-26;Backtest;PROD_Bot_NQ_OvernightDrift_1min_RTH;Long;1;12116,00;12098,50;17/4/2020 15:59:00;20/4/2020 9:32:00;EntradaCierre;SalidaApertura;$-355,76;$-6807,52;$5,76;$0,00;$0,00;$0,00;$0,00;$505,00;$50,00;$405,76;4;
853;NQ 09-26;Backtest;PROD_Bot_NQ_OvernightDrift_1min_RTH;Long;1;12019,50;11835,75;20/4/2020 15:59:00;21/4/2020 9:32:00;EntradaCierre;SalidaApertura;$-3680,76;$-10488,28;$5,76;$0,00;$0,00;$0,00;$0,00;$3745,00;$40,00;$3720,76;4;
854;NQ 09-26;Backtest;PROD_Bot_NQ_OvernightDrift_1min_RTH;Long;1;11734,75;11886,75;21/4/2020 15:59:00;22/4/2020 9:32:00;EntradaCierre;SalidaApertura;$3034,24;$-7454,04;$5,76;$0,00;$0,00;$0,00;$0,00;$75,00;$3155,00;$120,76;4;
855;NQ 09-26;Backtest;PROD_Bot_NQ_OvernightDrift_1min_RTH;Long;1;11941,50;12067,50;22/4/2020 15:59:00;23/4/2020 9:32:00;EntradaCierre;SalidaApertura;$2514,24;$-4939,80;$5,76;$0,00;$0,00;$0,00;$0,00;$35,00;$2540,00;$25,76;4;
856;NQ 09-26;Backtest;PROD_Bot_NQ_OvernightDrift_1min_RTH;Long;1;11912,75;11944,75;23/4/2020 15:59:00;24/4/2020 9:32:00;EntradaCierre;SalidaApertura;$634,24;$-4305,56;$5,76;$0,00;$0,00;$0,00;$0,00;$120,00;$660,00;$25,76;4;
857;NQ 09-26;Backtest;PROD_Bot_NQ_OvernightDrift_1min_RTH;Long;1;12074,00;12155,25;24/4/2020 15:59:00;27/4/2020 9:32:00;EntradaCierre;SalidaApertura;$1619,24;$-2686,32;$5,76;$0,00;$0,00;$0,00;$0,00;$80,00;$1730,00;$110,76;4;
858;NQ 09-26;Backtest;PROD_Bot_NQ_OvernightDrift_1min_RTH;Long;1;12128,00;12081,50;27/4/2020 15:59:00;28/4/2020 9:32:00;EntradaCierre;SalidaApertura;$-935,76;$-3622,08;$5,76;$0,00;$0,00;$0,00;$0,00;$1020,00;$0,00;$935,76;4;
859;NQ 09-26;Backtest;PROD_Bot_NQ_OvernightDrift_1min_RTH;Long;1;12011,75;12243,75;28/4/2020 15:59:00;29/4/2020 9:32:00;EntradaCierre;SalidaApertura;$4634,24;$1012,16;$5,76;$0,00;$0,00;$0,00;$0,00;$140,00;$4690,00;$55,76;4;
860;NQ 09-26;Backtest;PROD_Bot_NQ_OvernightDrift_1min_RTH;Long;1;12419,00;12305,25;29/4/2020 15:59:00;30/4/2020 9:32:00;EntradaCierre;SalidaApertura;$-2280,76;$-1268,60;$5,76;$0,00;$0,00;$0,00;$0,00;$2275,00;$125,00;$2405,76;4;
861;NQ 09-26;Backtest;PROD_Bot_NQ_OvernightDrift_1min_RTH;Long;1;12174,50;12133,00;30/4/2020 15:59:00;1/5/2020 9:32:00;EntradaCierre;SalidaApertura;$-835,76;$-2104,36;$5,76;$0,00;$0,00;$0,00;$0,00;$835,00;$100,00;$935,76;4;
862;NQ 09-26;Backtest;PROD_Bot_NQ_OvernightDrift_1min_RTH;Long;1;12010,50;12050,50;1/5/2020 15:59:00;4/5/2020 9:32:00;EntradaCierre;SalidaApertura;$794,24;$-1310,12;$5,76;$0,00;$0,00;$0,00;$0,00;$45,00;$890,00;$95,76;4;
863;NQ 09-26;Backtest;PROD_Bot_NQ_OvernightDrift_1min_RTH;Long;1;12116,25;12253,50;4/5/2020 15:59:00;5/5/2020 9:32:00;EntradaCierre;SalidaApertura;$2739,24;$1429,12;$5,76;$0,00;$0,00;$0,00;$0,00;$15,00;$2795,00;$55,76;4;
864;NQ 09-26;Backtest;PROD_Bot_NQ_OvernightDrift_1min_RTH;Long;1;12235,25;12296,75;5/5/2020 15:59:00;6/5/2020 9:32:00;EntradaCierre;SalidaApertura;$1224,24;$2653,36;$5,76;$0,00;$0,00;$0,00;$0,00;$25,00;$1290,00;$65,76;4;
865;NQ 09-26;Backtest;PROD_Bot_NQ_OvernightDrift_1min_RTH;Long;1;12261,25;12379,50;6/5/2020 15:59:00;7/5/2020 9:32:00;EntradaCierre;SalidaApertura;$2359,24;$5012,60;$5,76;$0,00;$0,00;$0,00;$0,00;$190,00;$2390,00;$30,76;4;
866;NQ 09-26;Backtest;PROD_Bot_NQ_OvernightDrift_1min_RTH;Long;1;12425,00;12489,25;7/5/2020 15:59:00;8/5/2020 9:32:00;EntradaCierre;SalidaApertura;$1279,24;$6291,84;$5,76;$0,00;$0,00;$0,00;$0,00;$20,00;$1345,00;$65,76;4;
867;NQ 09-26;Backtest;PROD_Bot_NQ_OvernightDrift_1min_RTH;Long;1;12527,50;12534,25;8/5/2020 15:59:00;11/5/2020 9:32:00;EntradaCierre;SalidaApertura;$129,24;$6421,08;$5,76;$0,00;$0,00;$0,00;$0,00;$20,00;$310,00;$180,76;4;
868;NQ 09-26;Backtest;PROD_Bot_NQ_OvernightDrift_1min_RTH;Long;1;12588,25;12588,25;11/5/2020 15:59:00;12/5/2020 9:32:00;EntradaCierre;SalidaApertura;$-5,76;$6415,32;$5,76;$0,00;$0,00;$0,00;$0,00;$135,00;$75,00;$80,76;4;
869;NQ 09-26;Backtest;PROD_Bot_NQ_OvernightDrift_1min_RTH;Long;1;12350,50;12491,75;12/5/2020 15:59:00;13/5/2020 9:32:00;EntradaCierre;SalidaApertura;$2819,24;$9234,56;$5,76;$0,00;$0,00;$0,00;$0,00;$25,00;$2875,00;$55,76;4;
870;NQ 09-26;Backtest;PROD_Bot_NQ_OvernightDrift_1min_RTH;Long;1;12318,25;12162,00;13/5/2020 15:59:00;14/5/2020 9:32:00;EntradaCierre;SalidaApertura;$-3130,76;$6103,80;$5,76;$0,00;$0,00;$0,00;$0,00;$3295,00;$45,00;$3175,76;4;
871;NQ 09-26;Backtest;PROD_Bot_NQ_OvernightDrift_1min_RTH;Long;1;12391,50;12325,00;14/5/2020 15:59:00;15/5/2020 9:32:00;EntradaCierre;SalidaApertura;$-1335,76;$4768,04;$5,76;$0,00;$0,00;$0,00;$0,00;$1550,00;$95,00;$1430,76;4;
872;NQ 09-26;Backtest;PROD_Bot_NQ_OvernightDrift_1min_RTH;Long;1;12425,00;12601,25;15/5/2020 15:59:00;18/5/2020 9:32:00;EntradaCierre;SalidaApertura;$3519,24;$8287,28;$5,76;$0,00;$0,00;$0,00;$0,00;$50,00;$3590,00;$70,76;4;
873;NQ 09-26;Backtest;PROD_Bot_NQ_OvernightDrift_1min_RTH;Long;1;12630,50;12694,25;18/5/2020 15:59:00;19/5/2020 9:32:00;EntradaCierre;SalidaApertura;$1269,24;$9556,52;$5,76;$0,00;$0,00;$0,00;$0,00;$140,00;$1340,00;$70,76;4;
874;NQ 09-26;Backtest;PROD_Bot_NQ_OvernightDrift_1min_RTH;Long;1;12605,00;12758,50;19/5/2020 15:59:00;20/5/2020 9:32:00;EntradaCierre;SalidaApertura;$3064,24;$12620,76;$5,76;$0,00;$0,00;$0,00;$0,00;$55,00;$3155,00;$90,76;4;
875;NQ 09-26;Backtest;PROD_Bot_NQ_OvernightDrift_1min_RTH;Long;1;12804,25;12732,50;20/5/2020 15:59:00;21/5/2020 9:32:00;EntradaCierre;SalidaApertura;$-1440,76;$11180,00;$5,76;$0,00;$0,00;$0,00;$0,00;$1475,00;$0,00;$1440,76;4;
876;NQ 09-26;Backtest;PROD_Bot_NQ_OvernightDrift_1min_RTH;Long;1;12666,25;12678,25;21/5/2020 15:59:00;22/5/2020 9:32:00;EntradaCierre;SalidaApertura;$234,24;$11414,24;$5,76;$0,00;$0,00;$0,00;$0,00;$65,00;$360,00;$125,76;4;
877;NQ 09-26;Backtest;PROD_Bot_NQ_OvernightDrift_1min_RTH;Long;1;12727,50;12830,75;22/5/2020 15:59:00;25/5/2020 9:32:00;EntradaCierre;SalidaApertura;$2059,24;$13473,48;$5,76;$0,00;$0,00;$0,00;$0,00;$20,00;$2080,00;$20,76;4;
878;NQ 09-26;Backtest;PROD_Bot_NQ_OvernightDrift_1min_RTH;Long;1;12714,25;12588,00;26/5/2020 15:59:00;27/5/2020 9:32:00;EntradaCierre;SalidaApertura;$-2530,76;$10942,72;$5,76;$0,00;$0,00;$0,00;$0,00;$2570,00;$105,00;$2635,76;4;
879;NQ 09-26;Backtest;PROD_Bot_NQ_OvernightDrift_1min_RTH;Long;1;12746,75;12769,75;27/5/2020 15:59:00;28/5/2020 9:32:00;EntradaCierre;SalidaApertura;$454,24;$11396,96;$5,76;$0,00;$0,00;$0,00;$0,00;$10,00;$725,00;$270,76;4;
880;NQ 09-26;Backtest;PROD_Bot_NQ_OvernightDrift_1min_RTH;Long;1;12770,75;12727,00;28/5/2020 15:59:00;29/5/2020 9:32:00;EntradaCierre;SalidaApertura;$-880,76;$10516,20;$5,76;$0,00;$0,00;$0,00;$0,00;$1160,00;$0,00;$880,76;4;
881;NQ 09-26;Backtest;PROD_Bot_NQ_OvernightDrift_1min_RTH;Long;1;12895,00;12874,50;29/5/2020 15:59:00;1/6/2020 9:32:00;EntradaCierre;SalidaApertura;$-415,76;$10100,44;$5,76;$0,00;$0,00;$0,00;$0,00;$455,00;$25,00;$440,76;4;
882;NQ 09-26;Backtest;PROD_Bot_NQ_OvernightDrift_1min_RTH;Long;1;12903,75;12909,00;1/6/2020 15:59:00;2/6/2020 9:32:00;EntradaCierre;SalidaApertura;$99,24;$10199,68;$5,76;$0,00;$0,00;$0,00;$0,00;$95,00;$250,00;$150,76;4;
883;NQ 09-26;Backtest;PROD_Bot_NQ_OvernightDrift_1min_RTH;Long;1;12966,75;12979,25;2/6/2020 15:59:00;3/6/2020 9:32:00;EntradaCierre;SalidaApertura;$244,24;$10443,92;$5,76;$0,00;$0,00;$0,00;$0,00;$55,00;$335,00;$90,76;4;
884;NQ 09-26;Backtest;PROD_Bot_NQ_OvernightDrift_1min_RTH;Long;1;12996,50;13028,75;3/6/2020 15:59:00;4/6/2020 9:32:00;EntradaCierre;SalidaApertura;$639,24;$11083,16;$5,76;$0,00;$0,00;$0,00;$0,00;$50,00;$770,00;$130,76;4;
885;NQ 09-26;Backtest;PROD_Bot_NQ_OvernightDrift_1min_RTH;Long;1;12952,75;13070,75;4/6/2020 15:59:00;5/6/2020 9:32:00;EntradaCierre;SalidaApertura;$2354,24;$13437,40;$5,76;$0,00;$0,00;$0,00;$0,00;$65,00;$2395,00;$40,76;4;
886;NQ 09-26;Backtest;PROD_Bot_NQ_OvernightDrift_1min_RTH;Long;1;13115,50;13085,50;5/6/2020 15:59:00;8/6/2020 9:32:00;EntradaCierre;SalidaApertura;$-605,76;$12831,64;$5,76;$0,00;$0,00;$0,00;$0,00;$670,00;$5,00;$610,76;4;
887;NQ 09-26;Backtest;PROD_Bot_NQ_OvernightDrift_1min_RTH;Long;1;13188,75;13211,50;8/6/2020 15:59:00;9/6/2020 9:32:00;EntradaCierre;SalidaApertura;$449,24;$13280,88;$5,76;$0,00;$0,00;$0,00;$0,00;$20,00;$535,00;$85,76;4;
888;NQ 09-26;Backtest;PROD_Bot_NQ_OvernightDrift_1min_RTH;Long;1;13265,50;13339,25;9/6/2020 15:59:00;10/6/2020 9:32:00;EntradaCierre;SalidaApertura;$1469,24;$14750,12;$5,76;$0,00;$0,00;$0,00;$0,00;$15,00;$1585,00;$115,76;4;
889;NQ 09-26;Backtest;PROD_Bot_NQ_OvernightDrift_1min_RTH;Long;1;13394,25;13252,50;10/6/2020 15:59:00;11/6/2020 9:32:00;EntradaCierre;SalidaApertura;$-2840,76;$11909,36;$5,76;$0,00;$0,00;$0,00;$0,00;$3095,00;$10,00;$2850,76;4;
890;NQ 09-26;Backtest;PROD_Bot_NQ_OvernightDrift_1min_RTH;Long;1;12937,25;13073,50;11/6/2020 15:59:00;12/6/2020 9:32:00;EntradaCierre;SalidaApertura;$2719,24;$14628,60;$5,76;$0,00;$0,00;$0,00;$0,00;$160,00;$2770,00;$50,76;4;
891;NQ 09-26;Backtest;PROD_Bot_NQ_OvernightDrift_1min_RTH;Long;1;12965,75;12890,50;12/6/2020 15:59:00;15/6/2020 9:32:00;EntradaCierre;SalidaApertura;$-1510,76;$13117,84;$5,76;$0,00;$0,00;$0,00;$0,00;$1580,00;$0,00;$1510,76;4;
892;NQ 09-26;Backtest;PROD_Bot_NQ_OvernightDrift_1min_RTH;Long;1;13123,25;13318,25;15/6/2020 15:59:00;16/6/2020 9:32:00;EntradaCierre;SalidaApertura;$3894,24;$17012,08;$5,76;$0,00;$0,00;$0,00;$0,00;$40,00;$3960,00;$65,76;4;
893;NQ 09-26;Backtest;PROD_Bot_NQ_OvernightDrift_1min_RTH;Long;1;13282,25;13269,50;16/6/2020 15:59:00;17/6/2020 9:32:00;EntradaCierre;SalidaApertura;$-260,76;$16751,32;$5,76;$0,00;$0,00;$0,00;$0,00;$340,00;$10,00;$270,76;4;
894;NQ 09-26;Backtest;PROD_Bot_NQ_OvernightDrift_1min_RTH;Long;1;13309,75;13277,50;17/6/2020 15:59:00;18/6/2020 9:32:00;EntradaCierre;SalidaApertura;$-650,76;$16100,56;$5,76;$0,00;$0,00;$0,00;$0,00;$760,00;$35,00;$685,76;4;
895;NQ 09-26;Backtest;PROD_Bot_NQ_OvernightDrift_1min_RTH;Long;1;13312,25;13420,50;18/6/2020 15:59:00;19/6/2020 9:32:00;EntradaCierre;SalidaApertura;$2159,24;$18259,80;$5,76;$0,00;$0,00;$0,00;$0,00;$55,00;$2260,00;$100,76;4;
896;NQ 09-26;Backtest;PROD_Bot_NQ_OvernightDrift_1min_RTH;Long;1;13250,75;13369,00;19/6/2020 15:59:00;22/6/2020 9:32:00;EntradaCierre;SalidaApertura;$2359,24;$20619,04;$5,76;$0,00;$0,00;$0,00;$0,00;$45,00;$2525,00;$165,76;4;
897;NQ 09-26;Backtest;PROD_Bot_NQ_OvernightDrift_1min_RTH;Long;1;13452,50;13543,50;22/6/2020 15:59:00;23/6/2020 9:32:00;EntradaCierre;SalidaApertura;$1814,24;$22433,28;$5,76;$0,00;$0,00;$0,00;$0,00;$170,00;$1875,00;$60,76;4;
898;NQ 09-26;Backtest;PROD_Bot_NQ_OvernightDrift_1min_RTH;Long;1;13503,25;13438,75;23/6/2020 15:59:00;24/6/2020 9:32:00;EntradaCierre;SalidaApertura;$-1295,76;$21137,52;$5,76;$0,00;$0,00;$0,00;$0,00;$1295,00;$0,00;$1295,76;4;
899;NQ 09-26;Backtest;PROD_Bot_NQ_OvernightDrift_1min_RTH;Long;1;13335,25;13327,50;24/6/2020 15:59:00;25/6/2020 9:32:00;EntradaCierre;SalidaApertura;$-160,76;$20976,76;$5,76;$0,00;$0,00;$0,00;$0,00;$330,00;$90,00;$250,76;4;
900;NQ 09-26;Backtest;PROD_Bot_NQ_OvernightDrift_1min_RTH;Long;1;13421,00;13258,00;25/6/2020 15:59:00;26/6/2020 9:32:00;EntradaCierre;SalidaApertura;$-3265,76;$17711,00;$5,76;$0,00;$0,00;$0,00;$0,00;$3525,00;$25,00;$3290,76;4;
901;NQ 09-26;Backtest;PROD_Bot_NQ_OvernightDrift_1min_RTH;Long;1;13166,75;13174,75;26/6/2020 15:59:00;29/6/2020 9:32:00;EntradaCierre;SalidaApertura;$154,24;$17865,24;$5,76;$0,00;$0,00;$0,00;$0,00;$55,00;$185,00;$30,76;4;
902;NQ 09-26;Backtest;PROD_Bot_NQ_OvernightDrift_1min_RTH;Long;1;13314,25;13351,25;29/6/2020 15:59:00;30/6/2020 9:32:00;EntradaCierre;SalidaApertura;$734,24;$18599,48;$5,76;$0,00;$0,00;$0,00;$0,00;$110,00;$885,00;$150,76;4;
903;NQ 09-26;Backtest;PROD_Bot_NQ_OvernightDrift_1min_RTH;Long;1;13463,75;13531,25;30/6/2020 15:59:00;1/7/2020 9:32:00;EntradaCierre;SalidaApertura;$1344,24;$19943,72;$5,76;$0,00;$0,00;$0,00;$0,00;$40,00;$1410,00;$65,76;4;
904;NQ 09-26;Backtest;PROD_Bot_NQ_OvernightDrift_1min_RTH;Long;1;13580,00;13695,50;1/7/2020 15:59:00;2/7/2020 9:32:00;EntradaCierre;SalidaApertura;$2304,24;$22247,96;$5,76;$0,00;$0,00;$0,00;$0,00;$70,00;$2425,00;$120,76;4;
905;NQ 09-26;Backtest;PROD_Bot_NQ_OvernightDrift_1min_RTH;Long;1;13672,50;13664,25;2/7/2020 15:59:00;3/7/2020 9:32:00;EntradaCierre;SalidaApertura;$-170,76;$22077,20;$5,76;$0,00;$0,00;$0,00;$0,00;$180,00;$20,00;$190,76;4;
906;NQ 09-26;Backtest;PROD_Bot_NQ_OvernightDrift_1min_RTH;Long;1;13923,25;13978,50;6/7/2020 15:59:00;7/7/2020 9:32:00;EntradaCierre;SalidaApertura;$1099,24;$23176,44;$5,76;$0,00;$0,00;$0,00;$0,00;$45,00;$1190,00;$90,76;4;
907;NQ 09-26;Backtest;PROD_Bot_NQ_OvernightDrift_1min_RTH;Long;1;13852,25;13933,50;7/7/2020 15:59:00;8/7/2020 9:32:00;EntradaCierre;SalidaApertura;$1619,24;$24795,68;$5,76;$0,00;$0,00;$0,00;$0,00;$55,00;$1630,00;$10,76;4;
908;NQ 09-26;Backtest;PROD_Bot_NQ_OvernightDrift_1min_RTH;Long;1;13994,25;14038,25;8/7/2020 15:59:00;9/7/2020 9:32:00;EntradaCierre;SalidaApertura;$874,24;$25669,92;$5,76;$0,00;$0,00;$0,00;$0,00;$15,00;$940,00;$65,76;4;
909;NQ 09-26;Backtest;PROD_Bot_NQ_OvernightDrift_1min_RTH;Long;1;14049,50;14039,00;9/7/2020 15:59:00;10/7/2020 9:32:00;EntradaCierre;SalidaApertura;$-215,76;$25454,16;$5,76;$0,00;$0,00;$0,00;$0,00;$305,00;$5,00;$220,76;4;
910;NQ 09-26;Backtest;PROD_Bot_NQ_OvernightDrift_1min_RTH;Long;1;14166,00;14317,25;10/7/2020 15:59:00;13/7/2020 9:32:00;EntradaCierre;SalidaApertura;$3019,24;$28473,40;$5,76;$0,00;$0,00;$0,00;$0,00;$70,00;$3205,00;$185,76;4;
911;NQ 09-26;Backtest;PROD_Bot_NQ_OvernightDrift_1min_RTH;Long;1;13926,75;13817,75;13/7/2020 15:59:00;14/7/2020 9:32:00;EntradaCierre;SalidaApertura;$-2185,76;$26287,64;$5,76;$0,00;$0,00;$0,00;$0,00;$2740,00;$0,00;$2185,76;4;
912;NQ 09-26;Backtest;PROD_Bot_NQ_OvernightDrift_1min_RTH;Long;1;13969,00;14061,75;14/7/2020 15:59:00;15/7/2020 9:32:00;EntradaCierre;SalidaApertura;$1849,24;$28136,88;$5,76;$0,00;$0,00;$0,00;$0,00;$70,00;$1950,00;$100,76;4;
913;NQ 09-26;Backtest;PROD_Bot_NQ_OvernightDrift_1min_RTH;Long;1;14013,75;13857,00;15/7/2020 15:59:00;16/7/2020 9:32:00;EntradaCierre;SalidaApertura;$-3140,76;$24996,12;$5,76;$0,00;$0,00;$0,00;$0,00;$3160,00;$0,00;$3140,76;4;
914;NQ 09-26;Backtest;PROD_Bot_NQ_OvernightDrift_1min_RTH;Long;1;13856,50;13870,25;16/7/2020 15:59:00;17/7/2020 9:32:00;EntradaCierre;SalidaApertura;$269,24;$25265,36;$5,76;$0,00;$0,00;$0,00;$0,00;$45,00;$500,00;$230,76;4;
915;NQ 09-26;Backtest;PROD_Bot_NQ_OvernightDrift_1min_RTH;Long;1;13949,00;14089,75;17/7/2020 15:59:00;20/7/2020 9:32:00;EntradaCierre;SalidaApertura;$2809,24;$28074,60;$5,76;$0,00;$0,00;$0,00;$0,00;$80,00;$2860,00;$50,76;4;
916;NQ 09-26;Backtest;PROD_Bot_NQ_OvernightDrift_1min_RTH;Long;1;14270,50;14228,00;20/7/2020 15:59:00;21/7/2020 9:32:00;EntradaCierre;SalidaApertura;$-855,76;$27218,84;$5,76;$0,00;$0,00;$0,00;$0,00;$950,00;$10,00;$865,76;4;
917;NQ 09-26;Backtest;PROD_Bot_NQ_OvernightDrift_1min_RTH;Long;1;14171,75;14164,00;21/7/2020 15:59:00;22/7/2020 9:32:00;EntradaCierre;SalidaApertura;$-160,76;$27058,08;$5,76;$0,00;$0,00;$0,00;$0,00;$240,00;$120,00;$280,76;4;
918;NQ 09-26;Backtest;PROD_Bot_NQ_OvernightDrift_1min_RTH;Long;1;14168,75;14140,50;22/7/2020 15:59:00;23/7/2020 9:32:00;EntradaCierre;SalidaApertura;$-570,76;$26487,32;$5,76;$0,00;$0,00;$0,00;$0,00;$640,00;$25,00;$595,76;4;
919;NQ 09-26;Backtest;PROD_Bot_NQ_OvernightDrift_1min_RTH;Long;1;13888,00;13764,50;23/7/2020 15:59:00;24/7/2020 9:32:00;EntradaCierre;SalidaApertura;$-2475,76;$24011,56;$5,76;$0,00;$0,00;$0,00;$0,00;$2535,00;$60,00;$2535,76;4;
920;NQ 09-26;Backtest;PROD_Bot_NQ_OvernightDrift_1min_RTH;Long;1;13787,75;13914,25;24/7/2020 15:59:00;27/7/2020 9:32:00;EntradaCierre;SalidaApertura;$2524,24;$26535,80;$5,76;$0,00;$0,00;$0,00;$0,00;$80,00;$2615,00;$90,76;4;
921;NQ 09-26;Backtest;PROD_Bot_NQ_OvernightDrift_1min_RTH;Long;1;14006,50;13937,00;27/7/2020 15:59:00;28/7/2020 9:32:00;EntradaCierre;SalidaApertura;$-1395,76;$25140,04;$5,76;$0,00;$0,00;$0,00;$0,00;$1420,00;$0,00;$1395,76;4;
922;NQ 09-26;Backtest;PROD_Bot_NQ_OvernightDrift_1min_RTH;Long;1;13870,25;13942,25;28/7/2020 15:59:00;29/7/2020 9:32:00;EntradaCierre;SalidaApertura;$1434,24;$26574,28;$5,76;$0,00;$0,00;$0,00;$0,00;$15,00;$1525,00;$90,76;4;
923;NQ 09-26;Backtest;PROD_Bot_NQ_OvernightDrift_1min_RTH;Long;1;14022,50;13877,50;29/7/2020 15:59:00;30/7/2020 9:32:00;EntradaCierre;SalidaApertura;$-2905,76;$23668,52;$5,76;$0,00;$0,00;$0,00;$0,00;$2950,00;$15,00;$2920,76;4;
924;NQ 09-26;Backtest;PROD_Bot_NQ_OvernightDrift_1min_RTH;Long;1;14216,00;14078,50;30/7/2020 15:59:00;31/7/2020 9:32:00;EntradaCierre;SalidaApertura;$-2755,76;$20912,76;$5,76;$0,00;$0,00;$0,00;$0,00;$3140,00;$15,00;$2770,76;4;
925;NQ 09-26;Backtest;PROD_Bot_NQ_OvernightDrift_1min_RTH;Long;1;14244,00;14355,50;31/7/2020 15:59:00;3/8/2020 9:32:00;EntradaCierre;SalidaApertura;$2224,24;$23137,00;$5,76;$0,00;$0,00;$0,00;$0,00;$150,00;$2245,00;$20,76;4;
926;NQ 09-26;Backtest;PROD_Bot_NQ_OvernightDrift_1min_RTH;Long;1;14377,75;14386,25;3/8/2020 15:59:00;4/8/2020 9:32:00;EntradaCierre;SalidaApertura;$164,24;$23301,24;$5,76;$0,00;$0,00;$0,00;$0,00;$85,00;$220,00;$55,76;4;
927;NQ 09-26;Backtest;PROD_Bot_NQ_OvernightDrift_1min_RTH;Long;1;14403,25;14434,50;4/8/2020 15:59:00;5/8/2020 9:32:00;EntradaCierre;SalidaApertura;$619,24;$23920,48;$5,76;$0,00;$0,00;$0,00;$0,00;$55,00;$790,00;$170,76;4;
928;NQ 09-26;Backtest;PROD_Bot_NQ_OvernightDrift_1min_RTH;Long;1;14418,50;14454,75;5/8/2020 15:59:00;6/8/2020 9:32:00;EntradaCierre;SalidaApertura;$719,24;$24639,72;$5,76;$0,00;$0,00;$0,00;$0,00;$10,00;$885,00;$165,76;4;
929;NQ 09-26;Backtest;PROD_Bot_NQ_OvernightDrift_1min_RTH;Long;1;14583,75;14557,75;6/8/2020 15:59:00;7/8/2020 9:32:00;EntradaCierre;SalidaApertura;$-525,76;$24113,96;$5,76;$0,00;$0,00;$0,00;$0,00;$675,00;$5,00;$530,76;4;
930;NQ 09-26;Backtest;PROD_Bot_NQ_OvernightDrift_1min_RTH;Long;1;14454,25;14375,75;7/8/2020 15:59:00;10/8/2020 9:32:00;EntradaCierre;SalidaApertura;$-1575,76;$22538,20;$5,76;$0,00;$0,00;$0,00;$0,00;$1570,00;$25,00;$1600,76;5;
931;NQ 09-26;Backtest;PROD_Bot_NQ_OvernightDrift_1min_RTH;Long;1;14401,75;14310,25;10/8/2020 16:00:00;11/8/2020 9:32:00;EntradaCierre;SalidaApertura;$-1835,76;$20702,44;$5,76;$0,00;$0,00;$0,00;$0,00;$1830,00;$45,00;$1880,76;3;
932;NQ 09-26;Backtest;PROD_Bot_NQ_OvernightDrift_1min_RTH;Long;1;14230,75;14423,75;11/8/2020 16:00:00;12/8/2020 9:32:00;EntradaCierre;SalidaApertura;$3854,24;$24556,68;$5,76;$0,00;$0,00;$0,00;$0,00;$10,00;$3940,00;$85,76;3;
933;NQ 09-26;Backtest;PROD_Bot_NQ_OvernightDrift_1min_RTH;Long;1;14443,50;14551,25;12/8/2020 16:00:00;13/8/2020 9:32:00;EntradaCierre;SalidaApertura;$2149,24;$26705,92;$5,76;$0,00;$0,00;$0,00;$0,00;$70,00;$2240,00;$90,76;3;
934;NQ 09-26;Backtest;PROD_Bot_NQ_OvernightDrift_1min_RTH;Long;1;14505,50;14430,00;13/8/2020 16:00:00;14/8/2020 9:32:00;EntradaCierre;SalidaApertura;$-1515,76;$25190,16;$5,76;$0,00;$0,00;$0,00;$0,00;$1720,00;$40,00;$1555,76;3;
935;NQ 09-26;Backtest;PROD_Bot_NQ_OvernightDrift_1min_RTH;Long;1;14472,75;14583,25;14/8/2020 16:00:00;17/8/2020 9:32:00;EntradaCierre;SalidaApertura;$2204,24;$27394,40;$5,76;$0,00;$0,00;$0,00;$0,00;$80,00;$2235,00;$30,76;3;
936;NQ 09-26;Backtest;PROD_Bot_NQ_OvernightDrift_1min_RTH;Long;1;14610,50;14608,50;17/8/2020 15:59:00;18/8/2020 9:32:00;EntradaCierre;SalidaApertura;$-45,76;$27348,64;$5,76;$0,00;$0,00;$0,00;$0,00;$380,00;$5,00;$50,76;4;
937;NQ 09-26;Backtest;PROD_Bot_NQ_OvernightDrift_1min_RTH;Long;1;14736,00;14724,50;18/8/2020 15:59:00;19/8/2020 9:32:00;EntradaCierre;SalidaApertura;$-235,76;$27112,88;$5,76;$0,00;$0,00;$0,00;$0,00;$340,00;$35,00;$270,76;4;
938;NQ 09-26;Backtest;PROD_Bot_NQ_OvernightDrift_1min_RTH;Long;1;14646,00;14692,50;19/8/2020 15:59:00;20/8/2020 9:32:00;EntradaCierre;SalidaApertura;$924,24;$28037,12;$5,76;$0,00;$0,00;$0,00;$0,00;$85,00;$985,00;$60,76;4;
939;NQ 09-26;Backtest;PROD_Bot_NQ_OvernightDrift_1min_RTH;Long;1;14804,75;14853,75;20/8/2020 15:59:00;21/8/2020 9:32:00;EntradaCierre;SalidaApertura;$974,24;$29011,36;$5,76;$0,00;$0,00;$0,00;$0,00;$25,00;$1005,00;$30,76;4;
940;NQ 09-26;Backtest;PROD_Bot_NQ_OvernightDrift_1min_RTH;Long;1;14887,25;14946,25;21/8/2020 15:59:00;24/8/2020 9:32:00;EntradaCierre;SalidaApertura;$1174,24;$30185,60;$5,76;$0,00;$0,00;$0,00;$0,00;$40,00;$1390,00;$215,76;4;
941;NQ 09-26;Backtest;PROD_Bot_NQ_OvernightDrift_1min_RTH;Long;1;14959,00;14924,50;24/8/2020 15:59:00;25/8/2020 9:32:00;EntradaCierre;SalidaApertura;$-695,76;$29489,84;$5,76;$0,00;$0,00;$0,00;$0,00;$760,00;$0,00;$695,76;4;
942;NQ 09-26;Backtest;PROD_Bot_NQ_OvernightDrift_1min_RTH;Long;1;15061,50;15134,00;25/8/2020 15:59:00;26/8/2020 9:32:00;EntradaCierre;SalidaApertura;$1444,24;$30934,08;$5,76;$0,00;$0,00;$0,00;$0,00;$45,00;$1465,00;$20,76;4;
943;NQ 09-26;Backtest;PROD_Bot_NQ_OvernightDrift_1min_RTH;Long;1;15310,00;15318,25;26/8/2020 15:59:00;27/8/2020 9:32:00;EntradaCierre;SalidaApertura;$159,24;$31093,32;$5,76;$0,00;$0,00;$0,00;$0,00;$55,00;$225,00;$65,76;4;
944;NQ 09-26;Backtest;PROD_Bot_NQ_OvernightDrift_1min_RTH;Long;1;15270,50;15327,00;27/8/2020 15:59:00;28/8/2020 9:32:00;EntradaCierre;SalidaApertura;$1124,24;$32217,56;$5,76;$0,00;$0,00;$0,00;$0,00;$25,00;$1180,00;$55,76;4;
945;NQ 09-26;Backtest;PROD_Bot_NQ_OvernightDrift_1min_RTH;Long;1;15326,50;15379,50;28/8/2020 15:59:00;31/8/2020 9:32:00;EntradaCierre;SalidaApertura;$1054,24;$33271,80;$5,76;$0,00;$0,00;$0,00;$0,00;$95,00;$1080,00;$25,76;4;
946;NQ 09-26;Backtest;PROD_Bot_NQ_OvernightDrift_1min_RTH;Long;1;15426,75;15584,25;31/8/2020 15:59:00;1/9/2020 9:32:00;EntradaCierre;SalidaApertura;$3144,24;$36416,04;$5,76;$0,00;$0,00;$0,00;$0,00;$60,00;$3360,00;$215,76;4;
947;NQ 09-26;Backtest;PROD_Bot_NQ_OvernightDrift_1min_RTH;Long;1;15650,75;15661,75;1/9/2020 15:59:00;2/9/2020 9:32:00;EntradaCierre;SalidaApertura;$214,24;$36630,28;$5,76;$0,00;$0,00;$0,00;$0,00;$10,00;$435,00;$220,76;4;
948;NQ 09-26;Backtest;PROD_Bot_NQ_OvernightDrift_1min_RTH;Long;1;15734,00;15366,50;2/9/2020 15:59:00;3/9/2020 9:32:00;EntradaCierre;SalidaApertura;$-7355,76;$29274,52;$5,76;$0,00;$0,00;$0,00;$0,00;$7710,00;$0,00;$7355,76;4;
949;NQ 09-26;Backtest;PROD_Bot_NQ_OvernightDrift_1min_RTH;Long;1;15128,75;14695,50;3/9/2020 15:59:00;4/9/2020 9:32:00;EntradaCierre;SalidaApertura;$-8670,76;$20603,76;$5,76;$0,00;$0,00;$0,00;$0,00;$9085,00;$0,00;$8670,76;4;
950;NQ 09-26;Backtest;PROD_Bot_NQ_OvernightDrift_1min_RTH;Long;1;14871,50;14801,75;4/9/2020 15:59:00;7/9/2020 9:32:00;EntradaCierre;SalidaApertura;$-1400,76;$19203,00;$5,76;$0,00;$0,00;$0,00;$0,00;$1405,00;$20,00;$1420,76;4;
951;NQ 09-26;Backtest;PROD_Bot_NQ_OvernightDrift_1min_RTH;Long;1;14371,75;14671,75;8/9/2020 15:59:00;9/9/2020 9:32:00;EntradaCierre;SalidaApertura;$5994,24;$25197,24;$5,76;$0,00;$0,00;$0,00;$0,00;$145,00;$6305,00;$310,76;4;
952;NQ 09-26;Backtest;PROD_Bot_NQ_OvernightDrift_1min_RTH;Long;1;14691,25;14870,25;9/9/2020 15:59:00;10/9/2020 9:32:00;EntradaCierre;SalidaApertura;$3574,24;$28771,48;$5,76;$0,00;$0,00;$0,00;$0,00;$35,00;$3660,00;$85,76;4;
953;NQ 09-26;Backtest;PROD_Bot_NQ_OvernightDrift_1min_RTH;Long;1;14263,25;14034,50;18/9/2020 15:59:00;21/9/2020 9:32:00;EntradaCierre;SalidaApertura;$-4580,76;$24190,72;$5,76;$0,00;$0,00;$0,00;$0,00;$4680,00;$200,00;$4780,76;4;
954;NQ 09-26;Backtest;PROD_Bot_NQ_OvernightDrift_1min_RTH;Long;1;14336,50;14381,50;21/9/2020 15:59:00;22/9/2020 9:32:00;EntradaCierre;SalidaApertura;$894,24;$25084,96;$5,76;$0,00;$0,00;$0,00;$0,00;$480,00;$1015,00;$120,76;4;
955;NQ 09-26;Backtest;PROD_Bot_NQ_OvernightDrift_1min_RTH;Long;1;14486,00;14409,00;22/9/2020 15:59:00;23/9/2020 9:32:00;EntradaCierre;SalidaApertura;$-1545,76;$23539,20;$5,76;$0,00;$0,00;$0,00;$0,00;$1590,00;$70,00;$1615,76;4;
956;NQ 09-26;Backtest;PROD_Bot_NQ_OvernightDrift_1min_RTH;Long;1;14154,25;14156,75;23/9/2020 15:59:00;24/9/2020 9:32:00;EntradaCierre;SalidaApertura;$44,24;$23583,44;$5,76;$0,00;$0,00;$0,00;$0,00;$15,00;$555,00;$510,76;4;
957;NQ 09-26;Backtest;PROD_Bot_NQ_OvernightDrift_1min_RTH;Long;1;14252,25;14271,25;24/9/2020 15:59:00;25/9/2020 9:32:00;EntradaCierre;SalidaApertura;$374,24;$23957,68;$5,76;$0,00;$0,00;$0,00;$0,00;$180,00;$565,00;$190,76;4;
958;NQ 09-26;Backtest;PROD_Bot_NQ_OvernightDrift_1min_RTH;Long;1;14465,75;14637,50;25/9/2020 15:59:00;28/9/2020 9:32:00;EntradaCierre;SalidaApertura;$3429,24;$27386,92;$5,76;$0,00;$0,00;$0,00;$0,00;$35,00;$3440,00;$10,76;4;
959;NQ 09-26;Backtest;PROD_Bot_NQ_OvernightDrift_1min_RTH;Long;1;14726,00;14683,50;28/9/2020 15:59:00;29/9/2020 9:32:00;EntradaCierre;SalidaApertura;$-855,76;$26531,16;$5,76;$0,00;$0,00;$0,00;$0,00;$905,00;$65,00;$920,76;4;
960;NQ 09-26;Backtest;PROD_Bot_NQ_OvernightDrift_1min_RTH;Long;1;14656,25;14790,50;29/9/2020 15:59:00;30/9/2020 9:32:00;EntradaCierre;SalidaApertura;$2679,24;$29210,40;$5,76;$0,00;$0,00;$0,00;$0,00;$50,00;$2860,00;$180,76;4;
961;NQ 09-26;Backtest;PROD_Bot_NQ_OvernightDrift_1min_RTH;Long;1;14691,25;14842,75;30/9/2020 15:59:00;1/10/2020 9:32:00;EntradaCierre;SalidaApertura;$3024,24;$32234,64;$5,76;$0,00;$0,00;$0,00;$0,00;$25,00;$3060,00;$35,76;4;
962;NQ 09-26;Backtest;PROD_Bot_NQ_OvernightDrift_1min_RTH;Long;1;14909,50;14777,00;1/10/2020 15:59:00;2/10/2020 9:32:00;EntradaCierre;SalidaApertura;$-2655,76;$29578,88;$5,76;$0,00;$0,00;$0,00;$0,00;$2670,00;$0,00;$2655,76;4;
963;NQ 09-26;Backtest;PROD_Bot_NQ_OvernightDrift_1min_RTH;Long;1;14589,00;14741,00;2/10/2020 15:59:00;5/10/2020 9:32:00;EntradaCierre;SalidaApertura;$3034,24;$32613,12;$5,76;$0,00;$0,00;$0,00;$0,00;$85,00;$3165,00;$130,76;4;
964;NQ 09-26;Backtest;PROD_Bot_NQ_OvernightDrift_1min_RTH;Long;1;14805,50;14818,00;5/10/2020 15:59:00;6/10/2020 9:32:00;EntradaCierre;SalidaApertura;$244,24;$32857,36;$5,76;$0,00;$0,00;$0,00;$0,00;$40,00;$295,00;$50,76;4;
965;NQ 09-26;Backtest;PROD_Bot_NQ_OvernightDrift_1min_RTH;Long;1;14535,75;14727,75;6/10/2020 15:59:00;7/10/2020 9:32:00;EntradaCierre;SalidaApertura;$3834,24;$36691,60;$5,76;$0,00;$0,00;$0,00;$0,00;$70,00;$3875,00;$40,76;4;
966;NQ 09-26;Backtest;PROD_Bot_NQ_OvernightDrift_1min_RTH;Long;1;14808,00;14844,25;7/10/2020 15:59:00;8/10/2020 9:32:00;EntradaCierre;SalidaApertura;$719,24;$37410,84;$5,76;$0,00;$0,00;$0,00;$0,00;$35,00;$805,00;$85,76;4;
967;NQ 09-26;Backtest;PROD_Bot_NQ_OvernightDrift_1min_RTH;Long;1;14890,50;14970,50;8/10/2020 15:59:00;9/10/2020 9:32:00;EntradaCierre;SalidaApertura;$1594,24;$39005,08;$5,76;$0,00;$0,00;$0,00;$0,00;$10,00;$1630,00;$35,76;4;
968;NQ 09-26;Backtest;PROD_Bot_NQ_OvernightDrift_1min_RTH;Long;1;15067,50;15251,75;9/10/2020 15:59:00;12/10/2020 9:32:00;EntradaCierre;SalidaApertura;$3679,24;$42684,32;$5,76;$0,00;$0,00;$0,00;$0,00;$200,00;$3785,00;$105,76;4;
969;NQ 09-26;Backtest;PROD_Bot_NQ_OvernightDrift_1min_RTH;Long;1;15427,00;15428,75;12/10/2020 15:59:00;13/10/2020 9:32:00;EntradaCierre;SalidaApertura;$29,24;$42713,56;$5,76;$0,00;$0,00;$0,00;$0,00;$65,00;$195,00;$165,76;4;
970;NQ 09-26;Backtest;PROD_Bot_NQ_OvernightDrift_1min_RTH;Long;1;15413,75;15375,75;13/10/2020 15:59:00;14/10/2020 9:32:00;EntradaCierre;SalidaApertura;$-765,76;$41947,80;$5,76;$0,00;$0,00;$0,00;$0,00;$800,00;$60,00;$825,76;4;
971;NQ 09-26;Backtest;PROD_Bot_NQ_OvernightDrift_1min_RTH;Long;1;15282,50;15125,50;14/10/2020 15:59:00;15/10/2020 9:32:00;EntradaCierre;SalidaApertura;$-3145,76;$38802,04;$5,76;$0,00;$0,00;$0,00;$0,00;$3205,00;$10,00;$3155,76;4;
972;NQ 09-26;Backtest;PROD_Bot_NQ_OvernightDrift_1min_RTH;Long;1;15220,75;15348,00;15/10/2020 15:59:00;16/10/2020 9:32:00;EntradaCierre;SalidaApertura;$2539,24;$41341,28;$5,76;$0,00;$0,00;$0,00;$0,00;$120,00;$2695,00;$155,76;4;
973;NQ 09-26;Backtest;PROD_Bot_NQ_OvernightDrift_1min_RTH;Long;1;15130,25;15014,00;16/10/2020 15:59:00;19/10/2020 9:32:00;EntradaCierre;SalidaApertura;$-2330,76;$39010,52;$5,76;$0,00;$0,00;$0,00;$0,00;$2400,00;$60,00;$2390,76;4;
974;NQ 09-26;Backtest;PROD_Bot_NQ_OvernightDrift_1min_RTH;Long;1;15056,75;15058,00;19/10/2020 15:59:00;20/10/2020 9:32:00;EntradaCierre;SalidaApertura;$19,24;$39029,76;$5,76;$0,00;$0,00;$0,00;$0,00;$130,00;$285,00;$265,76;64;
975;NQ 09-26;Backtest;PROD_Bot_NQ_OvernightDrift_1min_RTH;Long;1;14951,50;14952,25;20/10/2020 16:59:00;21/10/2020 9:32:00;EntradaCierre;SalidaApertura;$9,24;$39039,00;$5,76;$0,00;$0,00;$0,00;$0,00;$10,00;$145,00;$135,76;4;
976;NQ 09-26;Backtest;PROD_Bot_NQ_OvernightDrift_1min_RTH;Long;1;14992,00;14976,25;21/10/2020 16:59:00;22/10/2020 9:32:00;EntradaCierre;SalidaApertura;$-320,76;$38718,24;$5,76;$0,00;$0,00;$0,00;$0,00;$340,00;$5,00;$325,76;4;
977;NQ 09-26;Backtest;PROD_Bot_NQ_OvernightDrift_1min_RTH;Long;1;14988,25;14952,25;22/10/2020 16:59:00;26/10/2020 9:32:00;EntradaCierre;SalidaApertura;$-725,76;$37992,48;$5,76;$0,00;$0,00;$0,00;$0,00;$830,00;$75,00;$800,76;4;
978;NQ 09-26;Backtest;PROD_Bot_NQ_OvernightDrift_1min_RTH;Long;1;14401,50;14480,00;2/11/2020 15:59:00;3/11/2020 9:32:00;EntradaCierre;SalidaApertura;$1564,24;$39556,72;$5,76;$0,00;$0,00;$0,00;$0,00;$470,00;$1730,00;$165,76;49;
979;NQ 09-26;Backtest;PROD_Bot_NQ_OvernightDrift_1min_RTH;Long;1;14582,50;14963,50;3/11/2020 16:59:00;4/11/2020 9:32:00;EntradaCierre;SalidaApertura;$7614,24;$47170,96;$5,76;$0,00;$0,00;$0,00;$0,00;$85,00;$7785,00;$170,76;4;
980;NQ 09-26;Backtest;PROD_Bot_NQ_OvernightDrift_1min_RTH;Long;1;15149,25;15347,00;4/11/2020 16:59:00;5/11/2020 9:32:00;EntradaCierre;SalidaApertura;$3949,24;$51120,20;$5,76;$0,00;$0,00;$0,00;$0,00;$30,00;$4410,00;$460,76;4;
981;NQ 09-26;Backtest;PROD_Bot_NQ_OvernightDrift_1min_RTH;Long;1;15430,75;15352,50;5/11/2020 16:59:00;6/11/2020 9:32:00;EntradaCierre;SalidaApertura;$-1570,76;$49549,44;$5,76;$0,00;$0,00;$0,00;$0,00;$1565,00;$10,00;$1580,76;4;
982;NQ 09-26;Backtest;PROD_Bot_NQ_OvernightDrift_1min_RTH;Long;1;15425,75;15518,75;6/11/2020 16:59:00;9/11/2020 9:32:00;EntradaCierre;SalidaApertura;$1854,24;$51403,68;$5,76;$0,00;$0,00;$0,00;$0,00;$35,00;$2350,00;$495,76;4;
983;NQ 09-26;Backtest;PROD_Bot_NQ_OvernightDrift_1min_RTH;Long;1;15165,50;15041,25;9/11/2020 16:59:00;10/11/2020 9:32:00;EntradaCierre;SalidaApertura;$-2490,76;$48912,92;$5,76;$0,00;$0,00;$0,00;$0,00;$2840,00;$315,00;$2805,76;4;
984;NQ 09-26;Backtest;PROD_Bot_NQ_OvernightDrift_1min_RTH;Long;1;14949,50;15055,50;10/11/2020 16:59:00;11/11/2020 9:32:00;EntradaCierre;SalidaApertura;$2114,24;$51027,16;$5,76;$0,00;$0,00;$0,00;$0,00;$15,00;$2380,00;$265,76;4;
985;NQ 09-26;Backtest;PROD_Bot_NQ_OvernightDrift_1min_RTH;Long;1;15230,25;15253,00;11/11/2020 16:59:00;12/11/2020 9:32:00;EntradaCierre;SalidaApertura;$449,24;$51476,40;$5,76;$0,00;$0,00;$0,00;$0,00;$75,00;$685,00;$235,76;4;
986;NQ 09-26;Backtest;PROD_Bot_NQ_OvernightDrift_1min_RTH;Long;1;15195,25;15235,75;12/11/2020 16:59:00;13/11/2020 9:32:00;EntradaCierre;SalidaApertura;$804,24;$52280,64;$5,76;$0,00;$0,00;$0,00;$0,00;$10,00;$975,00;$170,76;4;
987;NQ 09-26;Backtest;PROD_Bot_NQ_OvernightDrift_1min_RTH;Long;1;15279,25;15252,75;13/11/2020 16:59:00;16/11/2020 9:32:00;EntradaCierre;SalidaApertura;$-535,76;$51744,88;$5,76;$0,00;$0,00;$0,00;$0,00;$775,00;$35,00;$570,76;4;
988;NQ 09-26;Backtest;PROD_Bot_NQ_OvernightDrift_1min_RTH;Long;1;15376,75;15354,25;16/11/2020 16:59:00;17/11/2020 9:32:00;EntradaCierre;SalidaApertura;$-455,76;$51289,12;$5,76;$0,00;$0,00;$0,00;$0,00;$475,00;$0,00;$455,76;4;
989;NQ 09-26;Backtest;PROD_Bot_NQ_OvernightDrift_1min_RTH;Long;1;15306,50;15296,25;17/11/2020 16:59:00;18/11/2020 9:32:00;EntradaCierre;SalidaApertura;$-210,76;$51078,36;$5,76;$0,00;$0,00;$0,00;$0,00;$330,00;$0,00;$210,76;4;
990;NQ 09-26;Backtest;PROD_Bot_NQ_OvernightDrift_1min_RTH;Long;1;15209,50;15212,75;18/11/2020 16:59:00;19/11/2020 9:32:00;EntradaCierre;SalidaApertura;$59,24;$51137,60;$5,76;$0,00;$0,00;$0,00;$0,00;$275,00;$185,00;$125,76;4;
991;NQ 09-26;Backtest;PROD_Bot_NQ_OvernightDrift_1min_RTH;Long;1;15294,75;15311,00;19/11/2020 16:59:00;20/11/2020 9:32:00;EntradaCierre;SalidaApertura;$319,24;$51456,84;$5,76;$0,00;$0,00;$0,00;$0,00;$10,00;$485,00;$165,76;4;
992;NQ 09-26;Backtest;PROD_Bot_NQ_OvernightDrift_1min_RTH;Long;1;15242,00;15295,25;20/11/2020 16:59:00;23/11/2020 9:32:00;EntradaCierre;SalidaApertura;$1059,24;$52516,08;$5,76;$0,00;$0,00;$0,00;$0,00;$30,00;$1150,00;$90,76;4;
993;NQ 09-26;Backtest;PROD_Bot_NQ_OvernightDrift_1min_RTH;Long;1;15250,25;15278,00;23/11/2020 16:59:00;24/11/2020 9:32:00;EntradaCierre;SalidaApertura;$549,24;$53065,32;$5,76;$0,00;$0,00;$0,00;$0,00;$40,00;$760,00;$210,76;4;
994;NQ 09-26;Backtest;PROD_Bot_NQ_OvernightDrift_1min_RTH;Long;1;15436,00;15446,00;24/11/2020 16:59:00;25/11/2020 9:32:00;EntradaCierre;SalidaApertura;$194,24;$53259,56;$5,76;$0,00;$0,00;$0,00;$0,00;$40,00;$370,00;$175,76;4;
995;NQ 09-26;Backtest;PROD_Bot_NQ_OvernightDrift_1min_RTH;Long;1;15507,25;15535,25;25/11/2020 16:59:00;26/11/2020 9:32:00;EntradaCierre;SalidaApertura;$554,24;$53813,80;$5,76;$0,00;$0,00;$0,00;$0,00;$90,00;$840,00;$285,76;4;
996;NQ 09-26;Backtest;PROD_Bot_NQ_OvernightDrift_1min_RTH;Long;1;15650,75;15700,75;30/11/2020 16:59:00;1/12/2020 9:32:00;EntradaCierre;SalidaApertura;$994,24;$54808,04;$5,76;$0,00;$0,00;$0,00;$0,00;$25,00;$1370,00;$375,76;4;
997;NQ 09-26;Backtest;PROD_Bot_NQ_OvernightDrift_1min_RTH;Long;1;15790,25;15717,00;1/12/2020 16:59:00;2/12/2020 9:32:00;EntradaCierre;SalidaApertura;$-1470,76;$53337,28;$5,76;$0,00;$0,00;$0,00;$0,00;$1465,00;$250,00;$1720,76;4;
998;NQ 09-26;Backtest;PROD_Bot_NQ_OvernightDrift_1min_RTH;Long;1;15798,25;15813,00;2/12/2020 16:59:00;3/12/2020 9:32:00;EntradaCierre;SalidaApertura;$289,24;$53626,52;$5,76;$0,00;$0,00;$0,00;$0,00;$70,00;$310,00;$20,76;4;
999;NQ 09-26;Backtest;PROD_Bot_NQ_OvernightDrift_1min_RTH;Long;1;15823,50;15804,25;3/12/2020 16:59:00;4/12/2020 9:32:00;EntradaCierre;SalidaApertura;$-390,76;$53235,76;$5,76;$0,00;$0,00;$0,00;$0,00;$530,00;$5,00;$395,76;4;
1000;NQ 09-26;Backtest;PROD_Bot_NQ_OvernightDrift_1min_RTH;Long;1;15844,00;15868,00;4/12/2020 16:59:00;7/12/2020 9:32:00;EntradaCierre;SalidaApertura;$474,24;$53710,00;$5,76;$0,00;$0,00;$0,00;$0,00;$45,00;$520,00;$45,76;4;
1001;NQ 09-26;Backtest;PROD_Bot_NQ_OvernightDrift_1min_RTH;Long;1;15901,50;15918,00;7/12/2020 16:59:00;8/12/2020 9:32:00;EntradaCierre;SalidaApertura;$324,24;$54034,24;$5,76;$0,00;$0,00;$0,00;$0,00;$50,00;$340,00;$15,76;4;
1002;NQ 09-26;Backtest;PROD_Bot_NQ_OvernightDrift_1min_RTH;Long;1;15984,25;15955,25;8/12/2020 16:59:00;9/12/2020 9:32:00;EntradaCierre;SalidaApertura;$-585,76;$53448,48;$5,76;$0,00;$0,00;$0,00;$0,00;$580,00;$35,00;$620,76;4;
1003;NQ 09-26;Backtest;PROD_Bot_NQ_OvernightDrift_1min_RTH;Long;1;15686,00;15593,25;9/12/2020 16:59:00;10/12/2020 9:32:00;EntradaCierre;SalidaApertura;$-1860,76;$51587,72;$5,76;$0,00;$0,00;$0,00;$0,00;$1895,00;$45,00;$1905,76;4;
1004;NQ 09-26;Backtest;PROD_Bot_NQ_OvernightDrift_1min_RTH;Long;1;15709,00;15775,75;11/12/2020 16:59:00;14/12/2020 9:32:00;EntradaCierre;SalidaApertura;$1329,24;$52916,96;$5,76;$0,00;$0,00;$0,00;$0,00;$90,00;$1355,00;$25,76;4;
1005;NQ 09-26;Backtest;PROD_Bot_NQ_OvernightDrift_1min_RTH;Long;1;15807,50;15903,50;14/12/2020 16:59:00;15/12/2020 9:32:00;EntradaCierre;SalidaApertura;$1914,24;$54831,20;$5,76;$0,00;$0,00;$0,00;$0,00;$70,00;$1995,00;$80,76;4;
1006;NQ 09-26;Backtest;PROD_Bot_NQ_OvernightDrift_1min_RTH;Long;1;15933,25;15951,00;15/12/2020 16:59:00;16/12/2020 9:32:00;EntradaCierre;SalidaApertura;$349,24;$55180,44;$5,76;$0,00;$0,00;$0,00;$0,00;$10,00;$410,00;$60,76;4;
1007;NQ 09-26;Backtest;PROD_Bot_NQ_OvernightDrift_1min_RTH;Long;1;16013,25;16072,75;16/12/2020 16:59:00;17/12/2020 9:32:00;EntradaCierre;SalidaApertura;$1184,24;$56364,68;$5,76;$0,00;$0,00;$0,00;$0,00;$35,00;$1360,00;$175,76;4;
1008;NQ 09-26;Backtest;PROD_Bot_NQ_OvernightDrift_1min_RTH;Long;1;16088,50;16115,00;17/12/2020 16:59:00;18/12/2020 9:32:00;EntradaCierre;SalidaApertura;$524,24;$56888,92;$5,76;$0,00;$0,00;$0,00;$0,00;$35,00;$695,00;$170,76;4;
1009;NQ 09-26;Backtest;PROD_Bot_NQ_OvernightDrift_1min_RTH;Long;1;16085,50;15928,00;18/12/2020 16:59:00;21/12/2020 9:32:00;EntradaCierre;SalidaApertura;$-3155,76;$53733,16;$5,76;$0,00;$0,00;$0,00;$0,00;$3600,00;$40,00;$3195,76;4;
1010;NQ 09-26;Backtest;PROD_Bot_NQ_OvernightDrift_1min_RTH;Long;1;16027,00;16036,25;21/12/2020 16:59:00;22/12/2020 9:32:00;EntradaCierre;SalidaApertura;$179,24;$53912,40;$5,76;$0,00;$0,00;$0,00;$0,00;$50,00;$575,00;$395,76;4;
1011;NQ 09-26;Backtest;PROD_Bot_NQ_OvernightDrift_1min_RTH;Long;1;16048,25;16052,00;22/12/2020 16:59:00;23/12/2020 9:32:00;EntradaCierre;SalidaApertura;$69,24;$53981,64;$5,76;$0,00;$0,00;$0,00;$0,00;$150,00;$215,00;$145,76;4;
1012;NQ 09-26;Backtest;PROD_Bot_NQ_OvernightDrift_1min_RTH;Long;1;15990,00;16004,75;23/12/2020 16:59:00;24/12/2020 9:32:00;EntradaCierre;SalidaApertura;$289,24;$54270,88;$5,76;$0,00;$0,00;$0,00;$0,00;$20,00;$405,00;$115,76;4;
1013;NQ 09-26;Backtest;PROD_Bot_NQ_OvernightDrift_1min_RTH;Long;1;16177,75;16230,75;28/12/2020 16:59:00;29/12/2020 9:32:00;EntradaCierre;SalidaApertura;$1054,24;$55325,12;$5,76;$0,00;$0,00;$0,00;$0,00;$25,00;$1205,00;$150,76;4;
1014;NQ 09-26;Backtest;PROD_Bot_NQ_OvernightDrift_1min_RTH;Long;1;16193,50;16228,75;29/12/2020 16:59:00;30/12/2020 9:32:00;EntradaCierre;SalidaApertura;$699,24;$56024,36;$5,76;$0,00;$0,00;$0,00;$0,00;$20,00;$880,00;$180,76;4;
1015;NQ 09-26;Backtest;PROD_Bot_NQ_OvernightDrift_1min_RTH;Long;1;16176,00;16180,25;30/12/2020 16:59:00;31/12/2020 9:32:00;EntradaCierre;SalidaApertura;$79,24;$56103,60;$5,76;$0,00;$0,00;$0,00;$0,00;$20,00;$145,00;$65,76;4;
1016;NQ 09-26;Backtest;PROD_Bot_NQ_OvernightDrift_1min_RTH;Long;1;16220,75;16250,75;31/12/2020 16:59:00;4/1/2021 9:32:00;EntradaCierre;SalidaApertura;$594,24;$56697,84;$5,76;$0,00;$0,00;$0,00;$0,00;$45,00;$1120,00;$525,76;4;
1017;NQ 09-26;Backtest;PROD_Bot_NQ_OvernightDrift_1min_RTH;Long;1;16025,50;16006,25;4/1/2021 16:59:00;5/1/2021 9:32:00;EntradaCierre;SalidaApertura;$-390,76;$56307,08;$5,76;$0,00;$0,00;$0,00;$0,00;$795,00;$15,00;$405,76;4;
1018;NQ 09-26;Backtest;PROD_Bot_NQ_OvernightDrift_1min_RTH;Long;1;16141,00;15954,25;5/1/2021 16:59:00;6/1/2021 9:32:00;EntradaCierre;SalidaApertura;$-3740,76;$52566,32;$5,76;$0,00;$0,00;$0,00;$0,00;$4485,00;$0,00;$3740,76;4;
1019;NQ 09-26;Backtest;PROD_Bot_NQ_OvernightDrift_1min_RTH;Long;1;15992,25;16069,00;6/1/2021 16:59:00;7/1/2021 9:32:00;EntradaCierre;SalidaApertura;$1529,24;$54095,56;$5,76;$0,00;$0,00;$0,00;$0,00;$50,00;$1635,00;$105,76;4;
1020;NQ 09-26;Backtest;PROD_Bot_NQ_OvernightDrift_1min_RTH;Long;1;16261,25;16352,50;7/1/2021 16:59:00;8/1/2021 9:32:00;EntradaCierre;SalidaApertura;$1819,24;$55914,80;$5,76;$0,00;$0,00;$0,00;$0,00;$55,00;$2040,00;$220,76;4;
1021;NQ 09-26;Backtest;PROD_Bot_NQ_OvernightDrift_1min_RTH;Long;1;16459,25;16289,75;8/1/2021 16:59:00;11/1/2021 9:32:00;EntradaCierre;SalidaApertura;$-3395,76;$52519,04;$5,76;$0,00;$0,00;$0,00;$0,00;$3435,00;$25,00;$3420,76;4;
1022;NQ 09-26;Backtest;PROD_Bot_NQ_OvernightDrift_1min_RTH;Long;1;16238,50;16243,75;11/1/2021 16:59:00;12/1/2021 9:32:00;EntradaCierre;SalidaApertura;$99,24;$52618,28;$5,76;$0,00;$0,00;$0,00;$0,00;$160,00;$130,00;$30,76;4;
1023;NQ 09-26;Backtest;PROD_Bot_NQ_OvernightDrift_1min_RTH;Long;1;16216,75;16242,25;12/1/2021 16:59:00;13/1/2021 9:32:00;EntradaCierre;SalidaApertura;$504,24;$53122,52;$5,76;$0,00;$0,00;$0,00;$0,00;$55,00;$565,00;$60,76;4;
1024;NQ 09-26;Backtest;PROD_Bot_NQ_OvernightDrift_1min_RTH;Long;1;16311,00;16318,50;13/1/2021 16:59:00;14/1/2021 9:32:00;EntradaCierre;SalidaApertura;$144,24;$53266,76;$5,76;$0,00;$0,00;$0,00;$0,00;$50,00;$465,00;$320,76;4;
1025;NQ 09-26;Backtest;PROD_Bot_NQ_OvernightDrift_1min_RTH;Long;1;16234,50;16232,50;14/1/2021 16:59:00;15/1/2021 9:32:00;EntradaCierre;SalidaApertura;$-45,76;$53221,00;$5,76;$0,00;$0,00;$0,00;$0,00;$390,00;$20,00;$65,76;4;
1026;NQ 09-26;Backtest;PROD_Bot_NQ_OvernightDrift_1min_RTH;Long;1;16095,25;16141,25;15/1/2021 16:59:00;18/1/2021 9:32:00;EntradaCierre;SalidaApertura;$914,24;$54135,24;$5,76;$0,00;$0,00;$0,00;$0,00;$85,00;$945,00;$30,76;4;
1027;NQ 09-26;Backtest;PROD_Bot_NQ_OvernightDrift_1min_RTH;Long;1;16367,25;16458,50;19/1/2021 16:59:00;20/1/2021 9:32:00;EntradaCierre;SalidaApertura;$1819,24;$55954,48;$5,76;$0,00;$0,00;$0,00;$0,00;$30,00;$2245,00;$425,76;4;
1028;NQ 09-26;Backtest;PROD_Bot_NQ_OvernightDrift_1min_RTH;Long;1;16624,25;16660,25;20/1/2021 16:59:00;21/1/2021 9:32:00;EntradaCierre;SalidaApertura;$714,24;$56668,72;$5,76;$0,00;$0,00;$0,00;$0,00;$25,00;$1100,00;$385,76;4;
1029;NQ 09-26;Backtest;PROD_Bot_NQ_OvernightDrift_1min_RTH;Long;1;16738,25;16689,50;21/1/2021 16:59:00;22/1/2021 9:32:00;EntradaCierre;SalidaApertura;$-980,76;$55687,96;$5,76;$0,00;$0,00;$0,00;$0,00;$1195,00;$15,00;$995,76;4;
1030;NQ 09-26;Backtest;PROD_Bot_NQ_OvernightDrift_1min_RTH;Long;1;16692,00;16845,00;22/1/2021 16:59:00;25/1/2021 9:32:00;EntradaCierre;SalidaApertura;$3054,24;$58742,20;$5,76;$0,00;$0,00;$0,00;$0,00;$120,00;$3115,00;$60,76;4;
1031;NQ 09-26;Backtest;PROD_Bot_NQ_OvernightDrift_1min_RTH;Long;1;16800,50;16838,50;25/1/2021 16:59:00;26/1/2021 9:32:00;EntradaCierre;SalidaApertura;$754,24;$59496,44;$5,76;$0,00;$0,00;$0,00;$0,00;$40,00;$800,00;$45,76;4;
1032;NQ 09-26;Backtest;PROD_Bot_NQ_OvernightDrift_1min_RTH;Long;1;16895,50;16656,00;26/1/2021 16:59:00;27/1/2021 9:32:00;EntradaCierre;SalidaApertura;$-4795,76;$54700,68;$5,76;$0,00;$0,00;$0,00;$0,00;$4815,00;$0,00;$4795,76;4;
1033;NQ 09-26;Backtest;PROD_Bot_NQ_OvernightDrift_1min_RTH;Long;1;16399,00;16497,50;27/1/2021 16:59:00;28/1/2021 9:32:00;EntradaCierre;SalidaApertura;$1964,24;$56664,92;$5,76;$0,00;$0,00;$0,00;$0,00;$85,00;$1980,00;$15,76;4;
1034;NQ 09-26;Backtest;PROD_Bot_NQ_OvernightDrift_1min_RTH;Long;1;16498,50;16450,25;28/1/2021 16:59:00;29/1/2021 9:32:00;EntradaCierre;SalidaApertura;$-970,76;$55694,16;$5,76;$0,00;$0,00;$0,00;$0,00;$1155,00;$0,00;$970,76;4;
1035;NQ 09-26;Backtest;PROD_Bot_NQ_OvernightDrift_1min_RTH;Long;1;16213,00;16405,75;29/1/2021 16:59:00;1/2/2021 9:32:00;EntradaCierre;SalidaApertura;$3849,24;$59543,40;$5,76;$0,00;$0,00;$0,00;$0,00;$180,00;$3975,00;$125,76;4;
1036;NQ 09-26;Backtest;PROD_Bot_NQ_OvernightDrift_1min_RTH;Long;1;16569,75;16688,75;1/2/2021 16:59:00;2/2/2021 9:32:00;EntradaCierre;SalidaApertura;$2374,24;$61917,64;$5,76;$0,00;$0,00;$0,00;$0,00;$30,00;$2545,00;$170,76;4;
1037;NQ 09-26;Backtest;PROD_Bot_NQ_OvernightDrift_1min_RTH;Long;1;16833,25;16857,75;2/2/2021 16:59:00;3/2/2021 9:32:00;EntradaCierre;SalidaApertura;$484,24;$62401,88;$5,76;$0,00;$0,00;$0,00;$0,00;$55,00;$1000,00;$515,76;4;
1038;NQ 09-26;Backtest;PROD_Bot_NQ_OvernightDrift_1min_RTH;Long;1;16748,50;16792,00;3/2/2021 16:59:00;4/2/2021 9:32:00;EntradaCierre;SalidaApertura;$864,24;$63266,12;$5,76;$0,00;$0,00;$0,00;$0,00;$35,00;$945,00;$80,76;4;
1039;NQ 09-26;Backtest;PROD_Bot_NQ_OvernightDrift_1min_RTH;Long;1;16901,50;16917,50;4/2/2021 16:59:00;5/2/2021 9:32:00;EntradaCierre;SalidaApertura;$314,24;$63580,36;$5,76;$0,00;$0,00;$0,00;$0,00;$70,00;$545,00;$230,76;4;
1040;NQ 09-26;Backtest;PROD_Bot_NQ_OvernightDrift_1min_RTH;Long;1;16939,75;17000,50;5/2/2021 16:59:00;8/2/2021 9:32:00;EntradaCierre;SalidaApertura;$1209,24;$64789,60;$5,76;$0,00;$0,00;$0,00;$0,00;$20,00;$1340,00;$130,76;4;
1041;NQ 09-26;Backtest;PROD_Bot_NQ_OvernightDrift_1min_RTH;Long;1;17021,50;16992,25;8/2/2021 16:59:00;9/2/2021 9:32:00;EntradaCierre;SalidaApertura;$-590,76;$64198,84;$5,76;$0,00;$0,00;$0,00;$0,00;$815,00;$0,00;$590,76;4;
1042;NQ 09-26;Backtest;PROD_Bot_NQ_OvernightDrift_1min_RTH;Long;1;17032,00;17094,00;9/2/2021 16:59:00;10/2/2021 9:32:00;EntradaCierre;SalidaApertura;$1234,24;$65433,08;$5,76;$0,00;$0,00;$0,00;$0,00;$10,00;$1260,00;$25,76;4;
1043;NQ 09-26;Backtest;PROD_Bot_NQ_OvernightDrift_1min_RTH;Long;1;16995,25;17064,00;10/2/2021 16:59:00;11/2/2021 9:32:00;EntradaCierre;SalidaApertura;$1369,24;$66802,32;$5,76;$0,00;$0,00;$0,00;$0,00;$10,00;$1420,00;$50,76;4;
1044;NQ 09-26;Backtest;PROD_Bot_NQ_OvernightDrift_1min_RTH;Long;1;17043,75;17027,50;11/2/2021 16:59:00;12/2/2021 9:32:00;EntradaCierre;SalidaApertura;$-330,76;$66471,56;$5,76;$0,00;$0,00;$0,00;$0,00;$530,00;$70,00;$400,76;4;
1045;NQ 09-26;Backtest;PROD_Bot_NQ_OvernightDrift_1min_RTH;Long;1;17154,00;17184,75;12/2/2021 16:59:00;15/2/2021 9:32:00;EntradaCierre;SalidaApertura;$609,24;$67080,80;$5,76;$0,00;$0,00;$0,00;$0,00;$30,00;$670,00;$60,76;4;
1046;NQ 09-26;Backtest;PROD_Bot_NQ_OvernightDrift_1min_RTH;Long;1;17088,00;16980,25;16/2/2021 16:59:00;17/2/2021 9:32:00;EntradaCierre;SalidaApertura;$-2160,76;$64920,04;$5,76;$0,00;$0,00;$0,00;$0,00;$2465,00;$55,00;$2215,76;4;
1047;NQ 09-26;Backtest;PROD_Bot_NQ_OvernightDrift_1min_RTH;Long;1;17032,00;16877,50;17/2/2021 16:59:00;18/2/2021 9:32:00;EntradaCierre;SalidaApertura;$-3095,76;$61824,28;$5,76;$0,00;$0,00;$0,00;$0,00;$3245,00;$80,00;$3175,76;4;
1048;NQ 09-26;Backtest;PROD_Bot_NQ_OvernightDrift_1min_RTH;Long;1;16974,00;17030,00;18/2/2021 16:59:00;19/2/2021 9:32:00;EntradaCierre;SalidaApertura;$1114,24;$62938,52;$5,76;$0,00;$0,00;$0,00;$0,00;$15,00;$1240,00;$125,76;4;
1049;NQ 09-26;Backtest;PROD_Bot_NQ_OvernightDrift_1min_RTH;Long;1;16910,50;16742,75;19/2/2021 16:59:00;22/2/2021 9:32:00;EntradaCierre;SalidaApertura;$-3360,76;$59577,76;$5,76;$0,00;$0,00;$0,00;$0,00;$3815,00;$0,00;$3360,76;4;
1050;NQ 09-26;Backtest;PROD_Bot_NQ_OvernightDrift_1min_RTH;Long;1;16553,50;16321,00;22/2/2021 16:59:00;23/2/2021 9:32:00;EntradaCierre;SalidaApertura;$-4655,76;$54922,00;$5,76;$0,00;$0,00;$0,00;$0,00;$4780,00;$80,00;$4735,76;4;
1051;NQ 09-26;Backtest;PROD_Bot_NQ_OvernightDrift_1min_RTH;Long;1;16495,00;16428,00;23/2/2021 16:59:00;24/2/2021 9:32:00;EntradaCierre;SalidaApertura;$-1345,76;$53576,24;$5,76;$0,00;$0,00;$0,00;$0,00;$1960,00;$20,00;$1365,76;4;
1052;NQ 09-26;Backtest;PROD_Bot_NQ_OvernightDrift_1min_RTH;Long;1;16651,50;16524,50;24/2/2021 16:59:00;25/2/2021 9:32:00;EntradaCierre;SalidaApertura;$-2545,76;$51030,48;$5,76;$0,00;$0,00;$0,00;$0,00;$2760,00;$10,00;$2555,76;4;
1053;NQ 09-26;Backtest;PROD_Bot_NQ_OvernightDrift_1min_RTH;Long;1;16122,50;16300,25;25/2/2021 16:59:00;26/2/2021 9:32:00;EntradaCierre;SalidaApertura;$3549,24;$54579,72;$5,76;$0,00;$0,00;$0,00;$0,00;$170,00;$3680,00;$130,76;4;
1054;NQ 09-26;Backtest;PROD_Bot_NQ_OvernightDrift_1min_RTH;Long;1;16243,25;16443,75;26/2/2021 16:59:00;1/3/2021 9:32:00;EntradaCierre;SalidaApertura;$4004,24;$58583,96;$5,76;$0,00;$0,00;$0,00;$0,00;$105,00;$4155,00;$150,76;4;
1055;NQ 09-26;Backtest;PROD_Bot_NQ_OvernightDrift_1min_RTH;Long;1;16647,50;16625,00;1/3/2021 16:59:00;2/3/2021 9:32:00;EntradaCierre;SalidaApertura;$-455,76;$58128,20;$5,76;$0,00;$0,00;$0,00;$0,00;$570,00;$40,00;$495,76;4;
1056;NQ 09-26;Backtest;PROD_Bot_NQ_OvernightDrift_1min_RTH;Long;1;16389,75;16372,75;2/3/2021 16:59:00;3/3/2021 9:32:00;EntradaCierre;SalidaApertura;$-345,76;$57782,44;$5,76;$0,00;$0,00;$0,00;$0,00;$1010,00;$15,00;$360,76;4;
1057;NQ 09-26;Backtest;PROD_Bot_NQ_OvernightDrift_1min_RTH;Long;1;16009,25;16023,00;3/3/2021 16:59:00;4/3/2021 9:32:00;EntradaCierre;SalidaApertura;$269,24;$58051,68;$5,76;$0,00;$0,00;$0,00;$0,00;$490,00;$285,00;$15,76;4;
1058;NQ 09-26;Backtest;PROD_Bot_NQ_OvernightDrift_1min_RTH;Long;1;15771,75;15893,50;4/3/2021 16:59:00;5/3/2021 9:32:00;EntradaCierre;SalidaApertura;$2429,24;$60480,92;$5,76;$0,00;$0,00;$0,00;$0,00;$115,00;$3395,00;$965,76;4;
1059;NQ 09-26;Backtest;PROD_Bot_NQ_OvernightDrift_1min_RTH;Long;1;15988,75;15955,50;5/3/2021 16:59:00;8/3/2021 9:32:00;EntradaCierre;SalidaApertura;$-670,76;$59810,16;$5,76;$0,00;$0,00;$0,00;$0,00;$975,00;$75,00;$745,76;4;
1060;NQ 09-26;Backtest;PROD_Bot_NQ_OvernightDrift_1min_RTH;Long;1;15674,25;15941,75;8/3/2021 16:59:00;9/3/2021 9:32:00;EntradaCierre;SalidaApertura;$5344,24;$65154,40;$5,76;$0,00;$0,00;$0,00;$0,00;$150,00;$5870,00;$525,76;4;
1061;NQ 09-26;Backtest;PROD_Bot_NQ_OvernightDrift_1min_RTH;Long;1;16124,50;16272,00;9/3/2021 16:59:00;10/3/2021 9:32:00;EntradaCierre;SalidaApertura;$2944,24;$68098,64;$5,76;$0,00;$0,00;$0,00;$0,00;$20,00;$3590,00;$645,76;4;
1062;NQ 09-26;Backtest;PROD_Bot_NQ_OvernightDrift_1min_RTH;Long;1;16122,25;16288,00;10/3/2021 16:59:00;11/3/2021 9:32:00;EntradaCierre;SalidaApertura;$3309,24;$71407,88;$5,76;$0,00;$0,00;$0,00;$0,00;$25,00;$3580,00;$270,76;4;
1063;NQ 09-26;Backtest;PROD_Bot_NQ_OvernightDrift_1min_RTH;Long;1;16375,00;16194,25;11/3/2021 16:59:00;12/3/2021 9:32:00;EntradaCierre;SalidaApertura;$-3620,76;$67787,12;$5,76;$0,00;$0,00;$0,00;$0,00;$3630,00;$110,00;$3730,76;4;
1064;NQ 09-26;Backtest;PROD_Bot_NQ_OvernightDrift_1min_RTH;Long;1;16270,50;16268,25;12/3/2021 16:59:00;15/3/2021 9:32:00;EntradaCierre;SalidaApertura;$-50,76;$67736,36;$5,76;$0,00;$0,00;$0,00;$0,00;$50,00;$275,00;$325,76;4;
1065;NQ 09-26;Backtest;PROD_Bot_NQ_OvernightDrift_1min_RTH;Long;1;16417,00;16490,00;15/3/2021 16:59:00;16/3/2021 9:32:00;EntradaCierre;SalidaApertura;$1454,24;$69190,60;$5,76;$0,00;$0,00;$0,00;$0,00;$55,00;$1820,00;$365,76;4;
1066;NQ 09-26;Backtest;PROD_Bot_NQ_OvernightDrift_1min_RTH;Long;1;16496,75;16339,25;16/3/2021 16:59:00;17/3/2021 9:32:00;EntradaCierre;SalidaApertura;$-3155,76;$66034,84;$5,76;$0,00;$0,00;$0,00;$0,00;$3150,00;$40,00;$3195,76;4;
1067;NQ 09-26;Backtest;PROD_Bot_NQ_OvernightDrift_1min_RTH;Long;1;16512,25;16335,00;17/3/2021 16:59:00;18/3/2021 9:32:00;EntradaCierre;SalidaApertura;$-3550,76;$62484,08;$5,76;$0,00;$0,00;$0,00;$0,00;$3935,00;$40,00;$3590,76;4;
1068;NQ 09-26;Backtest;PROD_Bot_NQ_OvernightDrift_1min_RTH;Long;1;16136,75;16141,25;18/3/2021 16:59:00;19/3/2021 9:32:00;EntradaCierre;SalidaApertura;$84,24;$62568,32;$5,76;$0,00;$0,00;$0,00;$0,00;$570,00;$250,00;$165,76;4;
1069;NQ 09-26;Backtest;PROD_Bot_NQ_OvernightDrift_1min_RTH;Long;1;16174,75;16295,00;19/3/2021 16:59:00;22/3/2021 9:32:00;EntradaCierre;SalidaApertura;$2399,24;$64967,56;$5,76;$0,00;$0,00;$0,00;$0,00;$130,00;$2555,00;$155,76;4;
1070;NQ 09-26;Backtest;PROD_Bot_NQ_OvernightDrift_1min_RTH;Long;1;16406,25;16449,25;22/3/2021 16:59:00;23/3/2021 9:32:00;EntradaCierre;SalidaApertura;$854,24;$65821,80;$5,76;$0,00;$0,00;$0,00;$0,00;$60,00;$1115,00;$260,76;4;
1071;NQ 09-26;Backtest;PROD_Bot_NQ_OvernightDrift_1min_RTH;Long;1;16380,25;16394,50;23/3/2021 16:59:00;24/3/2021 9:32:00;EntradaCierre;SalidaApertura;$279,24;$66101,04;$5,76;$0,00;$0,00;$0,00;$0,00;$145,00;$695,00;$415,76;4;
1072;NQ 09-26;Backtest;PROD_Bot_NQ_OvernightDrift_1min_RTH;Long;1;16137,50;16041,00;24/3/2021 16:59:00;25/3/2021 9:32:00;EntradaCierre;SalidaApertura;$-1935,76;$64165,28;$5,76;$0,00;$0,00;$0,00;$0,00;$2120,00;$65,00;$2000,76;4;
1073;NQ 09-26;Backtest;PROD_Bot_NQ_OvernightDrift_1min_RTH;Long;1;16134,25;16112,00;25/3/2021 16:59:00;26/3/2021 9:32:00;EntradaCierre;SalidaApertura;$-450,76;$63714,52;$5,76;$0,00;$0,00;$0,00;$0,00;$755,00;$15,00;$465,76;4;
1074;NQ 09-26;Backtest;PROD_Bot_NQ_OvernightDrift_1min_RTH;Long;1;16305,00;16291,25;26/3/2021 16:59:00;29/3/2021 9:32:00;EntradaCierre;SalidaApertura;$-280,76;$63433,76;$5,76;$0,00;$0,00;$0,00;$0,00;$580,00;$10,00;$290,76;4;
1075;NQ 09-26;Backtest;PROD_Bot_NQ_OvernightDrift_1min_RTH;Long;1;16307,25;16225,75;29/3/2021 16:59:00;30/3/2021 9:32:00;EntradaCierre;SalidaApertura;$-1635,76;$61798,00;$5,76;$0,00;$0,00;$0,00;$0,00;$1925,00;$20,00;$1655,76;4;
1076;NQ 09-26;Backtest;PROD_Bot_NQ_OvernightDrift_1min_RTH;Long;1;16231,50;16298,75;30/3/2021 16:59:00;31/3/2021 9:32:00;EntradaCierre;SalidaApertura;$1339,24;$63137,24;$5,76;$0,00;$0,00;$0,00;$0,00;$25,00;$1600,00;$260,76;4;
1077;NQ 09-26;Backtest;PROD_Bot_NQ_OvernightDrift_1min_RTH;Long;1;16429,75;16592,75;31/3/2021 16:59:00;1/4/2021 9:32:00;EntradaCierre;SalidaApertura;$3254,24;$66391,48;$5,76;$0,00;$0,00;$0,00;$0,00;$25,00;$3385,00;$130,76;4;
1078;NQ 09-26;Backtest;PROD_Bot_NQ_OvernightDrift_1min_RTH;Long;1;16668,50;16772,50;1/4/2021 16:59:00;5/4/2021 9:32:00;EntradaCierre;SalidaApertura;$2074,24;$68465,72;$5,76;$0,00;$0,00;$0,00;$0,00;$15,00;$2125,00;$50,76;4;
1079;NQ 09-26;Backtest;PROD_Bot_NQ_OvernightDrift_1min_RTH;Long;1;16942,75;16902,00;5/4/2021 16:59:00;6/4/2021 9:32:00;EntradaCierre;SalidaApertura;$-820,76;$67644,96;$5,76;$0,00;$0,00;$0,00;$0,00;$880,00;$10,00;$830,76;4;
1080;NQ 09-26;Backtest;PROD_Bot_NQ_OvernightDrift_1min_RTH;Long;1;16925,50;16888,75;6/4/2021 16:59:00;7/4/2021 9:32:00;EntradaCierre;SalidaApertura;$-740,76;$66904,20;$5,76;$0,00;$0,00;$0,00;$0,00;$850,00;$35,00;$775,76;4;
1081;NQ 09-26;Backtest;PROD_Bot_NQ_OvernightDrift_1min_RTH;Long;1;16965,00;17063,75;7/4/2021 16:59:00;8/4/2021 9:32:00;EntradaCierre;SalidaApertura;$1969,24;$68873,44;$5,76;$0,00;$0,00;$0,00;$0,00;$30,00;$2165,00;$195,76;4;
1082;NQ 09-26;Backtest;PROD_Bot_NQ_OvernightDrift_1min_RTH;Long;1;17128,75;17031,75;8/4/2021 16:59:00;9/4/2021 9:32:00;EntradaCierre;SalidaApertura;$-1945,76;$66927,68;$5,76;$0,00;$0,00;$0,00;$0,00;$2000,00;$65,00;$2010,76;4;
1083;NQ 09-26;Backtest;PROD_Bot_NQ_OvernightDrift_1min_RTH;Long;1;17153,25;17127,25;9/4/2021 16:59:00;12/4/2021 9:32:00;EntradaCierre;SalidaApertura;$-525,76;$66401,92;$5,76;$0,00;$0,00;$0,00;$0,00;$680,00;$15,00;$540,76;4;
1084;NQ 09-26;Backtest;PROD_Bot_NQ_OvernightDrift_1min_RTH;Long;1;17165,50;17220,25;12/4/2021 16:59:00;13/4/2021 9:32:00;EntradaCierre;SalidaApertura;$1089,24;$67491,16;$5,76;$0,00;$0,00;$0,00;$0,00;$25,00;$1215,00;$125,76;4;
1085;NQ 09-26;Backtest;PROD_Bot_NQ_OvernightDrift_1min_RTH;Long;1;17317,50;17310,25;13/4/2021 16:59:00;14/4/2021 9:32:00;EntradaCierre;SalidaApertura;$-150,76;$67340,40;$5,76;$0,00;$0,00;$0,00;$0,00;$165,00;$275,00;$425,76;4;
1086;NQ 09-26;Backtest;PROD_Bot_NQ_OvernightDrift_1min_RTH;Long;1;17167,25;17276,00;14/4/2021 16:59:00;15/4/2021 9:32:00;EntradaCierre;SalidaApertura;$2169,24;$69509,64;$5,76;$0,00;$0,00;$0,00;$0,00;$20,00;$2325,00;$155,76;4;
1087;NQ 09-26;Backtest;PROD_Bot_NQ_OvernightDrift_1min_RTH;Long;1;17339,50;17359,50;15/4/2021 16:59:00;16/4/2021 9:32:00;EntradaCierre;SalidaApertura;$394,24;$69903,88;$5,76;$0,00;$0,00;$0,00;$0,00;$45,00;$840,00;$445,76;4;
1088;NQ 09-26;Backtest;PROD_Bot_NQ_OvernightDrift_1min_RTH;Long;1;17369,75;17309,25;16/4/2021 16:59:00;19/4/2021 9:32:00;EntradaCierre;SalidaApertura;$-1215,76;$68688,12;$5,76;$0,00;$0,00;$0,00;$0,00;$1520,00;$25,00;$1240,76;4;
1089;NQ 09-26;Backtest;PROD_Bot_NQ_OvernightDrift_1min_RTH;Long;1;17232,50;17235,50;19/4/2021 16:59:00;20/4/2021 9:32:00;EntradaCierre;SalidaApertura;$54,24;$68742,36;$5,76;$0,00;$0,00;$0,00;$0,00;$325,00;$190,00;$135,76;4;
1090;NQ 09-26;Backtest;PROD_Bot_NQ_OvernightDrift_1min_RTH;Long;1;17077,75;17098,25;20/4/2021 16:59:00;21/4/2021 9:32:00;EntradaCierre;SalidaApertura;$404,24;$69146,60;$5,76;$0,00;$0,00;$0,00;$0,00;$60,00;$485,00;$80,76;4;
1091;NQ 09-26;Backtest;PROD_Bot_NQ_OvernightDrift_1min_RTH;Long;1;17236,25;17244,00;21/4/2021 16:59:00;22/4/2021 9:32:00;EntradaCierre;SalidaApertura;$149,24;$69295,84;$5,76;$0,00;$0,00;$0,00;$0,00;$55,00;$370,00;$220,76;4;
1092;NQ 09-26;Backtest;PROD_Bot_NQ_OvernightDrift_1min_RTH;Long;1;17103,75;17135,50;22/4/2021 16:59:00;23/4/2021 9:32:00;EntradaCierre;SalidaApertura;$629,24;$69925,08;$5,76;$0,00;$0,00;$0,00;$0,00;$20,00;$660,00;$30,76;4;
1093;NQ 09-26;Backtest;PROD_Bot_NQ_OvernightDrift_1min_RTH;Long;1;17248,75;17280,25;23/4/2021 16:59:00;26/4/2021 9:32:00;EntradaCierre;SalidaApertura;$624,24;$70549,32;$5,76;$0,00;$0,00;$0,00;$0,00;$50,00;$735,00;$110,76;4;
1094;NQ 09-26;Backtest;PROD_Bot_NQ_OvernightDrift_1min_RTH;Long;1;17363,75;17362,00;26/4/2021 16:59:00;27/4/2021 9:32:00;EntradaCierre;SalidaApertura;$-40,76;$70508,56;$5,76;$0,00;$0,00;$0,00;$0,00;$140,00;$275,00;$315,76;4;
1095;NQ 09-26;Backtest;PROD_Bot_NQ_OvernightDrift_1min_RTH;Long;1;17293,00;17279,75;27/4/2021 16:59:00;28/4/2021 9:32:00;EntradaCierre;SalidaApertura;$-270,76;$70237,80;$5,76;$0,00;$0,00;$0,00;$0,00;$430,00;$40,00;$310,76;4;
1096;NQ 09-26;Backtest;PROD_Bot_NQ_OvernightDrift_1min_RTH;Long;1;17310,25;17396,25;28/4/2021 16:59:00;29/4/2021 9:32:00;EntradaCierre;SalidaApertura;$1714,24;$71952,04;$5,76;$0,00;$0,00;$0,00;$0,00;$10,00;$1865,00;$150,76;4;
1097;NQ 09-26;Backtest;PROD_Bot_NQ_OvernightDrift_1min_RTH;Long;1;17289,50;17190,75;29/4/2021 16:59:00;30/4/2021 9:32:00;EntradaCierre;SalidaApertura;$-1980,76;$69971,28;$5,76;$0,00;$0,00;$0,00;$0,00;$2125,00;$5,00;$1985,76;4;
1098;NQ 09-26;Backtest;PROD_Bot_NQ_OvernightDrift_1min_RTH;Long;1;17212,75;17253,50;30/4/2021 16:59:00;3/5/2021 9:32:00;EntradaCierre;SalidaApertura;$809,24;$70780,52;$5,76;$0,00;$0,00;$0,00;$0,00;$135,00;$925,00;$115,76;4;
1099;NQ 09-26;Backtest;PROD_Bot_NQ_OvernightDrift_1min_RTH;Long;1;17127,50;17024,25;3/5/2021 16:59:00;4/5/2021 9:32:00;EntradaCierre;SalidaApertura;$-2070,76;$68709,76;$5,76;$0,00;$0,00;$0,00;$0,00;$2390,00;$25,00;$2095,76;4;
1100;NQ 09-26;Backtest;PROD_Bot_NQ_OvernightDrift_1min_RTH;Long;1;16865,00;16983,50;4/5/2021 16:59:00;5/5/2021 9:32:00;EntradaCierre;SalidaApertura;$2364,24;$71074,00;$5,76;$0,00;$0,00;$0,00;$0,00;$35,00;$2385,00;$20,76;4;
1101;NQ 09-26;Backtest;PROD_Bot_NQ_OvernightDrift_1min_RTH;Long;1;16828,75;16817,75;5/5/2021 16:59:00;6/5/2021 9:32:00;EntradaCierre;SalidaApertura;$-225,76;$70848,24;$5,76;$0,00;$0,00;$0,00;$0,00;$545,00;$30,00;$255,76;4;
1102;NQ 09-26;Backtest;PROD_Bot_NQ_OvernightDrift_1min_RTH;Long;1;16948,75;17026,50;6/5/2021 16:59:00;7/5/2021 9:32:00;EntradaCierre;SalidaApertura;$1549,24;$72397,48;$5,76;$0,00;$0,00;$0,00;$0,00;$50,00;$2335,00;$785,76;4;
1103;NQ 09-26;Backtest;PROD_Bot_NQ_OvernightDrift_1min_RTH;Long;1;17064,25;16965,00;7/5/2021 16:59:00;10/5/2021 9:32:00;EntradaCierre;SalidaApertura;$-1990,76;$70406,72;$5,76;$0,00;$0,00;$0,00;$0,00;$1990,00;$0,00;$1990,76;4;
1104;NQ 09-26;Backtest;PROD_Bot_NQ_OvernightDrift_1min_RTH;Long;1;16655,50;16457,50;10/5/2021 16:59:00;11/5/2021 9:32:00;EntradaCierre;SalidaApertura;$-3965,76;$66440,96;$5,76;$0,00;$0,00;$0,00;$0,00;$4560,00;$0,00;$3965,76;4;
1105;NQ 09-26;Backtest;PROD_Bot_NQ_OvernightDrift_1min_RTH;Long;1;16660,25;16501,75;11/5/2021 16:59:00;12/5/2021 9:32:00;EntradaCierre;SalidaApertura;$-3175,76;$63265,20;$5,76;$0,00;$0,00;$0,00;$0,00;$3925,00;$0,00;$3175,76;4;
1106;NQ 09-26;Backtest;PROD_Bot_NQ_OvernightDrift_1min_RTH;Long;1;16309,50;16494,75;12/5/2021 16:59:00;13/5/2021 9:32:00;EntradaCierre;SalidaApertura;$3699,24;$66964,44;$5,76;$0,00;$0,00;$0,00;$0,00;$105,00;$3725,00;$25,76;4;
1107;NQ 09-26;Backtest;PROD_Bot_NQ_OvernightDrift_1min_RTH;Long;1;16431,00;16573,75;13/5/2021 16:59:00;14/5/2021 9:32:00;EntradaCierre;SalidaApertura;$2849,24;$69813,68;$5,76;$0,00;$0,00;$0,00;$0,00;$25,00;$3150,00;$300,76;4;
1108;NQ 09-26;Backtest;PROD_Bot_NQ_OvernightDrift_1min_RTH;Long;1;16742,75;16641,25;14/5/2021 16:59:00;17/5/2021 9:32:00;EntradaCierre;SalidaApertura;$-2035,76;$67777,92;$5,76;$0,00;$0,00;$0,00;$0,00;$2115,00;$25,00;$2060,76;4;
1109;NQ 09-26;Backtest;PROD_Bot_NQ_OvernightDrift_1min_RTH;Long;1;16656,25;16680,25;17/5/2021 16:59:00;18/5/2021 9:32:00;EntradaCierre;SalidaApertura;$474,24;$68252,16;$5,76;$0,00;$0,00;$0,00;$0,00;$55,00;$845,00;$370,76;4;
1110;NQ 09-26;Backtest;PROD_Bot_NQ_OvernightDrift_1min_RTH;Long;1;16531,25;16338,25;18/5/2021 16:59:00;19/5/2021 9:32:00;EntradaCierre;SalidaApertura;$-3865,76;$64386,40;$5,76;$0,00;$0,00;$0,00;$0,00;$4380,00;$30,00;$3895,76;4;
1111;NQ 09-26;Backtest;PROD_Bot_NQ_OvernightDrift_1min_RTH;Long;1;16559,25;16647,75;19/5/2021 16:59:00;20/5/2021 9:32:00;EntradaCierre;SalidaApertura;$1764,24;$66150,64;$5,76;$0,00;$0,00;$0,00;$0,00;$25,00;$1820,00;$55,76;4;
1112;NQ 09-26;Backtest;PROD_Bot_NQ_OvernightDrift_1min_RTH;Long;1;16834,75;16894,00;20/5/2021 16:59:00;21/5/2021 9:32:00;EntradaCierre;SalidaApertura;$1179,24;$67329,88;$5,76;$0,00;$0,00;$0,00;$0,00;$80,00;$1560,00;$380,76;4;
1113;NQ 09-26;Backtest;PROD_Bot_NQ_OvernightDrift_1min_RTH;Long;1;16757,25;16844,50;21/5/2021 16:59:00;24/5/2021 9:32:00;EntradaCierre;SalidaApertura;$1739,24;$69069,12;$5,76;$0,00;$0,00;$0,00;$0,00;$40,00;$1965,00;$225,76;4;
1114;NQ 09-26;Backtest;PROD_Bot_NQ_OvernightDrift_1min_RTH;Long;1;16992,75;17041,00;24/5/2021 16:59:00;25/5/2021 9:32:00;EntradaCierre;SalidaApertura;$959,24;$70028,36;$5,76;$0,00;$0,00;$0,00;$0,00;$30,00;$1090,00;$130,76;4;
1115;NQ 09-26;Backtest;PROD_Bot_NQ_OvernightDrift_1min_RTH;Long;1;17009,25;17043,25;25/5/2021 16:59:00;26/5/2021 9:32:00;EntradaCierre;SalidaApertura;$674,24;$70702,60;$5,76;$0,00;$0,00;$0,00;$0,00;$25,00;$690,00;$15,76;4;
1116;NQ 09-26;Backtest;PROD_Bot_NQ_OvernightDrift_1min_RTH;Long;1;17048,75;17036,00;26/5/2021 16:59:00;27/5/2021 9:32:00;EntradaCierre;SalidaApertura;$-260,76;$70441,84;$5,76;$0,00;$0,00;$0,00;$0,00;$505,00;$0,00;$260,76;4;
1117;NQ 09-26;Backtest;PROD_Bot_NQ_OvernightDrift_1min_RTH;Long;1;17034,00;17044,25;27/5/2021 16:59:00;28/5/2021 9:32:00;EntradaCierre;SalidaApertura;$199,24;$70641,08;$5,76;$0,00;$0,00;$0,00;$0,00;$10,00;$430,00;$230,76;4;
1118;NQ 09-26;Backtest;PROD_Bot_NQ_OvernightDrift_1min_RTH;Long;1;17031,50;17019,50;28/5/2021 16:59:00;31/5/2021 9:32:00;EntradaCierre;SalidaApertura;$-245,76;$70395,32;$5,76;$0,00;$0,00;$0,00;$0,00;$255,00;$10,00;$255,76;4;
1119;NQ 09-26;Backtest;PROD_Bot_NQ_OvernightDrift_1min_RTH;Long;1;16991,00;17001,75;1/6/2021 16:59:00;2/6/2021 9:32:00;EntradaCierre;SalidaApertura;$209,24;$70604,56;$5,76;$0,00;$0,00;$0,00;$0,00;$15,00;$385,00;$175,76;4;
1120;NQ 09-26;Backtest;PROD_Bot_NQ_OvernightDrift_1min_RTH;Long;1;17017,50;16904,25;2/6/2021 16:59:00;3/6/2021 9:32:00;EntradaCierre;SalidaApertura;$-2270,76;$68333,80;$5,76;$0,00;$0,00;$0,00;$0,00;$2600,00;$75,00;$2345,76;4;
1121;NQ 09-26;Backtest;PROD_Bot_NQ_OvernightDrift_1min_RTH;Long;1;16873,50;16962,50;3/6/2021 16:59:00;4/6/2021 9:32:00;EntradaCierre;SalidaApertura;$1774,24;$70108,04;$5,76;$0,00;$0,00;$0,00;$0,00;$30,00;$1825,00;$50,76;4;
1122;NQ 09-26;Backtest;PROD_Bot_NQ_OvernightDrift_1min_RTH;Long;1;17106,00;17086,50;4/6/2021 16:59:00;7/6/2021 9:32:00;EntradaCierre;SalidaApertura;$-395,76;$69712,28;$5,76;$0,00;$0,00;$0,00;$0,00;$585,00;$30,00;$425,76;4;
1123;NQ 09-26;Backtest;PROD_Bot_NQ_OvernightDrift_1min_RTH;Long;1;17165,25;17215,25;7/6/2021 16:59:00;8/6/2021 9:32:00;EntradaCierre;SalidaApertura;$994,24;$70706,52;$5,76;$0,00;$0,00;$0,00;$0,00;$45,00;$1180,00;$185,76;4;
1124;NQ 09-26;Backtest;PROD_Bot_NQ_OvernightDrift_1min_RTH;Long;1;17155,25;17221,25;8/6/2021 16:59:00;9/6/2021 9:32:00;EntradaCierre;SalidaApertura;$1314,24;$72020,76;$5,76;$0,00;$0,00;$0,00;$0,00;$15,00;$1510,00;$195,76;4;
1125;NQ 09-26;Backtest;PROD_Bot_NQ_OvernightDrift_1min_RTH;Long;1;17154,00;17180,75;9/6/2021 16:59:00;10/6/2021 9:32:00;EntradaCierre;SalidaApertura;$529,24;$72550,00;$5,76;$0,00;$0,00;$0,00;$0,00;$20,00;$590,00;$60,76;4;
1126;NQ 09-26;Backtest;PROD_Bot_NQ_OvernightDrift_1min_RTH;Long;1;17316,25;17291,25;10/6/2021 16:59:00;11/6/2021 9:32:00;EntradaCierre;SalidaApertura;$-505,76;$72044,24;$5,76;$0,00;$0,00;$0,00;$0,00;$500,00;$15,00;$520,76;3;
1127;NQ 09-26;Backtest;PROD_Bot_NQ_OvernightDrift_1min_RTH;Long;1;17337,50;17334,75;11/6/2021 16:59:00;14/6/2021 9:32:00;EntradaCierre;SalidaApertura;$-60,76;$71983,48;$5,76;$0,00;$0,00;$0,00;$0,00;$55,00;$475,00;$535,76;4;
1128;NQ 09-26;Backtest;PROD_Bot_NQ_OvernightDrift_1min_RTH;Long;1;17463,75;17448,75;14/6/2021 16:59:00;15/6/2021 9:32:00;EntradaCierre;SalidaApertura;$-305,76;$71677,72;$5,76;$0,00;$0,00;$0,00;$0,00;$300,00;$65,00;$370,76;4;
1129;NQ 09-26;Backtest;PROD_Bot_NQ_OvernightDrift_1min_RTH;Long;1;17391,75;17410,75;15/6/2021 16:59:00;16/6/2021 9:32:00;EntradaCierre;SalidaApertura;$374,24;$72051,96;$5,76;$0,00;$0,00;$0,00;$0,00;$35,00;$470,00;$95,76;4;
1130;NQ 09-26;Backtest;PROD_Bot_NQ_OvernightDrift_1min_RTH;Long;1;17291,00;17312,75;16/6/2021 16:59:00;17/6/2021 9:32:00;EntradaCierre;SalidaApertura;$429,24;$72481,20;$5,76;$0,00;$0,00;$0,00;$0,00;$135,00;$520,00;$90,76;4;
1131;NQ 09-26;Backtest;PROD_Bot_NQ_OvernightDrift_1min_RTH;Long;1;17529,00;17428,00;17/6/2021 16:59:00;18/6/2021 9:32:00;EntradaCierre;SalidaApertura;$-2025,76;$70455,44;$5,76;$0,00;$0,00;$0,00;$0,00;$2105,00;$50,00;$2075,76;4;
1132;NQ 09-26;Backtest;PROD_Bot_NQ_OvernightDrift_1min_RTH;Long;1;17370,25;17424,00;18/6/2021 16:59:00;21/6/2021 9:32:00;EntradaCierre;SalidaApertura;$1069,24;$71524,68;$5,76;$0,00;$0,00;$0,00;$0,00;$20,00;$1115,00;$45,76;4;
1133;NQ 09-26;Backtest;PROD_Bot_NQ_OvernightDrift_1min_RTH;Long;1;17494,25;17471,00;21/6/2021 16:59:00;22/6/2021 9:32:00;EntradaCierre;SalidaApertura;$-470,76;$71053,92;$5,76;$0,00;$0,00;$0,00;$0,00;$660,00;$0,00;$470,76;4;
1134;NQ 09-26;Backtest;PROD_Bot_NQ_OvernightDrift_1min_RTH;Long;1;17623,50;17617,00;22/6/2021 16:59:00;23/6/2021 9:32:00;EntradaCierre;SalidaApertura;$-135,76;$70918,16;$5,76;$0,00;$0,00;$0,00;$0,00;$315,00;$25,00;$160,76;4;
1135;NQ 09-26;Backtest;PROD_Bot_NQ_OvernightDrift_1min_RTH;Long;1;17629,00;17707,00;23/6/2021 16:59:00;24/6/2021 9:32:00;EntradaCierre;SalidaApertura;$1554,24;$72472,40;$5,76;$0,00;$0,00;$0,00;$0,00;$50,00;$1580,00;$25,76;4;
1136;NQ 09-26;Backtest;PROD_Bot_NQ_OvernightDrift_1min_RTH;Long;1;17714,25;17731,00;24/6/2021 16:59:00;25/6/2021 9:32:00;EntradaCierre;SalidaApertura;$329,24;$72801,64;$5,76;$0,00;$0,00;$0,00;$0,00;$65,00;$530,00;$200,76;4;
1137;NQ 09-26;Backtest;PROD_Bot_NQ_OvernightDrift_1min_RTH;Long;1;17683,50;17770,50;25/6/2021 16:59:00;28/6/2021 9:32:00;EntradaCierre;SalidaApertura;$1734,24;$74535,88;$5,76;$0,00;$0,00;$0,00;$0,00;$15,00;$1760,00;$25,76;4;
1138;NQ 09-26;Backtest;PROD_Bot_NQ_OvernightDrift_1min_RTH;Long;1;17854,25;17848,50;28/6/2021 16:59:00;29/6/2021 9:32:00;EntradaCierre;SalidaApertura;$-120,76;$74415,12;$5,76;$0,00;$0,00;$0,00;$0,00;$225,00;$205,00;$325,76;4;
1139;NQ 09-26;Backtest;PROD_Bot_NQ_OvernightDrift_1min_RTH;Long;1;17936,75;17915,50;29/6/2021 16:59:00;30/6/2021 9:32:00;EntradaCierre;SalidaApertura;$-430,76;$73984,36;$5,76;$0,00;$0,00;$0,00;$0,00;$635,00;$0,00;$430,76;4;
1140;NQ 09-26;Backtest;PROD_Bot_NQ_OvernightDrift_1min_RTH;Long;1;17910,75;17886,00;30/6/2021 16:59:00;1/7/2021 9:32:00;EntradaCierre;SalidaApertura;$-500,76;$73483,60;$5,76;$0,00;$0,00;$0,00;$0,00;$835,00;$0,00;$500,76;4;
1141;NQ 09-26;Backtest;PROD_Bot_NQ_OvernightDrift_1min_RTH;Long;1;17892,75;17981,00;1/7/2021 16:59:00;2/7/2021 9:32:00;EntradaCierre;SalidaApertura;$1759,24;$75242,84;$5,76;$0,00;$0,00;$0,00;$0,00;$25,00;$1970,00;$210,76;4;
1142;NQ 09-26;Backtest;PROD_Bot_NQ_OvernightDrift_1min_RTH;Long;1;18055,00;18054,50;2/7/2021 16:59:00;5/7/2021 9:32:00;EntradaCierre;SalidaApertura;$-15,76;$75227,08;$5,76;$0,00;$0,00;$0,00;$0,00;$25,00;$65,00;$80,76;4;
1143;NQ 09-26;Backtest;PROD_Bot_NQ_OvernightDrift_1min_RTH;Long;1;18118,00;18226,50;6/7/2021 16:59:00;7/7/2021 9:32:00;EntradaCierre;SalidaApertura;$2164,24;$77391,32;$5,76;$0,00;$0,00;$0,00;$0,00;$50,00;$2390,00;$225,76;4;
1144;NQ 09-26;Backtest;PROD_Bot_NQ_OvernightDrift_1min_RTH;Long;1;18165,00;17959,50;7/7/2021 16:59:00;8/7/2021 9:32:00;EntradaCierre;SalidaApertura;$-4115,76;$73275,56;$5,76;$0,00;$0,00;$0,00;$0,00;$4860,00;$5,00;$4120,76;4;
1145;NQ 09-26;Backtest;PROD_Bot_NQ_OvernightDrift_1min_RTH;Long;1;18069,50;18043,75;8/7/2021 16:59:00;9/7/2021 9:32:00;EntradaCierre;SalidaApertura;$-520,76;$72754,80;$5,76;$0,00;$0,00;$0,00;$0,00;$645,00;$30,00;$550,76;4;
1146;NQ 09-26;Backtest;PROD_Bot_NQ_OvernightDrift_1min_RTH;Long;1;18167,00;18225,00;9/7/2021 16:59:00;12/7/2021 9:32:00;EntradaCierre;SalidaApertura;$1154,24;$73909,04;$5,76;$0,00;$0,00;$0,00;$0,00;$30,00;$1290,00;$135,76;4;
1147;NQ 09-26;Backtest;PROD_Bot_NQ_OvernightDrift_1min_RTH;Long;1;18231,00;18216,00;12/7/2021 16:59:00;13/7/2021 9:32:00;EntradaCierre;SalidaApertura;$-305,76;$73603,28;$5,76;$0,00;$0,00;$0,00;$0,00;$545,00;$5,00;$310,76;4;
1148;NQ 09-26;Backtest;PROD_Bot_NQ_OvernightDrift_1min_RTH;Long;1;18216,00;18319,75;13/7/2021 16:59:00;14/7/2021 9:32:00;EntradaCierre;SalidaApertura;$2069,24;$75672,52;$5,76;$0,00;$0,00;$0,00;$0,00;$15,00;$2315,00;$245,76;4;
1149;NQ 09-26;Backtest;PROD_Bot_NQ_OvernightDrift_1min_RTH;Long;1;18249,00;18236,00;14/7/2021 16:59:00;15/7/2021 9:32:00;EntradaCierre;SalidaApertura;$-265,76;$75406,76;$5,76;$0,00;$0,00;$0,00;$0,00;$340,00;$140,00;$405,76;4;
1150;NQ 09-26;Backtest;PROD_Bot_NQ_OvernightDrift_1min_RTH;Long;1;18130,25;18197,50;15/7/2021 16:59:00;16/7/2021 9:32:00;EntradaCierre;SalidaApertura;$1339,24;$76746,00;$5,76;$0,00;$0,00;$0,00;$0,00;$30,00;$1425,00;$85,76;4;
1151;NQ 09-26;Backtest;PROD_Bot_NQ_OvernightDrift_1min_RTH;Long;1;18022,50;17888,75;16/7/2021 16:59:00;19/7/2021 9:32:00;EntradaCierre;SalidaApertura;$-2680,76;$74065,24;$5,76;$0,00;$0,00;$0,00;$0,00;$3190,00;$65,00;$2745,76;4;
1152;NQ 09-26;Backtest;PROD_Bot_NQ_OvernightDrift_1min_RTH;Long;1;17948,75;17946,75;19/7/2021 16:59:00;20/7/2021 9:32:00;EntradaCierre;SalidaApertura;$-45,76;$74019,48;$5,76;$0,00;$0,00;$0,00;$0,00;$175,00;$115,00;$160,76;4;
1153;NQ 09-26;Backtest;PROD_Bot_NQ_OvernightDrift_1min_RTH;Long;1;18080,50;18055,00;20/7/2021 16:59:00;21/7/2021 9:32:00;EntradaCierre;SalidaApertura;$-515,76;$73503,72;$5,76;$0,00;$0,00;$0,00;$0,00;$660,00;$30,00;$545,76;4;
1154;NQ 09-26;Backtest;PROD_Bot_NQ_OvernightDrift_1min_RTH;Long;1;18192,00;18210,50;21/7/2021 16:59:00;22/7/2021 9:32:00;EntradaCierre;SalidaApertura;$364,24;$73867,96;$5,76;$0,00;$0,00;$0,00;$0,00;$10,00;$405,00;$40,76;4;
1155;NQ 09-26;Backtest;PROD_Bot_NQ_OvernightDrift_1min_RTH;Long;1;18332,75;18320,50;22/7/2021 16:59:00;23/7/2021 9:32:00;EntradaCierre;SalidaApertura;$-250,76;$73617,20;$5,76;$0,00;$0,00;$0,00;$0,00;$315,00;$300,00;$550,76;4;
1156;NQ 09-26;Backtest;PROD_Bot_NQ_OvernightDrift_1min_RTH;Long;1;18445,25;18418,00;23/7/2021 16:59:00;26/7/2021 9:32:00;EntradaCierre;SalidaApertura;$-550,76;$73066,44;$5,76;$0,00;$0,00;$0,00;$0,00;$705,00;$25,00;$575,76;4;
1157;NQ 09-26;Backtest;PROD_Bot_NQ_OvernightDrift_1min_RTH;Long;1;18475,75;18444,25;26/7/2021 16:59:00;27/7/2021 9:32:00;EntradaCierre;SalidaApertura;$-635,76;$72430,68;$5,76;$0,00;$0,00;$0,00;$0,00;$640,00;$50,00;$685,76;4;
1158;NQ 09-26;Backtest;PROD_Bot_NQ_OvernightDrift_1min_RTH;Long;1;18233,00;18368,75;27/7/2021 16:59:00;28/7/2021 9:32:00;EntradaCierre;SalidaApertura;$2709,24;$75139,92;$5,76;$0,00;$0,00;$0,00;$0,00;$45,00;$2755,00;$45,76;4;
1159;NQ 09-26;Backtest;PROD_Bot_NQ_OvernightDrift_1min_RTH;Long;1;18338,00;18354,25;28/7/2021 16:59:00;29/7/2021 9:32:00;EntradaCierre;SalidaApertura;$319,24;$75459,16;$5,76;$0,00;$0,00;$0,00;$0,00;$50,00;$430,00;$110,76;4;
1160;NQ 09-26;Backtest;PROD_Bot_NQ_OvernightDrift_1min_RTH;Long;1;18274,50;18249,00;29/7/2021 16:59:00;30/7/2021 9:32:00;EntradaCierre;SalidaApertura;$-515,76;$74943,40;$5,76;$0,00;$0,00;$0,00;$0,00;$1095,00;$0,00;$515,76;4;
1161;NQ 09-26;Backtest;PROD_Bot_NQ_OvernightDrift_1min_RTH;Long;1;18318,75;18383,00;30/7/2021 16:59:00;2/8/2021 9:32:00;EntradaCierre;SalidaApertura;$1279,24;$76222,64;$5,76;$0,00;$0,00;$0,00;$0,00;$30,00;$1535,00;$255,76;4;
1162;NQ 09-26;Backtest;PROD_Bot_NQ_OvernightDrift_1min_RTH;Long;1;18313,00;18334,00;2/8/2021 16:59:00;3/8/2021 9:32:00;EntradaCierre;SalidaApertura;$414,24;$76636,88;$5,76;$0,00;$0,00;$0,00;$0,00;$30,00;$785,00;$370,76;4;
1163;NQ 09-26;Backtest;PROD_Bot_NQ_OvernightDrift_1min_RTH;Long;1;18389,00;18392,00;3/8/2021 16:59:00;4/8/2021 9:32:00;EntradaCierre;SalidaApertura;$54,24;$76691,12;$5,76;$0,00;$0,00;$0,00;$0,00;$20,00;$355,00;$300,76;4;
1164;NQ 09-26;Backtest;PROD_Bot_NQ_OvernightDrift_1min_RTH;Long;1;18434,00;18447,25;4/8/2021 16:59:00;5/8/2021 9:32:00;EntradaCierre;SalidaApertura;$259,24;$76950,36;$5,76;$0,00;$0,00;$0,00;$0,00;$20,00;$525,00;$265,76;4;
1165;NQ 09-26;Backtest;PROD_Bot_NQ_OvernightDrift_1min_RTH;Long;1;18524,50;18466,00;5/8/2021 16:59:00;6/8/2021 9:32:00;EntradaCierre;SalidaApertura;$-1175,76;$75774,60;$5,76;$0,00;$0,00;$0,00;$0,00;$1325,00;$35,00;$1210,76;4;
1166;NQ 09-26;Backtest;PROD_Bot_NQ_OvernightDrift_1min_RTH;Long;1;18447,50;18483,00;6/8/2021 16:59:00;9/8/2021 9:32:00;EntradaCierre;SalidaApertura;$704,24;$76478,84;$5,76;$0,00;$0,00;$0,00;$0,00;$20,00;$870,00;$165,76;4;
1167;NQ 09-26;Backtest;PROD_Bot_NQ_OvernightDrift_1min_RTH;Long;1;18478,75;18495,50;9/8/2021 16:59:00;10/8/2021 9:32:00;EntradaCierre;SalidaApertura;$329,24;$76808,08;$5,76;$0,00;$0,00;$0,00;$0,00;$40,00;$450,00;$120,76;4;
1168;NQ 09-26;Backtest;PROD_Bot_NQ_OvernightDrift_1min_RTH;Long;1;18400,50;18450,00;10/8/2021 16:59:00;11/8/2021 9:32:00;EntradaCierre;SalidaApertura;$984,24;$77792,32;$5,76;$0,00;$0,00;$0,00;$0,00;$15,00;$1130,00;$145,76;4;
1169;NQ 09-26;Backtest;PROD_Bot_NQ_OvernightDrift_1min_RTH;Long;1;18362,75;18345,25;11/8/2021 16:59:00;12/8/2021 9:32:00;EntradaCierre;SalidaApertura;$-355,76;$77436,56;$5,76;$0,00;$0,00;$0,00;$0,00;$625,00;$15,00;$370,76;4;
1170;NQ 09-26;Backtest;PROD_Bot_NQ_OvernightDrift_1min_RTH;Long;1;18433,25;18439,75;12/8/2021 16:59:00;13/8/2021 9:32:00;EntradaCierre;SalidaApertura;$124,24;$77560,80;$5,76;$0,00;$0,00;$0,00;$0,00;$55,00;$290,00;$165,76;4;
1171;NQ 09-26;Backtest;PROD_Bot_NQ_OvernightDrift_1min_RTH;Long;1;18476,50;18434,75;13/8/2021 16:59:00;16/8/2021 9:32:00;EntradaCierre;SalidaApertura;$-840,76;$76720,04;$5,76;$0,00;$0,00;$0,00;$0,00;$925,00;$10,00;$850,76;4;
1172;NQ 09-26;Backtest;PROD_Bot_NQ_OvernightDrift_1min_RTH;Long;1;18487,50;18345,00;16/8/2021 16:59:00;17/8/2021 9:32:00;EntradaCierre;SalidaApertura;$-2855,76;$73864,28;$5,76;$0,00;$0,00;$0,00;$0,00;$2990,00;$25,00;$2880,76;4;
1173;NQ 09-26;Backtest;PROD_Bot_NQ_OvernightDrift_1min_RTH;Long;1;18324,00;18335,25;17/8/2021 16:59:00;18/8/2021 9:32:00;EntradaCierre;SalidaApertura;$219,24;$74083,52;$5,76;$0,00;$0,00;$0,00;$0,00;$105,00;$385,00;$165,76;4;
1174;NQ 09-26;Backtest;PROD_Bot_NQ_OvernightDrift_1min_RTH;Long;1;18192,50;18151,25;18/8/2021 16:59:00;19/8/2021 9:32:00;EntradaCierre;SalidaApertura;$-830,76;$73252,76;$5,76;$0,00;$0,00;$0,00;$0,00;$1500,00;$40,00;$870,76;4;
1175;NQ 09-26;Backtest;PROD_Bot_NQ_OvernightDrift_1min_RTH;Long;1;18299,75;18323,25;19/8/2021 16:59:00;20/8/2021 9:32:00;EntradaCierre;SalidaApertura;$464,24;$73717,00;$5,76;$0,00;$0,00;$0,00;$0,00;$75,00;$620,00;$155,76;4;
1176;NQ 09-26;Backtest;PROD_Bot_NQ_OvernightDrift_1min_RTH;Long;1;18448,75;18495,50;20/8/2021 16:59:00;23/8/2021 9:32:00;EntradaCierre;SalidaApertura;$929,24;$74646,24;$5,76;$0,00;$0,00;$0,00;$0,00;$10,00;$1000,00;$70,76;4;
1177;NQ 09-26;Backtest;PROD_Bot_NQ_OvernightDrift_1min_RTH;Long;1;18681,00;18703,00;23/8/2021 16:59:00;24/8/2021 9:32:00;EntradaCierre;SalidaApertura;$434,24;$75080,48;$5,76;$0,00;$0,00;$0,00;$0,00;$95,00;$530,00;$95,76;4;
1178;NQ 09-26;Backtest;PROD_Bot_NQ_OvernightDrift_1min_RTH;Long;1;18715,75;18721,00;24/8/2021 16:59:00;25/8/2021 9:32:00;EntradaCierre;SalidaApertura;$99,24;$75179,72;$5,76;$0,00;$0,00;$0,00;$0,00;$55,00;$365,00;$265,76;4;
1179;NQ 09-26;Backtest;PROD_Bot_NQ_OvernightDrift_1min_RTH;Long;1;18721,00;18705,25;25/8/2021 16:59:00;26/8/2021 9:32:00;EntradaCierre;SalidaApertura;$-320,76;$74858,96;$5,76;$0,00;$0,00;$0,00;$0,00;$645,00;$5,00;$325,76;4;
1180;NQ 09-26;Backtest;PROD_Bot_NQ_OvernightDrift_1min_RTH;Long;1;18640,00;18666,00;26/8/2021 16:59:00;27/8/2021 9:32:00;EntradaCierre;SalidaApertura;$514,24;$75373,20;$5,76;$0,00;$0,00;$0,00;$0,00;$15,00;$560,00;$45,76;4;
1181;NQ 09-26;Backtest;PROD_Bot_NQ_OvernightDrift_1min_RTH;Long;1;18778,75;18824,25;27/8/2021 16:59:00;30/8/2021 9:32:00;EntradaCierre;SalidaApertura;$904,24;$76277,44;$5,76;$0,00;$0,00;$0,00;$0,00;$30,00;$980,00;$75,76;4;
1182;NQ 09-26;Backtest;PROD_Bot_NQ_OvernightDrift_1min_RTH;Long;1;18960,00;18935,25;30/8/2021 16:59:00;31/8/2021 9:32:00;EntradaCierre;SalidaApertura;$-500,76;$75776,68;$5,76;$0,00;$0,00;$0,00;$0,00;$595,00;$60,00;$560,76;4;
1183;NQ 09-26;Backtest;PROD_Bot_NQ_OvernightDrift_1min_RTH;Long;1;18954,75;18982,50;31/8/2021 16:59:00;1/9/2021 9:32:00;EntradaCierre;SalidaApertura;$549,24;$76325,92;$5,76;$0,00;$0,00;$0,00;$0,00;$40,00;$755,00;$205,76;4;
1184;NQ 09-26;Backtest;PROD_Bot_NQ_OvernightDrift_1min_RTH;Long;1;18965,00;19030,75;1/9/2021 16:59:00;2/9/2021 9:32:00;EntradaCierre;SalidaApertura;$1309,24;$77635,16;$5,76;$0,00;$0,00;$0,00;$0,00;$25,00;$1355,00;$45,76;4;
1185;NQ 09-26;Backtest;PROD_Bot_NQ_OvernightDrift_1min_RTH;Long;1;18955,00;18941,25;2/9/2021 16:59:00;3/9/2021 9:32:00;EntradaCierre;SalidaApertura;$-280,76;$77354,40;$5,76;$0,00;$0,00;$0,00;$0,00;$940,00;$175,00;$455,76;4;
1186;NQ 09-26;Backtest;PROD_Bot_NQ_OvernightDrift_1min_RTH;Long;1;19008,50;19042,00;3/9/2021 16:59:00;6/9/2021 9:32:00;EntradaCierre;SalidaApertura;$664,24;$78018,64;$5,76;$0,00;$0,00;$0,00;$0,00;$15,00;$715,00;$50,76;4;
1187;NQ 09-26;Backtest;PROD_Bot_NQ_OvernightDrift_1min_RTH;Long;1;19023,75;19008,25;7/9/2021 16:59:00;8/9/2021 9:32:00;EntradaCierre;SalidaApertura;$-315,76;$77702,88;$5,76;$0,00;$0,00;$0,00;$0,00;$385,00;$40,00;$355,76;4;
1188;NQ 09-26;Backtest;PROD_Bot_NQ_OvernightDrift_1min_RTH;Long;1;18962,25;18996,25;8/9/2021 16:59:00;9/9/2021 9:32:00;EntradaCierre;SalidaApertura;$674,24;$78377,12;$5,76;$0,00;$0,00;$0,00;$0,00;$25,00;$750,00;$75,76;4;
1189;NQ 09-26;Backtest;PROD_Bot_NQ_OvernightDrift_1min_RTH;Long;1;18917,50;19015,75;9/9/2021 16:59:00;10/9/2021 9:32:00;EntradaCierre;SalidaApertura;$1959,24;$80336,36;$5,76;$0,00;$0,00;$0,00;$0,00;$0,00;$1990,00;$30,76;4;
1190;NQ 09-26;Backtest;PROD_Bot_NQ_OvernightDrift_1min_RTH;Long;1;18804,50;18904,75;10/9/2021 16:59:00;13/9/2021 9:32:00;EntradaCierre;SalidaApertura;$1999,24;$82335,60;$5,76;$0,00;$0,00;$0,00;$0,00;$40,00;$2135,00;$135,76;4;
1191;NQ 09-26;Backtest;PROD_Bot_NQ_OvernightDrift_1min_RTH;Long;1;18811,00;18882,75;13/9/2021 16:59:00;14/9/2021 9:32:00;EntradaCierre;SalidaApertura;$1429,24;$83764,84;$5,76;$0,00;$0,00;$0,00;$0,00;$40,00;$1525,00;$95,76;4;
1192;NQ 09-26;Backtest;PROD_Bot_NQ_OvernightDrift_1min_RTH;Long;1;18755,50;18795,00;14/9/2021 16:59:00;15/9/2021 9:32:00;EntradaCierre;SalidaApertura;$784,24;$84549,08;$5,76;$0,00;$0,00;$0,00;$0,00;$45,00;$810,00;$25,76;4;
1193;NQ 09-26;Backtest;PROD_Bot_NQ_OvernightDrift_1min_RTH;Long;1;18869,75;18795,50;15/9/2021 16:59:00;16/9/2021 9:32:00;EntradaCierre;SalidaApertura;$-1490,76;$83058,32;$5,76;$0,00;$0,00;$0,00;$0,00;$1755,00;$95,00;$1585,76;4;
1194;NQ 09-26;Backtest;PROD_Bot_NQ_OvernightDrift_1min_RTH;Long;1;18866,75;18815,75;16/9/2021 16:59:00;17/9/2021 9:32:00;EntradaCierre;SalidaApertura;$-1025,76;$82032,56;$5,76;$0,00;$0,00;$0,00;$0,00;$1200,00;$0,00;$1025,76;4;
1195;NQ 09-26;Backtest;PROD_Bot_NQ_OvernightDrift_1min_RTH;Long;1;18650,50;18404,00;17/9/2021 16:59:00;20/9/2021 9:32:00;EntradaCierre;SalidaApertura;$-4935,76;$77096,80;$5,76;$0,00;$0,00;$0,00;$0,00;$5005,00;$25,00;$4960,76;4;
1196;NQ 09-26;Backtest;PROD_Bot_NQ_OvernightDrift_1min_RTH;Long;1;18356,00;18417,50;20/9/2021 16:59:00;21/9/2021 9:32:00;EntradaCierre;SalidaApertura;$1224,24;$78321,04;$5,76;$0,00;$0,00;$0,00;$0,00;$50,00;$2135,00;$910,76;4;
1197;NQ 09-26;Backtest;PROD_Bot_NQ_OvernightDrift_1min_RTH;Long;1;18354,00;18416,25;21/9/2021 16:59:00;22/9/2021 9:32:00;EntradaCierre;SalidaApertura;$1239,24;$79560,28;$5,76;$0,00;$0,00;$0,00;$0,00;$10,00;$1640,00;$400,76;4;
1198;NQ 09-26;Backtest;PROD_Bot_NQ_OvernightDrift_1min_RTH;Long;1;18544,25;18591,00;22/9/2021 16:59:00;23/9/2021 9:32:00;EntradaCierre;SalidaApertura;$929,24;$80489,52;$5,76;$0,00;$0,00;$0,00;$0,00;$25,00;$1000,00;$70,76;4;
1199;NQ 09-26;Backtest;PROD_Bot_NQ_OvernightDrift_1min_RTH;Long;1;18661,25;18562,00;23/9/2021 16:59:00;24/9/2021 9:32:00;EntradaCierre;SalidaApertura;$-1990,76;$78498,76;$5,76;$0,00;$0,00;$0,00;$0,00;$2085,00;$40,00;$2030,76;4;
1200;NQ 09-26;Backtest;PROD_Bot_NQ_OvernightDrift_1min_RTH;Long;1;18684,25;18566,00;24/9/2021 16:59:00;27/9/2021 9:32:00;EntradaCierre;SalidaApertura;$-2370,76;$76128,00;$5,76;$0,00;$0,00;$0,00;$0,00;$2850,00;$25,00;$2395,76;4;
1201;NQ 09-26;Backtest;PROD_Bot_NQ_OvernightDrift_1min_RTH;Long;1;18539,00;18384,25;27/9/2021 16:59:00;28/9/2021 9:32:00;EntradaCierre;SalidaApertura;$-3100,76;$73027,24;$5,76;$0,00;$0,00;$0,00;$0,00;$3835,00;$0,00;$3100,76;4;
1202;NQ 09-26;Backtest;PROD_Bot_NQ_OvernightDrift_1min_RTH;Long;1;18136,50;18187,75;28/9/2021 16:59:00;29/9/2021 9:32:00;EntradaCierre;SalidaApertura;$1019,24;$74046,48;$5,76;$0,00;$0,00;$0,00;$0,00;$95,00;$1200,00;$180,76;4;
1203;NQ 09-26;Backtest;PROD_Bot_NQ_OvernightDrift_1min_RTH;Long;1;18125,50;18192,50;29/9/2021 16:59:00;30/9/2021 9:32:00;EntradaCierre;SalidaApertura;$1334,24;$75380,72;$5,76;$0,00;$0,00;$0,00;$0,00;$25,00;$1550,00;$215,76;4;
1204;NQ 09-26;Backtest;PROD_Bot_NQ_OvernightDrift_1min_RTH;Long;1;18053,75;18098,25;30/9/2021 16:59:00;1/10/2021 9:32:00;EntradaCierre;SalidaApertura;$884,24;$76264,96;$5,76;$0,00;$0,00;$0,00;$0,00;$20,00;$935,00;$50,76;4;
1205;NQ 09-26;Backtest;PROD_Bot_NQ_OvernightDrift_1min_RTH;Long;1;18138,50;18061,25;1/10/2021 16:59:00;4/10/2021 9:32:00;EntradaCierre;SalidaApertura;$-1550,76;$74714,20;$5,76;$0,00;$0,00;$0,00;$0,00;$1710,00;$115,00;$1665,76;4;
1206;NQ 09-26;Backtest;PROD_Bot_NQ_OvernightDrift_1min_RTH;Long;1;17851,50;17892,00;4/10/2021 16:59:00;5/10/2021 9:32:00;EntradaCierre;SalidaApertura;$804,24;$75518,44;$5,76;$0,00;$0,00;$0,00;$0,00;$70,00;$1000,00;$195,76;4;
1207;NQ 09-26;Backtest;PROD_Bot_NQ_OvernightDrift_1min_RTH;Long;1;18025,50;17884,75;5/10/2021 16:59:00;6/10/2021 9:32:00;EntradaCierre;SalidaApertura;$-2820,76;$72697,68;$5,76;$0,00;$0,00;$0,00;$0,00;$2980,00;$70,00;$2890,76;4;
1208;NQ 09-26;Backtest;PROD_Bot_NQ_OvernightDrift_1min_RTH;Long;1;18131,75;18242,25;6/10/2021 16:59:00;7/10/2021 9:32:00;EntradaCierre;SalidaApertura;$2204,24;$74901,92;$5,76;$0,00;$0,00;$0,00;$0,00;$45,00;$2445,00;$240,76;4;
1209;NQ 09-26;Backtest;PROD_Bot_NQ_OvernightDrift_1min_RTH;Long;1;18254,25;18274,50;7/10/2021 16:59:00;8/10/2021 9:32:00;EntradaCierre;SalidaApertura;$399,24;$75301,16;$5,76;$0,00;$0,00;$0,00;$0,00;$15,00;$1075,00;$675,76;4;
1210;NQ 09-26;Backtest;PROD_Bot_NQ_OvernightDrift_1min_RTH;Long;1;18171,50;18107,00;8/10/2021 16:59:00;11/10/2021 9:32:00;EntradaCierre;SalidaApertura;$-1295,76;$74005,40;$5,76;$0,00;$0,00;$0,00;$0,00;$1465,00;$0,00;$1295,76;4;
1211;NQ 09-26;Backtest;PROD_Bot_NQ_OvernightDrift_1min_RTH;Long;1;18051,25;18114,75;11/10/2021 16:59:00;12/10/2021 9:32:00;EntradaCierre;SalidaApertura;$1264,24;$75269,64;$5,76;$0,00;$0,00;$0,00;$0,00;$45,00;$1585,00;$320,76;4;
1212;NQ 09-26;Backtest;PROD_Bot_NQ_OvernightDrift_1min_RTH;Long;1;17962,50;18099,50;12/10/2021 16:59:00;13/10/2021 9:32:00;EntradaCierre;SalidaApertura;$2734,24;$78003,88;$5,76;$0,00;$0,00;$0,00;$0,00;$10,00;$3140,00;$405,76;4;
1213;NQ 09-26;Backtest;PROD_Bot_NQ_OvernightDrift_1min_RTH;Long;1;18132,75;18267,50;13/10/2021 16:59:00;14/10/2021 9:32:00;EntradaCierre;SalidaApertura;$2689,24;$80693,12;$5,76;$0,00;$0,00;$0,00;$0,00;$20,00;$3180,00;$490,76;4;
1214;NQ 09-26;Backtest;PROD_Bot_NQ_OvernightDrift_1min_RTH;Long;1;18430,50;18435,25;14/10/2021 16:59:00;15/10/2021 9:32:00;EntradaCierre;SalidaApertura;$89,24;$80782,36;$5,76;$0,00;$0,00;$0,00;$0,00;$25,00;$675,00;$585,76;4;
1215;NQ 09-26;Backtest;PROD_Bot_NQ_OvernightDrift_1min_RTH;Long;1;18507,75;18432,25;15/10/2021 16:59:00;18/10/2021 9:32:00;EntradaCierre;SalidaApertura;$-1515,76;$79266,60;$5,76;$0,00;$0,00;$0,00;$0,00;$1605,00;$45,00;$1560,76;4;
1216;NQ 09-26;Backtest;PROD_Bot_NQ_OvernightDrift_1min_RTH;Long;1;18656,25;18685,25;18/10/2021 16:59:00;19/10/2021 9:32:00;EntradaCierre;SalidaApertura;$574,24;$79840,84;$5,76;$0,00;$0,00;$0,00;$0,00;$100,00;$915,00;$340,76;4;
1217;NQ 09-26;Backtest;PROD_Bot_NQ_OvernightDrift_1min_RTH;Long;1;18779,00;18782,25;19/10/2021 16:59:00;20/10/2021 9:32:00;EntradaCierre;SalidaApertura;$59,24;$79900,08;$5,76;$0,00;$0,00;$0,00;$0,00;$65,00;$310,00;$250,76;4;
1218;NQ 09-26;Backtest;PROD_Bot_NQ_OvernightDrift_1min_RTH;Long;1;18724,50;18725,50;20/10/2021 16:59:00;21/10/2021 9:32:00;EntradaCierre;SalidaApertura;$14,24;$79914,32;$5,76;$0,00;$0,00;$0,00;$0,00;$340,00;$135,00;$120,76;4;
1219;NQ 09-26;Backtest;PROD_Bot_NQ_OvernightDrift_1min_RTH;Long;1;18754,00;18777,50;21/10/2021 16:59:00;22/10/2021 9:32:00;EntradaCierre;SalidaApertura;$464,24;$80378,56;$5,76;$0,00;$0,00;$0,00;$0,00;$195,00;$700,00;$235,76;4;
1220;NQ 09-26;Backtest;PROD_Bot_NQ_OvernightDrift_1min_RTH;Long;1;18689,00;18772,00;22/10/2021 16:59:00;25/10/2021 9:32:00;EntradaCierre;SalidaApertura;$1654,24;$82032,80;$5,76;$0,00;$0,00;$0,00;$0,00;$35,00;$1720,00;$65,76;4;
1221;NQ 09-26;Backtest;PROD_Bot_NQ_OvernightDrift_1min_RTH;Long;1;18907,75;18951,50;25/10/2021 16:59:00;26/10/2021 9:32:00;EntradaCierre;SalidaApertura;$869,24;$82902,04;$5,76;$0,00;$0,00;$0,00;$0,00;$55,00;$1215,00;$345,76;4;
1222;NQ 09-26;Backtest;PROD_Bot_NQ_OvernightDrift_1min_RTH;Long;1;18885,75;18950,25;26/10/2021 16:59:00;27/10/2021 9:32:00;EntradaCierre;SalidaApertura;$1284,24;$84186,28;$5,76;$0,00;$0,00;$0,00;$0,00;$20,00;$1615,00;$330,76;4;
1223;NQ 09-26;Backtest;PROD_Bot_NQ_OvernightDrift_1min_RTH;Long;1;18957,75;19037,75;27/10/2021 16:59:00;28/10/2021 9:32:00;EntradaCierre;SalidaApertura;$1594,24;$85780,52;$5,76;$0,00;$0,00;$0,00;$0,00;$40,00;$1750,00;$155,76;4;
1224;NQ 09-26;Backtest;PROD_Bot_NQ_OvernightDrift_1min_RTH;Long;1;19032,25;19008,50;28/10/2021 16:59:00;29/10/2021 9:32:00;EntradaCierre;SalidaApertura;$-480,76;$85299,76;$5,76;$0,00;$0,00;$0,00;$0,00;$1030,00;$150,00;$630,76;4;
1225;NQ 09-26;Backtest;PROD_Bot_NQ_OvernightDrift_1min_RTH;Long;1;19225,25;19219,25;29/10/2021 16:59:00;1/11/2021 9:32:00;EntradaCierre;SalidaApertura;$-125,76;$85174,00;$5,76;$0,00;$0,00;$0,00;$0,00;$395,00;$165,00;$290,76;4;
1226;NQ 09-26;Backtest;PROD_Bot_NQ_OvernightDrift_1min_RTH;Long;1;19251,75;19236,50;1/11/2021 16:59:00;2/11/2021 9:32:00;EntradaCierre;SalidaApertura;$-310,76;$84863,24;$5,76;$0,00;$0,00;$0,00;$0,00;$455,00;$45,00;$355,76;4;
1227;NQ 09-26;Backtest;PROD_Bot_NQ_OvernightDrift_1min_RTH;Long;1;19325,00;19336,50;2/11/2021 16:59:00;3/11/2021 9:32:00;EntradaCierre;SalidaApertura;$224,24;$85087,48;$5,76;$0,00;$0,00;$0,00;$0,00;$40,00;$745,00;$520,76;4;
1228;NQ 09-26;Backtest;PROD_Bot_NQ_OvernightDrift_1min_RTH;Long;1;19496,75;19531,25;3/11/2021 16:59:00;4/11/2021 9:32:00;EntradaCierre;SalidaApertura;$684,24;$85771,72;$5,76;$0,00;$0,00;$0,00;$0,00;$30,00;$1010,00;$325,76;4;
1229;NQ 09-26;Backtest;PROD_Bot_NQ_OvernightDrift_1min_RTH;Long;1;19702,00;19770,00;4/11/2021 16:59:00;5/11/2021 9:32:00;EntradaCierre;SalidaApertura;$1354,24;$87125,96;$5,76;$0,00;$0,00;$0,00;$0,00;$50,00;$1600,00;$245,76;4;
1230;NQ 09-26;Backtest;PROD_Bot_NQ_OvernightDrift_1min_RTH;Long;1;19713,25;19709,75;5/11/2021 16:59:00;8/11/2021 9:32:00;EntradaCierre;SalidaApertura;$-75,76;$87050,20;$5,76;$0,00;$0,00;$0,00;$0,00;$325,00;$175,00;$250,76;4;
1231;NQ 09-26;Backtest;PROD_Bot_NQ_OvernightDrift_1min_RTH;Long;1;19689,50;19744,00;8/11/2021 16:59:00;9/11/2021 9:32:00;EntradaCierre;SalidaApertura;$1084,24;$88134,44;$5,76;$0,00;$0,00;$0,00;$0,00;$55,00;$1330,00;$245,76;4;
1232;NQ 09-26;Backtest;PROD_Bot_NQ_OvernightDrift_1min_RTH;Long;1;19561,25;19463,75;9/11/2021 16:59:00;10/11/2021 9:32:00;EntradaCierre;SalidaApertura;$-1955,76;$86178,68;$5,76;$0,00;$0,00;$0,00;$0,00;$2400,00;$55,00;$2010,76;4;
1233;NQ 09-26;Backtest;PROD_Bot_NQ_OvernightDrift_1min_RTH;Long;1;19351,75;19456,00;10/11/2021 16:59:00;11/11/2021 9:32:00;EntradaCierre;SalidaApertura;$2079,24;$88257,92;$5,76;$0,00;$0,00;$0,00;$0,00;$55,00;$2475,00;$395,76;4;
1234;NQ 09-26;Backtest;PROD_Bot_NQ_OvernightDrift_1min_RTH;Long;1;19402,50;19428,00;11/11/2021 16:59:00;12/11/2021 9:32:00;EntradaCierre;SalidaApertura;$504,24;$88762,16;$5,76;$0,00;$0,00;$0,00;$0,00;$30,00;$775,00;$270,76;4;
1235;NQ 09-26;Backtest;PROD_Bot_NQ_OvernightDrift_1min_RTH;Long;1;19567,25;19591,50;12/11/2021 16:59:00;15/11/2021 9:32:00;EntradaCierre;SalidaApertura;$479,24;$89241,40;$5,76;$0,00;$0,00;$0,00;$0,00;$45,00;$820,00;$340,76;4;
1236;NQ 09-26;Backtest;PROD_Bot_NQ_OvernightDrift_1min_RTH;Long;1;19560,50;19516,25;15/11/2021 16:59:00;16/11/2021 9:32:00;EntradaCierre;SalidaApertura;$-890,76;$88350,64;$5,76;$0,00;$0,00;$0,00;$0,00;$900,00;$30,00;$920,76;4;
1237;NQ 09-26;Backtest;PROD_Bot_NQ_OvernightDrift_1min_RTH;Long;1;19658,00;19681,25;16/11/2021 16:59:00;17/11/2021 9:32:00;EntradaCierre;SalidaApertura;$459,24;$88809,88;$5,76;$0,00;$0,00;$0,00;$0,00;$15,00;$590,00;$130,76;4;
1238;NQ 09-26;Backtest;PROD_Bot_NQ_OvernightDrift_1min_RTH;Long;1;19687,50;19748,00;17/11/2021 16:59:00;18/11/2021 9:32:00;EntradaCierre;SalidaApertura;$1204,24;$90014,12;$5,76;$0,00;$0,00;$0,00;$0,00;$25,00;$1600,00;$395,76;4;
1239;NQ 09-26;Backtest;PROD_Bot_NQ_OvernightDrift_1min_RTH;Long;1;19870,75;19906,25;18/11/2021 16:59:00;19/11/2021 9:32:00;EntradaCierre;SalidaApertura;$704,24;$90718,36;$5,76;$0,00;$0,00;$0,00;$0,00;$50,00;$1075,00;$370,76;4;
1240;NQ 09-26;Backtest;PROD_Bot_NQ_OvernightDrift_1min_RTH;Long;1;19951,25;20017,25;19/11/2021 16:59:00;22/11/2021 9:32:00;EntradaCierre;SalidaApertura;$1314,24;$92032,60;$5,76;$0,00;$0,00;$0,00;$0,00;$10,00;$1345,00;$30,76;4;
1241;NQ 09-26;Backtest;PROD_Bot_NQ_OvernightDrift_1min_RTH;Long;1;19759,25;19704,75;22/11/2021 16:59:00;23/11/2021 9:32:00;EntradaCierre;SalidaApertura;$-1095,76;$90936,84;$5,76;$0,00;$0,00;$0,00;$0,00;$1360,00;$100,00;$1195,76;4;
1242;NQ 09-26;Backtest;PROD_Bot_NQ_OvernightDrift_1min_RTH;Long;1;19662,75;19543,00;23/11/2021 16:59:00;24/11/2021 9:32:00;EntradaCierre;SalidaApertura;$-2400,76;$88536,08;$5,76;$0,00;$0,00;$0,00;$0,00;$2405,00;$20,00;$2420,76;4;
1243;NQ 09-26;Backtest;PROD_Bot_NQ_OvernightDrift_1min_RTH;Long;1;19720,75;19752,75;24/11/2021 16:59:00;25/11/2021 9:32:00;EntradaCierre;SalidaApertura;$634,24;$89170,32;$5,76;$0,00;$0,00;$0,00;$0,00;$45,00;$700,00;$65,76;4;
1244;NQ 09-26;Backtest;PROD_Bot_NQ_OvernightDrift_1min_RTH;Long;1;19777,50;19704,00;29/11/2021 16:59:00;30/11/2021 9:32:00;EntradaCierre;SalidaApertura;$-1475,76;$87694,56;$5,76;$0,00;$0,00;$0,00;$0,00;$1670,00;$40,00;$1515,76;4;
1245;NQ 09-26;Backtest;PROD_Bot_NQ_OvernightDrift_1min_RTH;Long;1;19601,25;19688,00;30/11/2021 16:59:00;1/12/2021 9:32:00;EntradaCierre;SalidaApertura;$1729,24;$89423,80;$5,76;$0,00;$0,00;$0,00;$0,00;$85,00;$2350,00;$620,76;4;
1246;NQ 09-26;Backtest;PROD_Bot_NQ_OvernightDrift_1min_RTH;Long;1;19230,25;19210,00;1/12/2021 16:59:00;2/12/2021 9:32:00;EntradaCierre;SalidaApertura;$-410,76;$89013,04;$5,76;$0,00;$0,00;$0,00;$0,00;$1535,00;$75,00;$485,76;4;
1247;NQ 09-26;Backtest;PROD_Bot_NQ_OvernightDrift_1min_RTH;Long;1;19381,00;19390,25;2/12/2021 16:59:00;3/12/2021 9:32:00;EntradaCierre;SalidaApertura;$179,24;$89192,28;$5,76;$0,00;$0,00;$0,00;$0,00;$75,00;$885,00;$705,76;4;
1248;NQ 09-26;Backtest;PROD_Bot_NQ_OvernightDrift_1min_RTH;Long;1;19046,50;19111,75;3/12/2021 16:59:00;6/12/2021 9:32:00;EntradaCierre;SalidaApertura;$1299,24;$90491,52;$5,76;$0,00;$0,00;$0,00;$0,00;$10,00;$1580,00;$280,76;4;
1249;NQ 09-26;Backtest;PROD_Bot_NQ_OvernightDrift_1min_RTH;Long;1;19212,50;19497,25;6/12/2021 16:59:00;7/12/2021 9:32:00;EntradaCierre;SalidaApertura;$5689,24;$96180,76;$5,76;$0,00;$0,00;$0,00;$0,00;$25,00;$5885,00;$195,76;4;
1250;NQ 09-26;Backtest;PROD_Bot_NQ_OvernightDrift_1min_RTH;Long;1;19733,25;19665,50;7/12/2021 16:59:00;8/12/2021 9:32:00;EntradaCierre;SalidaApertura;$-1360,76;$94820,00;$5,76;$0,00;$0,00;$0,00;$0,00;$1465,00;$0,00;$1360,76;4;
1251;NQ 09-26;Backtest;PROD_Bot_NQ_OvernightDrift_1min_RTH;Long;1;19745,00;19709,50;8/12/2021 16:59:00;9/12/2021 9:32:00;EntradaCierre;SalidaApertura;$-715,76;$94104,24;$5,76;$0,00;$0,00;$0,00;$0,00;$835,00;$50,00;$765,76;4;
1252;NQ 09-26;Backtest;PROD_Bot_NQ_OvernightDrift_1min_RTH;Long;1;19523,50;19635,75;9/12/2021 16:59:00;10/12/2021 9:32:00;EntradaCierre;SalidaApertura;$2239,24;$96343,48;$5,76;$0,00;$0,00;$0,00;$0,00;$20,00;$2625,00;$385,76;4;
1253;NQ 09-26;Backtest;PROD_Bot_NQ_OvernightDrift_1min_RTH;Long;1;19685,75;19677,25;10/12/2021 16:59:00;13/12/2021 9:32:00;EntradaCierre;SalidaApertura;$-175,76;$96167,72;$5,76;$0,00;$0,00;$0,00;$0,00;$300,00;$365,00;$540,76;4;
1254;NQ 09-26;Backtest;PROD_Bot_NQ_OvernightDrift_1min_RTH;Long;1;19458,00;19246,75;13/12/2021 16:59:00;14/12/2021 9:32:00;EntradaCierre;SalidaApertura;$-4230,76;$91936,96;$5,76;$0,00;$0,00;$0,00;$0,00;$4740,00;$40,00;$4270,76;4;
1255;NQ 09-26;Backtest;PROD_Bot_NQ_OvernightDrift_1min_RTH;Long;1;19294,25;19281,75;14/12/2021 16:59:00;15/12/2021 9:32:00;EntradaCierre;SalidaApertura;$-255,76;$91681,20;$5,76;$0,00;$0,00;$0,00;$0,00;$670,00;$5,00;$260,76;4;
1256;NQ 09-26;Backtest;PROD_Bot_NQ_OvernightDrift_1min_RTH;Long;1;19652,00;19669,50;15/12/2021 16:59:00;16/12/2021 9:32:00;EntradaCierre;SalidaApertura;$344,24;$92025,44;$5,76;$0,00;$0,00;$0,00;$0,00;$65,00;$905,00;$560,76;4;
1257;NQ 09-26;Backtest;PROD_Bot_NQ_OvernightDrift_1min_RTH;Long;1;19244,50;19072,50;16/12/2021 16:59:00;17/12/2021 9:32:00;EntradaCierre;SalidaApertura;$-3445,76;$88579,68;$5,76;$0,00;$0,00;$0,00;$0,00;$3820,00;$40,00;$3485,76;4;
1258;NQ 09-26;Backtest;PROD_Bot_NQ_OvernightDrift_1min_RTH;Long;1;19191,50;18953,75;17/12/2021 16:59:00;20/12/2021 9:32:00;EntradaCierre;SalidaApertura;$-4760,76;$83818,92;$5,76;$0,00;$0,00;$0,00;$0,00;$5445,00;$35,00;$4795,76;4;
1259;NQ 09-26;Backtest;PROD_Bot_NQ_OvernightDrift_1min_RTH;Long;1;19038,25;19134,25;20/12/2021 16:59:00;21/12/2021 9:32:00;EntradaCierre;SalidaApertura;$1914,24;$85733,16;$5,76;$0,00;$0,00;$0,00;$0,00;$35,00;$2200,00;$285,76;4;
1260;NQ 09-26;Backtest;PROD_Bot_NQ_OvernightDrift_1min_RTH;Long;1;19340,75;19319,00;21/12/2021 16:59:00;22/12/2021 9:32:00;EntradaCierre;SalidaApertura;$-440,76;$85292,40;$5,76;$0,00;$0,00;$0,00;$0,00;$860,00;$0,00;$440,76;4;
1261;NQ 09-26;Backtest;PROD_Bot_NQ_OvernightDrift_1min_RTH;Long;1;19546,50;19548,75;22/12/2021 16:59:00;23/12/2021 9:32:00;EntradaCierre;SalidaApertura;$39,24;$85331,64;$5,76;$0,00;$0,00;$0,00;$0,00;$65,00;$340,00;$300,76;4;
1262;NQ 09-26;Backtest;PROD_Bot_NQ_OvernightDrift_1min_RTH;Long;1;19666,25;19743,25;23/12/2021 16:59:00;27/12/2021 9:32:00;EntradaCierre;SalidaApertura;$1534,24;$86865,88;$5,76;$0,00;$0,00;$0,00;$0,00;$40,00;$1630,00;$95,76;4;
1263;NQ 09-26;Backtest;PROD_Bot_NQ_OvernightDrift_1min_RTH;Long;1;19940,00;19953,25;27/12/2021 16:59:00;28/12/2021 9:32:00;EntradaCierre;SalidaApertura;$259,24;$87125,12;$5,76;$0,00;$0,00;$0,00;$0,00;$110,00;$660,00;$400,76;4;
1264;NQ 09-26;Backtest;PROD_Bot_NQ_OvernightDrift_1min_RTH;Long;1;19878,25;19883,75;28/12/2021 16:59:00;29/12/2021 9:32:00;EntradaCierre;SalidaApertura;$104,24;$87229,36;$5,76;$0,00;$0,00;$0,00;$0,00;$435,00;$355,00;$250,76;4;
1265;NQ 09-26;Backtest;PROD_Bot_NQ_OvernightDrift_1min_RTH;Long;1;19844,25;19848,00;29/12/2021 16:59:00;30/12/2021 9:32:00;EntradaCierre;SalidaApertura;$69,24;$87298,60;$5,76;$0,00;$0,00;$0,00;$0,00;$345,00;$215,00;$145,76;4;
1266;NQ 09-26;Backtest;PROD_Bot_NQ_OvernightDrift_1min_RTH;Long;1;19793,25;19781,50;30/12/2021 16:59:00;31/12/2021 9:32:00;EntradaCierre;SalidaApertura;$-240,76;$87057,84;$5,76;$0,00;$0,00;$0,00;$0,00;$455,00;$75,00;$315,76;4;
1267;NQ 09-26;Backtest;PROD_Bot_NQ_OvernightDrift_1min_RTH;Long;1;19696,75;19769,75;31/12/2021 16:59:00;3/1/2022 9:32:00;EntradaCierre;SalidaApertura;$1454,24;$88512,08;$5,76;$0,00;$0,00;$0,00;$0,00;$35,00;$1610,00;$155,76;4;
1268;NQ 09-26;Backtest;PROD_Bot_NQ_OvernightDrift_1min_RTH;Long;1;19858,25;19859,50;3/1/2022 16:59:00;4/1/2022 9:32:00;EntradaCierre;SalidaApertura;$19,24;$88531,32;$5,76;$0,00;$0,00;$0,00;$0,00;$95,00;$365,00;$345,76;4;
1269;NQ 09-26;Backtest;PROD_Bot_NQ_OvernightDrift_1min_RTH;Long;1;19623,25;19550,50;4/1/2022 16:59:00;5/1/2022 9:32:00;EntradaCierre;SalidaApertura;$-1460,76;$87070,56;$5,76;$0,00;$0,00;$0,00;$0,00;$1615,00;$55,00;$1515,76;4;
1270;NQ 09-26;Backtest;PROD_Bot_NQ_OvernightDrift_1min_RTH;Long;1;19119,25;19071,50;5/1/2022 16:59:00;6/1/2022 9:32:00;EntradaCierre;SalidaApertura;$-960,76;$86109,80;$5,76;$0,00;$0,00;$0,00;$0,00;$1655,00;$20,00;$980,76;4;
1271;NQ 09-26;Backtest;PROD_Bot_NQ_OvernightDrift_1min_RTH;Long;1;19157,00;19116,75;6/1/2022 16:59:00;7/1/2022 9:32:00;EntradaCierre;SalidaApertura;$-810,76;$85299,04;$5,76;$0,00;$0,00;$0,00;$0,00;$1385,00;$40,00;$850,76;4;
1272;NQ 09-26;Backtest;PROD_Bot_NQ_OvernightDrift_1min_RTH;Long;1;18938,25;18759,50;7/1/2022 16:59:00;10/1/2022 9:32:00;EntradaCierre;SalidaApertura;$-3580,76;$81718,28;$5,76;$0,00;$0,00;$0,00;$0,00;$4305,00;$0,00;$3580,76;4;
1273;NQ 09-26;Backtest;PROD_Bot_NQ_OvernightDrift_1min_RTH;Long;1;18977,75;18911,00;10/1/2022 16:59:00;11/1/2022 9:32:00;EntradaCierre;SalidaApertura;$-1340,76;$80377,52;$5,76;$0,00;$0,00;$0,00;$0,00;$1340,00;$110,00;$1450,76;4;
1274;NQ 09-26;Backtest;PROD_Bot_NQ_OvernightDrift_1min_RTH;Long;1;19190,25;19299,75;11/1/2022 16:59:00;12/1/2022 9:32:00;EntradaCierre;SalidaApertura;$2184,24;$82561,76;$5,76;$0,00;$0,00;$0,00;$0,00;$60,00;$2530,00;$345,76;4;
1275;NQ 09-26;Backtest;PROD_Bot_NQ_OvernightDrift_1min_RTH;Long;1;19262,00;19312,50;12/1/2022 16:59:00;13/1/2022 9:32:00;EntradaCierre;SalidaApertura;$1004,24;$83566,00;$5,76;$0,00;$0,00;$0,00;$0,00;$95,00;$1360,00;$355,76;4;
1276;NQ 09-26;Backtest;PROD_Bot_NQ_OvernightDrift_1min_RTH;Long;1;18860,50;18779,00;13/1/2022 16:59:00;14/1/2022 9:32:00;EntradaCierre;SalidaApertura;$-1635,76;$81930,24;$5,76;$0,00;$0,00;$0,00;$0,00;$2325,00;$125,00;$1760,76;4;
1277;NQ 09-26;Backtest;PROD_Bot_NQ_OvernightDrift_1min_RTH;Long;1;18978,00;18969,50;14/1/2022 16:59:00;17/1/2022 9:32:00;EntradaCierre;SalidaApertura;$-175,76;$81754,48;$5,76;$0,00;$0,00;$0,00;$0,00;$395,00;$150,00;$325,76;4;
1278;NQ 09-26;Backtest;PROD_Bot_NQ_OvernightDrift_1min_RTH;Long;1;18605,25;18645,25;18/1/2022 16:59:00;19/1/2022 9:32:00;EntradaCierre;SalidaApertura;$794,24;$82548,72;$5,76;$0,00;$0,00;$0,00;$0,00;$85,00;$1165,00;$370,76;4;
1279;NQ 09-26;Backtest;PROD_Bot_NQ_OvernightDrift_1min_RTH;Long;1;18397,25;18552,75;19/1/2022 16:59:00;20/1/2022 9:32:00;EntradaCierre;SalidaApertura;$3104,24;$85652,96;$5,76;$0,00;$0,00;$0,00;$0,00;$25,00;$3220,00;$115,76;4;
1280;NQ 09-26;Backtest;PROD_Bot_NQ_OvernightDrift_1min_RTH;Long;1;18480,50;18493,75;1/2/2022 16:59:00;2/2/2022 9:32:00;EntradaCierre;SalidaApertura;$259,24;$85912,20;$5,76;$0,00;$0,00;$0,00;$0,00;$35,00;$1125,00;$865,76;4;
1281;NQ 09-26;Backtest;PROD_Bot_NQ_OvernightDrift_1min_RTH;Long;1;18599,00;18547,75;29/3/2022 16:59:00;30/3/2022 9:32:00;EntradaCierre;SalidaApertura;$-1030,76;$84881,44;$5,76;$0,00;$0,00;$0,00;$0,00;$1325,00;$0,00;$1030,76;4;
1282;NQ 09-26;Backtest;PROD_Bot_NQ_OvernightDrift_1min_RTH;Long;1;18530,25;18474,25;4/4/2022 16:59:00;5/4/2022 9:32:00;EntradaCierre;SalidaApertura;$-1125,76;$83755,68;$5,76;$0,00;$0,00;$0,00;$0,00;$1320,00;$0,00;$1125,76;4;
1283;NQ 09-26;Backtest;PROD_Bot_NQ_OvernightDrift_1min_RTH;Long;1;15368,00;15249,75;27/1/2023 16:59:00;30/1/2023 9:32:00;EntradaCierre;SalidaApertura;$-2370,76;$81384,92;$5,76;$0,00;$0,00;$0,00;$0,00;$2890,00;$15,00;$2385,76;4;
1284;NQ 09-26;Backtest;PROD_Bot_NQ_OvernightDrift_1min_RTH;Long;1;15262,00;15293,00;31/1/2023 16:59:00;1/2/2023 9:32:00;EntradaCierre;SalidaApertura;$614,24;$81999,16;$5,76;$0,00;$0,00;$0,00;$0,00;$45,00;$680,00;$65,76;4;
1285;NQ 09-26;Backtest;PROD_Bot_NQ_OvernightDrift_1min_RTH;Long;1;15647,00;15866,00;1/2/2023 16:59:00;2/2/2023 9:32:00;EntradaCierre;SalidaApertura;$4374,24;$86373,40;$5,76;$0,00;$0,00;$0,00;$0,00;$25,00;$4480,00;$105,76;4;
1286;NQ 09-26;Backtest;PROD_Bot_NQ_OvernightDrift_1min_RTH;Long;1;15821,25;15735,25;2/2/2023 16:59:00;3/2/2023 9:32:00;EntradaCierre;SalidaApertura;$-1725,76;$84647,64;$5,76;$0,00;$0,00;$0,00;$0,00;$2335,00;$65,00;$1790,76;4;
1287;NQ 09-26;Backtest;PROD_Bot_NQ_OvernightDrift_1min_RTH;Long;1;15761,75;15667,25;3/2/2023 16:59:00;6/2/2023 9:32:00;EntradaCierre;SalidaApertura;$-1895,76;$82751,88;$5,76;$0,00;$0,00;$0,00;$0,00;$2265,00;$15,00;$1910,76;4;
1288;NQ 09-26;Backtest;PROD_Bot_NQ_OvernightDrift_1min_RTH;Long;1;15658,50;15655,75;6/2/2023 16:59:00;7/2/2023 9:32:00;EntradaCierre;SalidaApertura;$-60,76;$82691,12;$5,76;$0,00;$0,00;$0,00;$0,00;$190,00;$165,00;$225,76;4;
1289;NQ 09-26;Backtest;PROD_Bot_NQ_OvernightDrift_1min_RTH;Long;1;15889,25;15866,75;7/2/2023 16:59:00;8/2/2023 9:32:00;EntradaCierre;SalidaApertura;$-455,76;$82235,36;$5,76;$0,00;$0,00;$0,00;$0,00;$705,00;$10,00;$465,76;4;
1290;NQ 09-26;Backtest;PROD_Bot_NQ_OvernightDrift_1min_RTH;Long;1;15703,50;15850,25;8/2/2023 16:59:00;9/2/2023 9:32:00;EntradaCierre;SalidaApertura;$2929,24;$85164,60;$5,76;$0,00;$0,00;$0,00;$0,00;$15,00;$3420,00;$490,76;4;
1291;NQ 09-26;Backtest;PROD_Bot_NQ_OvernightDrift_1min_RTH;Long;1;15595,50;15519,75;9/2/2023 16:59:00;10/2/2023 9:32:00;EntradaCierre;SalidaApertura;$-1520,76;$83643,84;$5,76;$0,00;$0,00;$0,00;$0,00;$2385,00;$5,00;$1525,76;4;
1292;NQ 09-26;Backtest;PROD_Bot_NQ_OvernightDrift_1min_RTH;Long;1;15489,00;15526,25;10/2/2023 16:59:00;13/2/2023 9:32:00;EntradaCierre;SalidaApertura;$739,24;$84383,08;$5,76;$0,00;$0,00;$0,00;$0,00;$90,00;$1205,00;$465,76;4;
1293;NQ 09-26;Backtest;PROD_Bot_NQ_OvernightDrift_1min_RTH;Long;1;15689,75;15573,50;13/2/2023 16:59:00;14/2/2023 9:32:00;EntradaCierre;SalidaApertura;$-2330,76;$82052,32;$5,76;$0,00;$0,00;$0,00;$0,00;$2365,00;$40,00;$2370,76;4;
1294;NQ 09-26;Backtest;PROD_Bot_NQ_OvernightDrift_1min_RTH;Long;1;15766,75;15715,25;14/2/2023 16:59:00;15/2/2023 9:32:00;EntradaCierre;SalidaApertura;$-1035,76;$81016,56;$5,76;$0,00;$0,00;$0,00;$0,00;$1370,00;$0,00;$1035,76;4;
1295;NQ 09-26;Backtest;PROD_Bot_NQ_OvernightDrift_1min_RTH;Long;1;15891,75;15681,00;15/2/2023 16:59:00;16/2/2023 9:32:00;EntradaCierre;SalidaApertura;$-4220,76;$76795,80;$5,76;$0,00;$0,00;$0,00;$0,00;$4465,00;$75,00;$4295,76;4;
1296;NQ 09-26;Backtest;PROD_Bot_NQ_OvernightDrift_1min_RTH;Long;1;15612,00;15534,00;16/2/2023 16:59:00;17/2/2023 9:32:00;EntradaCierre;SalidaApertura;$-1565,76;$75230,04;$5,76;$0,00;$0,00;$0,00;$0,00;$1860,00;$15,00;$1580,76;4;
1297;NQ 09-26;Backtest;PROD_Bot_NQ_OvernightDrift_1min_RTH;Long;1;15531,00;15538,50;17/2/2023 16:59:00;20/2/2023 9:32:00;EntradaCierre;SalidaApertura;$144,24;$75374,28;$5,76;$0,00;$0,00;$0,00;$0,00;$50,00;$215,00;$70,76;4;
1298;NQ 09-26;Backtest;PROD_Bot_NQ_OvernightDrift_1min_RTH;Long;1;15259,50;15277,50;21/2/2023 16:59:00;22/2/2023 9:32:00;EntradaCierre;SalidaApertura;$354,24;$75728,52;$5,76;$0,00;$0,00;$0,00;$0,00;$50,00;$485,00;$130,76;4;
1299;NQ 09-26;Backtest;PROD_Bot_NQ_OvernightDrift_1min_RTH;Long;1;15313,00;15389,50;22/2/2023 16:59:00;23/2/2023 9:32:00;EntradaCierre;SalidaApertura;$1524,24;$77252,76;$5,76;$0,00;$0,00;$0,00;$0,00;$100,00;$1855,00;$330,76;4;
1300;NQ 09-26;Backtest;PROD_Bot_NQ_OvernightDrift_1min_RTH;Long;1;15338,75;15149,75;23/2/2023 16:59:00;24/2/2023 9:32:00;EntradaCierre;SalidaApertura;$-3785,76;$73467,00;$5,76;$0,00;$0,00;$0,00;$0,00;$4235,00;$35,00;$3820,76;4;
1301;NQ 09-26;Backtest;PROD_Bot_NQ_OvernightDrift_1min_RTH;Long;1;15236,50;15210,25;27/2/2023 16:59:00;28/2/2023 9:32:00;EntradaCierre;SalidaApertura;$-530,76;$72936,24;$5,76;$0,00;$0,00;$0,00;$0,00;$715,00;$100,00;$630,76;4;
1302;NQ 09-26;Backtest;PROD_Bot_NQ_OvernightDrift_1min_RTH;Long;1;15200,75;15267,75;2/3/2023 16:59:00;3/3/2023 9:32:00;EntradaCierre;SalidaApertura;$1334,24;$74270,48;$5,76;$0,00;$0,00;$0,00;$0,00;$95,00;$1685,00;$350,76;4;
1303;NQ 09-26;Backtest;PROD_Bot_NQ_OvernightDrift_1min_RTH;Long;1;15473,75;15518,75;3/3/2023 16:59:00;6/3/2023 9:32:00;EntradaCierre;SalidaApertura;$894,24;$75164,72;$5,76;$0,00;$0,00;$0,00;$0,00;$65,00;$1000,00;$105,76;4;
1304;NQ 09-26;Backtest;PROD_Bot_NQ_OvernightDrift_1min_RTH;Long;1;15467,50;15468,00;6/3/2023 16:59:00;7/3/2023 9:32:00;EntradaCierre;SalidaApertura;$4,24;$75168,96;$5,76;$0,00;$0,00;$0,00;$0,00;$85,00;$130,00;$125,76;4;
1305;NQ 09-26;Backtest;PROD_Bot_NQ_OvernightDrift_1min_RTH;Long;1;15316,75;15352,50;7/3/2023 16:59:00;8/3/2023 9:32:00;EntradaCierre;SalidaApertura;$709,24;$75878,20;$5,76;$0,00;$0,00;$0,00;$0,00;$10,00;$740,00;$30,76;4;
1306;NQ 09-26;Backtest;PROD_Bot_NQ_OvernightDrift_1min_RTH;Long;1;15382,50;15394,00;8/3/2023 16:59:00;9/3/2023 9:32:00;EntradaCierre;SalidaApertura;$224,24;$76102,44;$5,76;$0,00;$0,00;$0,00;$0,00;$15,00;$420,00;$195,76;4;
1307;NQ 09-26;Backtest;PROD_Bot_NQ_OvernightDrift_1min_RTH;Long;1;15345,25;15239,25;14/3/2023 16:59:00;15/3/2023 9:32:00;EntradaCierre;SalidaApertura;$-2125,76;$73976,68;$5,76;$0,00;$0,00;$0,00;$0,00;$2630,00;$150,00;$2275,76;4;
1308;NQ 09-26;Backtest;PROD_Bot_NQ_OvernightDrift_1min_RTH;Long;1;15410,50;15358,50;15/3/2023 16:59:00;16/3/2023 9:32:00;EntradaCierre;SalidaApertura;$-1045,76;$72930,92;$5,76;$0,00;$0,00;$0,00;$0,00;$1055,00;$70,00;$1115,76;4;
1309;NQ 09-26;Backtest;PROD_Bot_NQ_OvernightDrift_1min_RTH;Long;1;15727,25;15731,00;16/3/2023 16:59:00;17/3/2023 9:32:00;EntradaCierre;SalidaApertura;$69,24;$73000,16;$5,76;$0,00;$0,00;$0,00;$0,00;$310,00;$155,00;$85,76;4;
1310;NQ 09-26;Backtest;PROD_Bot_NQ_OvernightDrift_1min_RTH;Long;1;15668,25;15646,50;17/3/2023 16:59:00;20/3/2023 9:32:00;EntradaCierre;SalidaApertura;$-440,76;$72559,40;$5,76;$0,00;$0,00;$0,00;$0,00;$735,00;$10,00;$450,76;4;
1311;NQ 09-26;Backtest;PROD_Bot_NQ_OvernightDrift_1min_RTH;Long;1;15720,25;15806,75;20/3/2023 16:59:00;21/3/2023 9:32:00;EntradaCierre;SalidaApertura;$1724,24;$74283,64;$5,76;$0,00;$0,00;$0,00;$0,00;$110,00;$1850,00;$125,76;4;
1312;NQ 09-26;Backtest;PROD_Bot_NQ_OvernightDrift_1min_RTH;Long;1;15890,75;15884,25;21/3/2023 16:59:00;22/3/2023 9:32:00;EntradaCierre;SalidaApertura;$-135,76;$74147,88;$5,76;$0,00;$0,00;$0,00;$0,00;$175,00;$70,00;$205,76;4;
1313;NQ 09-26;Backtest;PROD_Bot_NQ_OvernightDrift_1min_RTH;Long;1;15719,00;15891,25;22/3/2023 16:59:00;23/3/2023 9:32:00;EntradaCierre;SalidaApertura;$3439,24;$77587,12;$5,76;$0,00;$0,00;$0,00;$0,00;$95,00;$3535,00;$95,76;4;
1314;NQ 09-26;Backtest;PROD_Bot_NQ_OvernightDrift_1min_RTH;Long;1;15888,75;15839,75;23/3/2023 16:59:00;24/3/2023 9:32:00;EntradaCierre;SalidaApertura;$-985,76;$76601,36;$5,76;$0,00;$0,00;$0,00;$0,00;$1110,00;$60,00;$1045,76;4;
1315;NQ 09-26;Backtest;PROD_Bot_NQ_OvernightDrift_1min_RTH;Long;1;15934,75;15930,25;24/3/2023 16:59:00;27/3/2023 9:32:00;EntradaCierre;SalidaApertura;$-95,76;$76505,60;$5,76;$0,00;$0,00;$0,00;$0,00;$270,00;$135,00;$230,76;4;
1316;NQ 09-26;Backtest;PROD_Bot_NQ_OvernightDrift_1min_RTH;Long;1;15829,25;15779,75;27/3/2023 16:59:00;28/3/2023 9:32:00;EntradaCierre;SalidaApertura;$-995,76;$75509,84;$5,76;$0,00;$0,00;$0,00;$0,00;$1090,00;$25,00;$1020,76;4;
1317;NQ 09-26;Backtest;PROD_Bot_NQ_OvernightDrift_1min_RTH;Long;1;15764,75;15907,75;28/3/2023 16:59:00;29/3/2023 9:32:00;EntradaCierre;SalidaApertura;$2854,24;$78364,08;$5,76;$0,00;$0,00;$0,00;$0,00;$25,00;$2920,00;$65,76;4;
1318;NQ 09-26;Backtest;PROD_Bot_NQ_OvernightDrift_1min_RTH;Long;1;15976,75;16067,25;29/3/2023 16:59:00;30/3/2023 9:32:00;EntradaCierre;SalidaApertura;$1804,24;$80168,32;$5,76;$0,00;$0,00;$0,00;$0,00;$75,00;$2105,00;$300,76;4;
1319;NQ 09-26;Backtest;PROD_Bot_NQ_OvernightDrift_1min_RTH;Long;1;16105,25;16109,25;30/3/2023 16:59:00;31/3/2023 9:32:00;EntradaCierre;SalidaApertura;$74,24;$80242,56;$5,76;$0,00;$0,00;$0,00;$0,00;$185,00;$190,00;$115,76;4;
1320;NQ 09-26;Backtest;PROD_Bot_NQ_OvernightDrift_1min_RTH;Long;1;16325,25;16215,75;31/3/2023 16:59:00;3/4/2023 9:32:00;EntradaCierre;SalidaApertura;$-2195,76;$78046,80;$5,76;$0,00;$0,00;$0,00;$0,00;$2200,00;$25,00;$2220,76;4;
1321;NQ 09-26;Backtest;PROD_Bot_NQ_OvernightDrift_1min_RTH;Long;1;16277,50;16297,50;3/4/2023 16:59:00;4/4/2023 9:32:00;EntradaCierre;SalidaApertura;$394,24;$78441,04;$5,76;$0,00;$0,00;$0,00;$0,00;$15,00;$575,00;$180,76;4;
1322;NQ 09-26;Backtest;PROD_Bot_NQ_OvernightDrift_1min_RTH;Long;1;16246,25;16191,75;4/4/2023 16:59:00;5/4/2023 9:32:00;EntradaCierre;SalidaApertura;$-1095,76;$77345,28;$5,76;$0,00;$0,00;$0,00;$0,00;$1440,00;$25,00;$1120,76;4;
1323;NQ 09-26;Backtest;PROD_Bot_NQ_OvernightDrift_1min_RTH;Long;1;16179,75;16056,75;6/4/2023 16:59:00;10/4/2023 9:32:00;EntradaCierre;SalidaApertura;$-2465,76;$74879,52;$5,76;$0,00;$0,00;$0,00;$0,00;$2540,00;$0,00;$2465,76;4;
1324;NQ 09-26;Backtest;PROD_Bot_NQ_OvernightDrift_1min_RTH;Long;1;16182,75;16151,75;10/4/2023 16:59:00;11/4/2023 9:32:00;EntradaCierre;SalidaApertura;$-625,76;$74253,76;$5,76;$0,00;$0,00;$0,00;$0,00;$620,00;$5,00;$630,76;4;
1325;NQ 09-26;Backtest;PROD_Bot_NQ_OvernightDrift_1min_RTH;Long;1;16098,25;16152,75;11/4/2023 16:59:00;12/4/2023 9:32:00;EntradaCierre;SalidaApertura;$1084,24;$75338,00;$5,76;$0,00;$0,00;$0,00;$0,00;$50,00;$1640,00;$555,76;4;
1326;NQ 09-26;Backtest;PROD_Bot_NQ_OvernightDrift_1min_RTH;Long;1;15972,75;16050,25;12/4/2023 16:59:00;13/4/2023 9:32:00;EntradaCierre;SalidaApertura;$1544,24;$76882,24;$5,76;$0,00;$0,00;$0,00;$0,00;$20,00;$1600,00;$55,76;4;
1327;NQ 09-26;Backtest;PROD_Bot_NQ_OvernightDrift_1min_RTH;Long;1;16200,00;16168,75;13/4/2023 16:59:00;14/4/2023 9:32:00;EntradaCierre;SalidaApertura;$-630,76;$76251,48;$5,76;$0,00;$0,00;$0,00;$0,00;$915,00;$0,00;$630,76;4;
1328;NQ 09-26;Backtest;PROD_Bot_NQ_OvernightDrift_1min_RTH;Long;1;16214,75;16168,00;14/4/2023 16:59:00;17/4/2023 9:32:00;EntradaCierre;SalidaApertura;$-940,76;$75310,72;$5,76;$0,00;$0,00;$0,00;$0,00;$1025,00;$25,00;$965,76;4;
1329;NQ 09-26;Backtest;PROD_Bot_NQ_OvernightDrift_1min_RTH;Long;1;16199,25;16281,75;17/4/2023 16:59:00;18/4/2023 9:32:00;EntradaCierre;SalidaApertura;$1644,24;$76954,96;$5,76;$0,00;$0,00;$0,00;$0,00;$75,00;$2010,00;$365,76;4;
1330;NQ 09-26;Backtest;PROD_Bot_NQ_OvernightDrift_1min_RTH;Long;1;16205,75;16110,25;18/4/2023 16:59:00;19/4/2023 9:32:00;EntradaCierre;SalidaApertura;$-1915,76;$75039,20;$5,76;$0,00;$0,00;$0,00;$0,00;$2190,00;$5,00;$1920,76;4;
1331;NQ 09-26;Backtest;PROD_Bot_NQ_OvernightDrift_1min_RTH;Long;1;16183,25;16079,25;19/4/2023 16:59:00;20/4/2023 9:32:00;EntradaCierre;SalidaApertura;$-2085,76;$72953,44;$5,76;$0,00;$0,00;$0,00;$0,00;$2425,00;$75,00;$2160,76;4;
1332;NQ 09-26;Backtest;PROD_Bot_NQ_OvernightDrift_1min_RTH;Long;1;16106,00;16062,25;20/4/2023 16:59:00;21/4/2023 9:32:00;EntradaCierre;SalidaApertura;$-880,76;$72072,68;$5,76;$0,00;$0,00;$0,00;$0,00;$900,00;$15,00;$895,76;4;
1333;NQ 09-26;Backtest;PROD_Bot_NQ_OvernightDrift_1min_RTH;Long;1;16093,75;16090,25;21/4/2023 16:59:00;24/4/2023 9:32:00;EntradaCierre;SalidaApertura;$-75,76;$71996,92;$5,76;$0,00;$0,00;$0,00;$0,00;$210,00;$35,00;$110,76;4;
1334;NQ 09-26;Backtest;PROD_Bot_NQ_OvernightDrift_1min_RTH;Long;1;16067,00;16004,75;24/4/2023 16:59:00;25/4/2023 9:32:00;EntradaCierre;SalidaApertura;$-1250,76;$70746,16;$5,76;$0,00;$0,00;$0,00;$0,00;$1415,00;$20,00;$1270,76;4;
1335;NQ 09-26;Backtest;PROD_Bot_NQ_OvernightDrift_1min_RTH;Long;1;15933,50;15949,50;25/4/2023 16:59:00;26/4/2023 9:32:00;EntradaCierre;SalidaApertura;$314,24;$71060,40;$5,76;$0,00;$0,00;$0,00;$0,00;$60,00;$785,00;$470,76;4;
1336;NQ 09-26;Backtest;PROD_Bot_NQ_OvernightDrift_1min_RTH;Long;1;15974,00;16044,25;26/4/2023 16:59:00;27/4/2023 9:32:00;EntradaCierre;SalidaApertura;$1399,24;$72459,64;$5,76;$0,00;$0,00;$0,00;$0,00;$35,00;$1725,00;$325,76;4;
1337;NQ 09-26;Backtest;PROD_Bot_NQ_OvernightDrift_1min_RTH;Long;1;16280,75;16253,75;27/4/2023 16:59:00;28/4/2023 9:32:00;EntradaCierre;SalidaApertura;$-545,76;$71913,88;$5,76;$0,00;$0,00;$0,00;$0,00;$1070,00;$20,00;$565,76;4;
1338;NQ 09-26;Backtest;PROD_Bot_NQ_OvernightDrift_1min_RTH;Long;1;16344,25;16319,75;28/4/2023 16:59:00;1/5/2023 9:32:00;EntradaCierre;SalidaApertura;$-495,76;$71418,12;$5,76;$0,00;$0,00;$0,00;$0,00;$625,00;$10,00;$505,76;4;
1339;NQ 09-26;Backtest;PROD_Bot_NQ_OvernightDrift_1min_RTH;Long;1;16302,75;16302,50;1/5/2023 16:59:00;2/5/2023 9:32:00;EntradaCierre;SalidaApertura;$-10,76;$71407,36;$5,76;$0,00;$0,00;$0,00;$0,00;$35,00;$295,00;$305,76;4;
1340;NQ 09-26;Backtest;PROD_Bot_NQ_OvernightDrift_1min_RTH;Long;1;16184,25;16216,75;2/5/2023 16:59:00;3/5/2023 9:32:00;EntradaCierre;SalidaApertura;$644,24;$72051,60;$5,76;$0,00;$0,00;$0,00;$0,00;$25,00;$685,00;$40,76;4;
1341;NQ 09-26;Backtest;PROD_Bot_NQ_OvernightDrift_1min_RTH;Long;1;16098,75;16083,50;3/5/2023 16:59:00;4/5/2023 9:32:00;EntradaCierre;SalidaApertura;$-310,76;$71740,84;$5,76;$0,00;$0,00;$0,00;$0,00;$305,00;$155,00;$465,76;4;
1342;NQ 09-26;Backtest;PROD_Bot_NQ_OvernightDrift_1min_RTH;Long;1;16066,00;16144,75;4/5/2023 16:59:00;5/5/2023 9:32:00;EntradaCierre;SalidaApertura;$1569,24;$73310,08;$5,76;$0,00;$0,00;$0,00;$0,00;$175,00;$1850,00;$280,76;4;
1343;NQ 09-26;Backtest;PROD_Bot_NQ_OvernightDrift_1min_RTH;Long;1;16326,75;16316,75;5/5/2023 16:59:00;8/5/2023 9:32:00;EntradaCierre;SalidaApertura;$-205,76;$73104,32;$5,76;$0,00;$0,00;$0,00;$0,00;$220,00;$20,00;$225,76;4;
1344;NQ 09-26;Backtest;PROD_Bot_NQ_OvernightDrift_1min_RTH;Long;1;16354,25;16302,25;8/5/2023 16:59:00;9/5/2023 9:32:00;EntradaCierre;SalidaApertura;$-1045,76;$72058,56;$5,76;$0,00;$0,00;$0,00;$0,00;$1175,00;$0,00;$1045,76;4;
1345;NQ 09-26;Backtest;PROD_Bot_NQ_OvernightDrift_1min_RTH;Long;1;16277,25;16388,50;9/5/2023 16:59:00;10/5/2023 9:32:00;EntradaCierre;SalidaApertura;$2219,24;$74277,80;$5,76;$0,00;$0,00;$0,00;$0,00;$35,00;$2295,00;$75,76;4;
1346;NQ 09-26;Backtest;PROD_Bot_NQ_OvernightDrift_1min_RTH;Long;1;16425,50;16439,00;10/5/2023 16:59:00;11/5/2023 9:32:00;EntradaCierre;SalidaApertura;$264,24;$74542,04;$5,76;$0,00;$0,00;$0,00;$0,00;$45,00;$470,00;$205,76;4;
1347;NQ 09-26;Backtest;PROD_Bot_NQ_OvernightDrift_1min_RTH;Long;1;16463,75;16482,75;11/5/2023 16:59:00;12/5/2023 9:32:00;EntradaCierre;SalidaApertura;$374,24;$74916,28;$5,76;$0,00;$0,00;$0,00;$0,00;$40,00;$565,00;$190,76;4;
1348;NQ 09-26;Backtest;PROD_Bot_NQ_OvernightDrift_1min_RTH;Long;1;16388,25;16418,25;12/5/2023 16:59:00;15/5/2023 9:32:00;EntradaCierre;SalidaApertura;$594,24;$75510,52;$5,76;$0,00;$0,00;$0,00;$0,00;$45,00;$940,00;$345,76;4;
1349;NQ 09-26;Backtest;PROD_Bot_NQ_OvernightDrift_1min_RTH;Long;1;16478,50;16469,00;15/5/2023 16:59:00;16/5/2023 9:32:00;EntradaCierre;SalidaApertura;$-195,76;$75314,76;$5,76;$0,00;$0,00;$0,00;$0,00;$565,00;$25,00;$220,76;4;
1350;NQ 09-26;Backtest;PROD_Bot_NQ_OvernightDrift_1min_RTH;Long;1;16521,00;16547,75;16/5/2023 16:59:00;17/5/2023 9:32:00;EntradaCierre;SalidaApertura;$529,24;$75844,00;$5,76;$0,00;$0,00;$0,00;$0,00;$90,00;$680,00;$150,76;4;
1351;NQ 09-26;Backtest;PROD_Bot_NQ_OvernightDrift_1min_RTH;Long;1;16657,25;16679,50;17/5/2023 16:59:00;18/5/2023 9:32:00;EntradaCierre;SalidaApertura;$439,24;$76283,24;$5,76;$0,00;$0,00;$0,00;$0,00;$25,00;$535,00;$95,76;4;
1352;NQ 09-26;Backtest;PROD_Bot_NQ_OvernightDrift_1min_RTH;Long;1;16927,00;16915,25;18/5/2023 16:59:00;19/5/2023 9:32:00;EntradaCierre;SalidaApertura;$-240,76;$76042,48;$5,76;$0,00;$0,00;$0,00;$0,00;$370,00;$25,00;$265,76;4;
1353;NQ 09-26;Backtest;PROD_Bot_NQ_OvernightDrift_1min_RTH;Long;1;16859,00;16874,75;19/5/2023 16:59:00;22/5/2023 9:32:00;EntradaCierre;SalidaApertura;$309,24;$76351,72;$5,76;$0,00;$0,00;$0,00;$0,00;$95,00;$430,00;$120,76;4;
1354;NQ 09-26;Backtest;PROD_Bot_NQ_OvernightDrift_1min_RTH;Long;1;16932,75;16845,00;22/5/2023 16:59:00;23/5/2023 9:32:00;EntradaCierre;SalidaApertura;$-1760,76;$74590,96;$5,76;$0,00;$0,00;$0,00;$0,00;$1895,00;$0,00;$1760,76;4;
1355;NQ 09-26;Backtest;PROD_Bot_NQ_OvernightDrift_1min_RTH;Long;1;16749,25;16650,50;23/5/2023 16:59:00;24/5/2023 9:32:00;EntradaCierre;SalidaApertura;$-1980,76;$72610,20;$5,76;$0,00;$0,00;$0,00;$0,00;$2160,00;$60,00;$2040,76;4;
1356;NQ 09-26;Backtest;PROD_Bot_NQ_OvernightDrift_1min_RTH;Long;1;16855,00;16944,00;24/5/2023 16:59:00;25/5/2023 9:32:00;EntradaCierre;SalidaApertura;$1774,24;$74384,44;$5,76;$0,00;$0,00;$0,00;$0,00;$30,00;$2530,00;$755,76;4;
1357;NQ 09-26;Backtest;PROD_Bot_NQ_OvernightDrift_1min_RTH;Long;1;16995,00;17041,75;25/5/2023 16:59:00;26/5/2023 9:32:00;EntradaCierre;SalidaApertura;$929,24;$75313,68;$5,76;$0,00;$0,00;$0,00;$0,00;$20,00;$1000,00;$70,76;4;
1358;NQ 09-26;Backtest;PROD_Bot_NQ_OvernightDrift_1min_RTH;Long;1;17379,25;17392,75;26/5/2023 16:59:00;29/5/2023 9:32:00;EntradaCierre;SalidaApertura;$264,24;$75577,92;$5,76;$0,00;$0,00;$0,00;$0,00;$35,00;$305,00;$40,76;4;
1359;NQ 09-26;Backtest;PROD_Bot_NQ_OvernightDrift_1min_RTH;Long;1;17427,50;17353,50;30/5/2023 16:59:00;31/5/2023 9:32:00;EntradaCierre;SalidaApertura;$-1485,76;$74092,16;$5,76;$0,00;$0,00;$0,00;$0,00;$1755,00;$5,00;$1490,76;4;
1360;NQ 09-26;Backtest;PROD_Bot_NQ_OvernightDrift_1min_RTH;Long;1;17307,00;17319,00;31/5/2023 16:59:00;1/6/2023 9:32:00;EntradaCierre;SalidaApertura;$234,24;$74326,40;$5,76;$0,00;$0,00;$0,00;$0,00;$85,00;$290,00;$55,76;4;
1361;NQ 09-26;Backtest;PROD_Bot_NQ_OvernightDrift_1min_RTH;Long;1;17512,75;17595,25;1/6/2023 16:59:00;2/6/2023 9:32:00;EntradaCierre;SalidaApertura;$1644,24;$75970,64;$5,76;$0,00;$0,00;$0,00;$0,00;$25,00;$1785,00;$140,76;4;
1362;NQ 09-26;Backtest;PROD_Bot_NQ_OvernightDrift_1min_RTH;Long;1;17603,50;17595,75;2/6/2023 16:59:00;5/6/2023 9:32:00;EntradaCierre;SalidaApertura;$-160,76;$75809,88;$5,76;$0,00;$0,00;$0,00;$0,00;$400,00;$25,00;$185,76;4;
1363;NQ 09-26;Backtest;PROD_Bot_NQ_OvernightDrift_1min_RTH;Long;1;17603,50;17558,25;5/6/2023 16:59:00;6/6/2023 9:32:00;EntradaCierre;SalidaApertura;$-910,76;$74899,12;$5,76;$0,00;$0,00;$0,00;$0,00;$1000,00;$0,00;$910,76;4;
1364;NQ 09-26;Backtest;PROD_Bot_NQ_OvernightDrift_1min_RTH;Long;1;17609,00;17641,00;6/6/2023 16:59:00;7/6/2023 9:32:00;EntradaCierre;SalidaApertura;$634,24;$75533,36;$5,76;$0,00;$0,00;$0,00;$0,00;$30,00;$705,00;$70,76;4;
1365;NQ 09-26;Backtest;PROD_Bot_NQ_OvernightDrift_1min_RTH;Long;1;17335,25;17364,00;7/6/2023 16:59:00;8/6/2023 9:32:00;EntradaCierre;SalidaApertura;$569,24;$76102,60;$5,76;$0,00;$0,00;$0,00;$0,00;$85,00;$675,00;$105,76;4;
1366;NQ 09-26;Backtest;PROD_Bot_NQ_OvernightDrift_1min_RTH;Long;1;17535,25;17573,00;8/6/2023 16:59:00;9/6/2023 9:32:00;EntradaCierre;SalidaApertura;$749,24;$76851,84;$5,76;$0,00;$0,00;$0,00;$0,00;$15,00;$1420,00;$670,76;4;
1367;NQ 09-26;Backtest;PROD_Bot_NQ_OvernightDrift_1min_RTH;Long;1;17582,75;17641,25;9/6/2023 16:59:00;12/6/2023 9:32:00;EntradaCierre;SalidaApertura;$1164,24;$78016,08;$5,76;$0,00;$0,00;$0,00;$0,00;$60,00;$1515,00;$350,76;4;
1368;NQ 09-26;Backtest;PROD_Bot_NQ_OvernightDrift_1min_RTH;Long;1;17848,75;17931,75;12/6/2023 16:59:00;13/6/2023 9:32:00;EntradaCierre;SalidaApertura;$1654,24;$79670,32;$5,76;$0,00;$0,00;$0,00;$0,00;$25,00;$2020,00;$365,76;4;
1369;NQ 09-26;Backtest;PROD_Bot_NQ_OvernightDrift_1min_RTH;Long;1;17950,25;17914,25;13/6/2023 16:59:00;14/6/2023 9:32:00;EntradaCierre;SalidaApertura;$-725,76;$78944,56;$5,76;$0,00;$0,00;$0,00;$0,00;$720,00;$0,00;$725,76;4;
1370;NQ 09-26;Backtest;PROD_Bot_NQ_OvernightDrift_1min_RTH;Long;1;18068,25;17991,00;14/6/2023 16:59:00;15/6/2023 9:32:00;EntradaCierre;SalidaApertura;$-1550,76;$77393,80;$5,76;$0,00;$0,00;$0,00;$0,00;$1980,00;$110,00;$1660,76;4;
1371;NQ 09-26;Backtest;PROD_Bot_NQ_OvernightDrift_1min_RTH;Long;1;18209,50;18288,50;15/6/2023 16:59:00;16/6/2023 9:32:00;EntradaCierre;SalidaApertura;$1574,24;$78968,04;$5,76;$0,00;$0,00;$0,00;$0,00;$65,00;$2105,00;$530,76;4;
1372;NQ 09-26;Backtest;PROD_Bot_NQ_OvernightDrift_1min_RTH;Long;1;18138,00;18086,50;16/6/2023 16:59:00;19/6/2023 9:32:00;EntradaCierre;SalidaApertura;$-1035,76;$77932,28;$5,76;$0,00;$0,00;$0,00;$0,00;$1040,00;$50,00;$1085,76;4;
1373;NQ 09-26;Backtest;PROD_Bot_NQ_OvernightDrift_1min_RTH;Long;1;18085,00;18018,00;20/6/2023 16:59:00;21/6/2023 9:32:00;EntradaCierre;SalidaApertura;$-1345,76;$76586,52;$5,76;$0,00;$0,00;$0,00;$0,00;$1355,00;$5,00;$1350,76;4;
1374;NQ 09-26;Backtest;PROD_Bot_NQ_OvernightDrift_1min_RTH;Long;1;17876,25;17814,25;21/6/2023 16:59:00;22/6/2023 9:32:00;EntradaCierre;SalidaApertura;$-1245,76;$75340,76;$5,76;$0,00;$0,00;$0,00;$0,00;$1460,00;$50,00;$1295,76;4;
1375;NQ 09-26;Backtest;PROD_Bot_NQ_OvernightDrift_1min_RTH;Long;1;18075,50;17886,50;22/6/2023 16:59:00;23/6/2023 9:32:00;EntradaCierre;SalidaApertura;$-3785,76;$71555,00;$5,76;$0,00;$0,00;$0,00;$0,00;$3990,00;$15,00;$3800,76;4;
1376;NQ 09-26;Backtest;PROD_Bot_NQ_OvernightDrift_1min_RTH;Long;1;17896,25;17879,25;23/6/2023 16:59:00;26/6/2023 9:32:00;EntradaCierre;SalidaApertura;$-345,76;$71209,24;$5,76;$0,00;$0,00;$0,00;$0,00;$640,00;$0,00;$345,76;4;
1377;NQ 09-26;Backtest;PROD_Bot_NQ_OvernightDrift_1min_RTH;Long;1;17714,50;17767,50;26/6/2023 16:59:00;27/6/2023 9:32:00;EntradaCierre;SalidaApertura;$1054,24;$72263,48;$5,76;$0,00;$0,00;$0,00;$0,00;$75,00;$1155,00;$100,76;4;
1378;NQ 09-26;Backtest;PROD_Bot_NQ_OvernightDrift_1min_RTH;Long;1;17932,00;17886,50;27/6/2023 16:59:00;28/6/2023 9:32:00;EntradaCierre;SalidaApertura;$-915,76;$71347,72;$5,76;$0,00;$0,00;$0,00;$0,00;$1305,00;$0,00;$915,76;4;
1379;NQ 09-26;Backtest;PROD_Bot_NQ_OvernightDrift_1min_RTH;Long;1;17996,00;17960,00;28/6/2023 16:59:00;29/6/2023 9:32:00;EntradaCierre;SalidaApertura;$-725,76;$70621,96;$5,76;$0,00;$0,00;$0,00;$0,00;$940,00;$20,00;$745,76;4;
1380;NQ 09-26;Backtest;PROD_Bot_NQ_OvernightDrift_1min_RTH;Long;1;17950,00;18079,00;29/6/2023 16:59:00;30/6/2023 9:32:00;EntradaCierre;SalidaApertura;$2574,24;$73196,20;$5,76;$0,00;$0,00;$0,00;$0,00;$50,00;$2885,00;$310,76;4;
1381;NQ 09-26;Backtest;PROD_Bot_NQ_OvernightDrift_1min_RTH;Long;1;18156,75;18187,75;30/6/2023 16:59:00;3/7/2023 9:32:00;EntradaCierre;SalidaApertura;$614,24;$73810,44;$5,76;$0,00;$0,00;$0,00;$0,00;$40,00;$765,00;$150,76;4;
1382;NQ 09-26;Backtest;PROD_Bot_NQ_OvernightDrift_1min_RTH;Long;1;18195,00;18043,00;5/7/2023 16:59:00;6/7/2023 9:32:00;EntradaCierre;SalidaApertura;$-3045,76;$70764,68;$5,76;$0,00;$0,00;$0,00;$0,00;$3510,00;$10,00;$3055,76;4;
1383;NQ 09-26;Backtest;PROD_Bot_NQ_OvernightDrift_1min_RTH;Long;1;18061,50;18055,25;6/7/2023 16:59:00;7/7/2023 9:32:00;EntradaCierre;SalidaApertura;$-130,76;$70633,92;$5,76;$0,00;$0,00;$0,00;$0,00;$260,00;$165,00;$295,76;4;
1384;NQ 09-26;Backtest;PROD_Bot_NQ_OvernightDrift_1min_RTH;Long;1;18031,75;18041,25;7/7/2023 16:59:00;10/7/2023 9:32:00;EntradaCierre;SalidaApertura;$184,24;$70818,16;$5,76;$0,00;$0,00;$0,00;$0,00;$505,00;$250,00;$65,76;4;
1385;NQ 09-26;Backtest;PROD_Bot_NQ_OvernightDrift_1min_RTH;Long;1;18033,75;18035,25;10/7/2023 16:59:00;11/7/2023 9:32:00;EntradaCierre;SalidaApertura;$24,24;$70842,40;$5,76;$0,00;$0,00;$0,00;$0,00;$60,00;$365,00;$340,76;4;
1386;NQ 09-26;Backtest;PROD_Bot_NQ_OvernightDrift_1min_RTH;Long;1;18102,50;18263,00;11/7/2023 16:59:00;12/7/2023 9:32:00;EntradaCierre;SalidaApertura;$3204,24;$74046,64;$5,76;$0,00;$0,00;$0,00;$0,00;$20,00;$3475,00;$270,76;4;
1387;NQ 09-26;Backtest;PROD_Bot_NQ_OvernightDrift_1min_RTH;Long;1;18298,75;18391,75;12/7/2023 16:59:00;13/7/2023 9:32:00;EntradaCierre;SalidaApertura;$1854,24;$75900,88;$5,76;$0,00;$0,00;$0,00;$0,00;$40,00;$2425,00;$570,76;4;
1388;NQ 09-26;Backtest;PROD_Bot_NQ_OvernightDrift_1min_RTH;Long;1;18539,50;18586,75;13/7/2023 16:59:00;14/7/2023 9:32:00;EntradaCierre;SalidaApertura;$939,24;$76840,12;$5,76;$0,00;$0,00;$0,00;$0,00;$55,00;$1080,00;$140,76;4;
1389;NQ 09-26;Backtest;PROD_Bot_NQ_OvernightDrift_1min_RTH;Long;1;18535,25;18595,25;14/7/2023 16:59:00;17/7/2023 9:32:00;EntradaCierre;SalidaApertura;$1194,24;$78034,36;$5,76;$0,00;$0,00;$0,00;$0,00;$60,00;$1230,00;$35,76;4;
1390;NQ 09-26;Backtest;PROD_Bot_NQ_OvernightDrift_1min_RTH;Long;1;18665,00;18628,50;17/7/2023 16:59:00;18/7/2023 9:32:00;EntradaCierre;SalidaApertura;$-735,76;$77298,60;$5,76;$0,00;$0,00;$0,00;$0,00;$735,00;$40,00;$775,76;4;
1391;NQ 09-26;Backtest;PROD_Bot_NQ_OvernightDrift_1min_RTH;Long;1;18789,00;18860,00;18/7/2023 16:59:00;19/7/2023 9:32:00;EntradaCierre;SalidaApertura;$1414,24;$78712,84;$5,76;$0,00;$0,00;$0,00;$0,00;$45,00;$1470,00;$55,76;4;
1392;NQ 09-26;Backtest;PROD_Bot_NQ_OvernightDrift_1min_RTH;Long;1;18784,50;18682,50;19/7/2023 16:59:00;20/7/2023 9:32:00;EntradaCierre;SalidaApertura;$-2045,76;$76667,08;$5,76;$0,00;$0,00;$0,00;$0,00;$2270,00;$0,00;$2045,76;4;
1393;NQ 09-26;Backtest;PROD_Bot_NQ_OvernightDrift_1min_RTH;Long;1;18439,25;18502,75;20/7/2023 16:59:00;21/7/2023 9:32:00;EntradaCierre;SalidaApertura;$1264,24;$77931,32;$5,76;$0,00;$0,00;$0,00;$0,00;$80,00;$1775,00;$510,76;4;
1394;NQ 09-26;Backtest;PROD_Bot_NQ_OvernightDrift_1min_RTH;Long;1;18394,50;18445,75;21/7/2023 16:59:00;24/7/2023 9:32:00;EntradaCierre;SalidaApertura;$1019,24;$78950,56;$5,76;$0,00;$0,00;$0,00;$0,00;$50,00;$1040,00;$20,76;4;
1395;NQ 09-26;Backtest;PROD_Bot_NQ_OvernightDrift_1min_RTH;Long;1;18411,50;18434,75;24/7/2023 16:59:00;25/7/2023 9:32:00;EntradaCierre;SalidaApertura;$459,24;$79409,80;$5,76;$0,00;$0,00;$0,00;$0,00;$80,00;$715,00;$255,76;4;
1396;NQ 09-26;Backtest;PROD_Bot_NQ_OvernightDrift_1min_RTH;Long;1;18560,00;18476,25;25/7/2023 16:59:00;26/7/2023 9:32:00;EntradaCierre;SalidaApertura;$-1680,76;$77729,04;$5,76;$0,00;$0,00;$0,00;$0,00;$2180,00;$125,00;$1805,76;4;
1397;NQ 09-26;Backtest;PROD_Bot_NQ_OvernightDrift_1min_RTH;Long;1;18465,50;18668,50;26/7/2023 16:59:00;27/7/2023 9:32:00;EntradaCierre;SalidaApertura;$4054,24;$81783,28;$5,76;$0,00;$0,00;$0,00;$0,00;$35,00;$4400,00;$345,76;4;
1398;NQ 09-26;Backtest;PROD_Bot_NQ_OvernightDrift_1min_RTH;Long;1;18424,00;18568,50;27/7/2023 16:59:00;28/7/2023 9:32:00;EntradaCierre;SalidaApertura;$2884,24;$84667,52;$5,76;$0,00;$0,00;$0,00;$0,00;$35,00;$3070,00;$185,76;4;
1399;NQ 09-26;Backtest;PROD_Bot_NQ_OvernightDrift_1min_RTH;Long;1;18686,00;18706,00;28/7/2023 16:59:00;31/7/2023 9:32:00;EntradaCierre;SalidaApertura;$394,24;$85061,76;$5,76;$0,00;$0,00;$0,00;$0,00;$100,00;$695,00;$300,76;4;
1400;NQ 09-26;Backtest;PROD_Bot_NQ_OvernightDrift_1min_RTH;Long;1;18709,00;18620,25;31/7/2023 16:59:00;1/8/2023 9:32:00;EntradaCierre;SalidaApertura;$-1780,76;$83281,00;$5,76;$0,00;$0,00;$0,00;$0,00;$1875,00;$10,00;$1790,76;4;
1401;NQ 09-26;Backtest;PROD_Bot_NQ_OvernightDrift_1min_RTH;Long;1;18649,75;18493,00;1/8/2023 16:59:00;2/8/2023 9:32:00;EntradaCierre;SalidaApertura;$-3140,76;$80140,24;$5,76;$0,00;$0,00;$0,00;$0,00;$3250,00;$30,00;$3170,76;4;
1402;NQ 09-26;Backtest;PROD_Bot_NQ_OvernightDrift_1min_RTH;Long;1;18292,00;18217,50;2/8/2023 16:59:00;3/8/2023 9:32:00;EntradaCierre;SalidaApertura;$-1495,76;$78644,48;$5,76;$0,00;$0,00;$0,00;$0,00;$1905,00;$0,00;$1495,76;4;
1403;NQ 09-26;Backtest;PROD_Bot_NQ_OvernightDrift_1min_RTH;Long;1;18289,50;18357,25;3/8/2023 16:59:00;4/8/2023 9:32:00;EntradaCierre;SalidaApertura;$1349,24;$79993,72;$5,76;$0,00;$0,00;$0,00;$0,00;$55,00;$1410,00;$60,76;4;
1404;NQ 09-26;Backtest;PROD_Bot_NQ_OvernightDrift_1min_RTH;Long;1;18204,75;18301,00;4/8/2023 16:59:00;7/8/2023 9:32:00;EntradaCierre;SalidaApertura;$1919,24;$81912,96;$5,76;$0,00;$0,00;$0,00;$0,00;$55,00;$1960,00;$40,76;4;
1405;NQ 09-26;Backtest;PROD_Bot_NQ_OvernightDrift_1min_RTH;Long;1;18331,75;18210,50;7/8/2023 16:59:00;8/8/2023 9:32:00;EntradaCierre;SalidaApertura;$-2430,76;$79482,20;$5,76;$0,00;$0,00;$0,00;$0,00;$2795,00;$0,00;$2430,76;4;
1406;NQ 09-26;Backtest;PROD_Bot_NQ_OvernightDrift_1min_RTH;Long;1;18190,25;18190,00;8/8/2023 16:59:00;9/8/2023 9:32:00;EntradaCierre;SalidaApertura;$-10,76;$79471,44;$5,76;$0,00;$0,00;$0,00;$0,00;$60,00;$320,00;$330,76;4;
1407;NQ 09-26;Backtest;PROD_Bot_NQ_OvernightDrift_1min_RTH;Long;1;18040,75;18128,25;9/8/2023 16:59:00;10/8/2023 9:32:00;EntradaCierre;SalidaApertura;$1744,24;$81215,68;$5,76;$0,00;$0,00;$0,00;$0,00;$15,00;$2100,00;$355,76;4;
1408;NQ 09-26;Backtest;PROD_Bot_NQ_OvernightDrift_1min_RTH;Long;1;18056,25;17917,25;10/8/2023 16:59:00;11/8/2023 9:32:00;EntradaCierre;SalidaApertura;$-2785,76;$78429,92;$5,76;$0,00;$0,00;$0,00;$0,00;$2970,00;$15,00;$2800,76;4;
1409;NQ 09-26;Backtest;PROD_Bot_NQ_OvernightDrift_1min_RTH;Long;1;17947,75;17889,75;11/8/2023 16:59:00;14/8/2023 9:32:00;EntradaCierre;SalidaApertura;$-1165,76;$77264,16;$5,76;$0,00;$0,00;$0,00;$0,00;$1215,00;$0,00;$1165,76;4;
1410;NQ 09-26;Backtest;PROD_Bot_NQ_OvernightDrift_1min_RTH;Long;1;18119,25;18063,00;14/8/2023 16:59:00;15/8/2023 9:32:00;EntradaCierre;SalidaApertura;$-1130,76;$76133,40;$5,76;$0,00;$0,00;$0,00;$0,00;$1275,00;$40,00;$1170,76;4;
1411;NQ 09-26;Backtest;PROD_Bot_NQ_OvernightDrift_1min_RTH;Long;1;17950,75;17919,50;15/8/2023 16:59:00;16/8/2023 9:32:00;EntradaCierre;SalidaApertura;$-630,76;$75502,64;$5,76;$0,00;$0,00;$0,00;$0,00;$740,00;$10,00;$640,76;4;
1412;NQ 09-26;Backtest;PROD_Bot_NQ_OvernightDrift_1min_RTH;Long;1;17777,75;17836,75;16/8/2023 16:59:00;17/8/2023 9:32:00;EntradaCierre;SalidaApertura;$1174,24;$76676,88;$5,76;$0,00;$0,00;$0,00;$0,00;$70,00;$1380,00;$205,76;4;
1413;NQ 09-26;Backtest;PROD_Bot_NQ_OvernightDrift_1min_RTH;Long;1;17583,75;17487,25;17/8/2023 16:59:00;18/8/2023 9:32:00;EntradaCierre;SalidaApertura;$-1935,76;$74741,12;$5,76;$0,00;$0,00;$0,00;$0,00;$2420,00;$15,00;$1950,76;4;
1414;NQ 09-26;Backtest;PROD_Bot_NQ_OvernightDrift_1min_RTH;Long;1;17584,00;17652,50;18/8/2023 16:59:00;21/8/2023 9:32:00;EntradaCierre;SalidaApertura;$1364,24;$76105,36;$5,76;$0,00;$0,00;$0,00;$0,00;$20,00;$1560,00;$195,76;4;
1415;NQ 09-26;Backtest;PROD_Bot_NQ_OvernightDrift_1min_RTH;Long;1;17812,25;17910,75;21/8/2023 16:59:00;22/8/2023 9:32:00;EntradaCierre;SalidaApertura;$1964,24;$78069,60;$5,76;$0,00;$0,00;$0,00;$0,00;$50,00;$2385,00;$420,76;4;
1416;NQ 09-26;Backtest;PROD_Bot_NQ_OvernightDrift_1min_RTH;Long;1;17802,50;17859,25;22/8/2023 16:59:00;23/8/2023 9:32:00;EntradaCierre;SalidaApertura;$1129,24;$79198,84;$5,76;$0,00;$0,00;$0,00;$0,00;$10,00;$1270,00;$140,76;4;
1417;NQ 09-26;Backtest;PROD_Bot_NQ_OvernightDrift_1min_RTH;Long;1;18185,75;18153,75;23/8/2023 16:59:00;24/8/2023 9:32:00;EntradaCierre;SalidaApertura;$-645,76;$78553,08;$5,76;$0,00;$0,00;$0,00;$0,00;$790,00;$205,00;$850,76;4;
1418;NQ 09-26;Backtest;PROD_Bot_NQ_OvernightDrift_1min_RTH;Long;1;17669,75;17759,50;24/8/2023 16:59:00;25/8/2023 9:32:00;EntradaCierre;SalidaApertura;$1789,24;$80342,32;$5,76;$0,00;$0,00;$0,00;$0,00;$20,00;$1890,00;$100,76;4;
1419;NQ 09-26;Backtest;PROD_Bot_NQ_OvernightDrift_1min_RTH;Long;1;17811,75;17904,00;25/8/2023 16:59:00;28/8/2023 9:32:00;EntradaCierre;SalidaApertura;$1839,24;$82181,56;$5,76;$0,00;$0,00;$0,00;$0,00;$95,00;$2595,00;$755,76;4;
1420;NQ 09-26;Backtest;PROD_Bot_NQ_OvernightDrift_1min_RTH;Long;1;17938,75;17917,00;28/8/2023 16:59:00;29/8/2023 9:32:00;EntradaCierre;SalidaApertura;$-440,76;$81740,80;$5,76;$0,00;$0,00;$0,00;$0,00;$530,00;$5,00;$445,76;4;
1421;NQ 09-26;Backtest;PROD_Bot_NQ_OvernightDrift_1min_RTH;Long;1;18265,25;18260,25;29/8/2023 16:59:00;30/8/2023 9:32:00;EntradaCierre;SalidaApertura;$-105,76;$81635,04;$5,76;$0,00;$0,00;$0,00;$0,00;$280,00;$5,00;$110,76;4;
1422;NQ 09-26;Backtest;PROD_Bot_NQ_OvernightDrift_1min_RTH;Long;1;18352,50;18357,50;30/8/2023 16:59:00;31/8/2023 9:32:00;EntradaCierre;SalidaApertura;$94,24;$81729,28;$5,76;$0,00;$0,00;$0,00;$0,00;$490,00;$120,00;$25,76;4;
1423;NQ 09-26;Backtest;PROD_Bot_NQ_OvernightDrift_1min_RTH;Long;1;18377,75;18475,00;31/8/2023 16:59:00;1/9/2023 9:32:00;EntradaCierre;SalidaApertura;$1939,24;$83668,52;$5,76;$0,00;$0,00;$0,00;$0,00;$50,00;$1980,00;$40,76;4;
1424;NQ 09-26;Backtest;PROD_Bot_NQ_OvernightDrift_1min_RTH;Long;1;18353,00;18398,00;1/9/2023 16:59:00;4/9/2023 9:32:00;EntradaCierre;SalidaApertura;$894,24;$84562,76;$5,76;$0,00;$0,00;$0,00;$0,00;$55,00;$915,00;$20,76;4;
1425;NQ 09-26;Backtest;PROD_Bot_NQ_OvernightDrift_1min_RTH;Long;1;18357,00;18319,00;5/9/2023 16:59:00;6/9/2023 9:32:00;EntradaCierre;SalidaApertura;$-765,76;$83797,00;$5,76;$0,00;$0,00;$0,00;$0,00;$785,00;$10,00;$775,76;4;
1426;NQ 09-26;Backtest;PROD_Bot_NQ_OvernightDrift_1min_RTH;Long;1;18227,25;18029,75;6/9/2023 16:59:00;7/9/2023 9:32:00;EntradaCierre;SalidaApertura;$-3955,76;$79841,24;$5,76;$0,00;$0,00;$0,00;$0,00;$4100,00;$15,00;$3970,76;4;
1427;NQ 09-26;Backtest;PROD_Bot_NQ_OvernightDrift_1min_RTH;Long;1;18125,50;18131,50;7/9/2023 16:59:00;8/9/2023 9:32:00;EntradaCierre;SalidaApertura;$114,24;$79955,48;$5,76;$0,00;$0,00;$0,00;$0,00;$325,00;$185,00;$70,76;4;
1428;NQ 09-26;Backtest;PROD_Bot_NQ_OvernightDrift_1min_RTH;Long;1;18154,25;18274,00;8/9/2023 16:59:00;11/9/2023 9:32:00;EntradaCierre;SalidaApertura;$2389,24;$82344,72;$5,76;$0,00;$0,00;$0,00;$0,00;$85,00;$2410,00;$20,76;4;
1429;NQ 09-26;Backtest;PROD_Bot_NQ_OvernightDrift_1min_RTH;Long;1;18313,75;18230,75;11/9/2023 16:59:00;12/9/2023 9:32:00;EntradaCierre;SalidaApertura;$-1665,76;$80678,96;$5,76;$0,00;$0,00;$0,00;$0,00;$1680,00;$5,00;$1670,76;4;
1430;NQ 09-26;Backtest;PROD_Bot_NQ_OvernightDrift_1min_RTH;Long;1;18147,25;18166,50;12/9/2023 16:59:00;13/9/2023 9:32:00;EntradaCierre;SalidaApertura;$379,24;$81058,20;$5,76;$0,00;$0,00;$0,00;$0,00;$235,00;$415,00;$35,76;4;
1431;NQ 09-26;Backtest;PROD_Bot_NQ_OvernightDrift_1min_RTH;Long;1;18212,00;18247,25;13/9/2023 16:59:00;14/9/2023 9:32:00;EntradaCierre;SalidaApertura;$699,24;$81757,44;$5,76;$0,00;$0,00;$0,00;$0,00;$25,00;$1375,00;$675,76;4;
1432;NQ 09-26;Backtest;PROD_Bot_NQ_OvernightDrift_1min_RTH;Long;1;18325,25;18260,50;14/9/2023 16:59:00;15/9/2023 9:32:00;EntradaCierre;SalidaApertura;$-1300,76;$80456,68;$5,76;$0,00;$0,00;$0,00;$0,00;$1635,00;$0,00;$1300,76;4;
1433;NQ 09-26;Backtest;PROD_Bot_NQ_OvernightDrift_1min_RTH;Long;1;18028,75;18009,00;15/9/2023 16:59:00;18/9/2023 9:32:00;EntradaCierre;SalidaApertura;$-400,76;$80055,92;$5,76;$0,00;$0,00;$0,00;$0,00;$875,00;$0,00;$400,76;4;
1434;NQ 09-26;Backtest;PROD_Bot_NQ_OvernightDrift_1min_RTH;Long;1;18068,50;17981,00;18/9/2023 16:59:00;19/9/2023 9:32:00;EntradaCierre;SalidaApertura;$-1755,76;$78300,16;$5,76;$0,00;$0,00;$0,00;$0,00;$1810,00;$0,00;$1755,76;4;
1435;NQ 09-26;Backtest;PROD_Bot_NQ_OvernightDrift_1min_RTH;Long;1;18025,50;18031,75;19/9/2023 16:59:00;20/9/2023 9:32:00;EntradaCierre;SalidaApertura;$119,24;$78419,40;$5,76;$0,00;$0,00;$0,00;$0,00;$30,00;$720,00;$600,76;4;
1436;NQ 09-26;Backtest;PROD_Bot_NQ_OvernightDrift_1min_RTH;Long;1;17773,75;17649,00;20/9/2023 16:59:00;21/9/2023 9:32:00;EntradaCierre;SalidaApertura;$-2500,76;$75918,64;$5,76;$0,00;$0,00;$0,00;$0,00;$3135,00;$65,00;$2565,76;4;
1437;NQ 09-26;Backtest;PROD_Bot_NQ_OvernightDrift_1min_RTH;Long;1;17490,25;17557,50;21/9/2023 16:59:00;22/9/2023 9:32:00;EntradaCierre;SalidaApertura;$1339,24;$77257,88;$5,76;$0,00;$0,00;$0,00;$0,00;$40,00;$1855,00;$515,76;4;
1438;NQ 09-26;Backtest;PROD_Bot_NQ_OvernightDrift_1min_RTH;Long;1;17516,00;17469,75;22/9/2023 16:59:00;25/9/2023 9:32:00;EntradaCierre;SalidaApertura;$-930,76;$76327,12;$5,76;$0,00;$0,00;$0,00;$0,00;$1145,00;$55,00;$985,76;4;
1439;NQ 09-26;Backtest;PROD_Bot_NQ_OvernightDrift_1min_RTH;Long;1;17594,50;17474,75;25/9/2023 16:59:00;26/9/2023 9:32:00;EntradaCierre;SalidaApertura;$-2400,76;$73926,36;$5,76;$0,00;$0,00;$0,00;$0,00;$2680,00;$5,00;$2405,76;4;
1440;NQ 09-26;Backtest;PROD_Bot_NQ_OvernightDrift_1min_RTH;Long;1;17367,75;17412,25;26/9/2023 16:59:00;27/9/2023 9:32:00;EntradaCierre;SalidaApertura;$884,24;$74810,60;$5,76;$0,00;$0,00;$0,00;$0,00;$30,00;$950,00;$65,76;4;
1441;NQ 09-26;Backtest;PROD_Bot_NQ_OvernightDrift_1min_RTH;Long;1;17416,00;17319,00;27/9/2023 16:59:00;28/9/2023 9:32:00;EntradaCierre;SalidaApertura;$-1945,76;$72864,84;$5,76;$0,00;$0,00;$0,00;$0,00;$2080,00;$20,00;$1965,76;4;
1442;NQ 09-26;Backtest;PROD_Bot_NQ_OvernightDrift_1min_RTH;Long;1;17520,50;17634,00;28/9/2023 16:59:00;29/9/2023 9:32:00;EntradaCierre;SalidaApertura;$2264,24;$75129,08;$5,76;$0,00;$0,00;$0,00;$0,00;$45,00;$2755,00;$490,76;4;
1443;NQ 09-26;Backtest;PROD_Bot_NQ_OvernightDrift_1min_RTH;Long;1;17537,75;17495,75;29/9/2023 16:59:00;2/10/2023 9:32:00;EntradaCierre;SalidaApertura;$-845,76;$74283,32;$5,76;$0,00;$0,00;$0,00;$0,00;$960,00;$0,00;$845,76;4;
1444;NQ 09-26;Backtest;PROD_Bot_NQ_OvernightDrift_1min_RTH;Long;1;17640,00;17536,50;2/10/2023 16:59:00;3/10/2023 9:32:00;EntradaCierre;SalidaApertura;$-2075,76;$72207,56;$5,76;$0,00;$0,00;$0,00;$0,00;$2365,00;$0,00;$2075,76;4;
1445;NQ 09-26;Backtest;PROD_Bot_NQ_OvernightDrift_1min_RTH;Long;1;17356,00;17416,50;3/10/2023 16:59:00;4/10/2023 9:32:00;EntradaCierre;SalidaApertura;$1204,24;$73411,80;$5,76;$0,00;$0,00;$0,00;$0,00;$40,00;$1265,00;$60,76;4;
1446;NQ 09-26;Backtest;PROD_Bot_NQ_OvernightDrift_1min_RTH;Long;1;17546,00;17543,25;4/10/2023 16:59:00;5/10/2023 9:32:00;EntradaCierre;SalidaApertura;$-60,76;$73351,04;$5,76;$0,00;$0,00;$0,00;$0,00;$75,00;$240,00;$300,76;4;
1447;NQ 09-26;Backtest;PROD_Bot_NQ_OvernightDrift_1min_RTH;Long;1;17502,50;17401,00;5/10/2023 16:59:00;6/10/2023 9:32:00;EntradaCierre;SalidaApertura;$-2035,76;$71315,28;$5,76;$0,00;$0,00;$0,00;$0,00;$2495,00;$25,00;$2060,76;4;
1448;NQ 09-26;Backtest;PROD_Bot_NQ_OvernightDrift_1min_RTH;Long;1;17779,00;17646,50;6/10/2023 16:59:00;9/10/2023 9:32:00;EntradaCierre;SalidaApertura;$-2655,76;$68659,52;$5,76;$0,00;$0,00;$0,00;$0,00;$2745,00;$70,00;$2725,76;4;
1449;NQ 09-26;Backtest;PROD_Bot_NQ_OvernightDrift_1min_RTH;Long;1;17834,50;17835,75;9/10/2023 16:59:00;10/10/2023 9:32:00;EntradaCierre;SalidaApertura;$19,24;$68678,76;$5,76;$0,00;$0,00;$0,00;$0,00;$30,00;$430,00;$410,76;4;
1450;NQ 09-26;Backtest;PROD_Bot_NQ_OvernightDrift_1min_RTH;Long;1;17923,75;17988,00;10/10/2023 16:59:00;11/10/2023 9:32:00;EntradaCierre;SalidaApertura;$1279,24;$69958,00;$5,76;$0,00;$0,00;$0,00;$0,00;$10,00;$1345,00;$65,76;4;
1451;NQ 09-26;Backtest;PROD_Bot_NQ_OvernightDrift_1min_RTH;Long;1;18055,25;18025,75;11/10/2023 16:59:00;12/10/2023 9:32:00;EntradaCierre;SalidaApertura;$-595,76;$69362,24;$5,76;$0,00;$0,00;$0,00;$0,00;$590,00;$20,00;$615,76;4;
1452;NQ 09-26;Backtest;PROD_Bot_NQ_OvernightDrift_1min_RTH;Long;1;17960,50;17995,50;12/10/2023 16:59:00;13/10/2023 9:32:00;EntradaCierre;SalidaApertura;$694,24;$70056,48;$5,76;$0,00;$0,00;$0,00;$0,00;$15,00;$965,00;$270,76;4;
1453;NQ 09-26;Backtest;PROD_Bot_NQ_OvernightDrift_1min_RTH;Long;1;17752,25;17817,00;13/10/2023 16:59:00;16/10/2023 9:32:00;EntradaCierre;SalidaApertura;$1289,24;$71345,72;$5,76;$0,00;$0,00;$0,00;$0,00;$80,00;$1455,00;$165,76;4;
1454;NQ 09-26;Backtest;PROD_Bot_NQ_OvernightDrift_1min_RTH;Long;1;17947,75;17772,00;16/10/2023 16:59:00;17/10/2023 9:32:00;EntradaCierre;SalidaApertura;$-3520,76;$67824,96;$5,76;$0,00;$0,00;$0,00;$0,00;$3635,00;$0,00;$3520,76;4;
1455;NQ 09-26;Backtest;PROD_Bot_NQ_OvernightDrift_1min_RTH;Long;1;17884,00;17776,50;17/10/2023 16:59:00;18/10/2023 9:32:00;EntradaCierre;SalidaApertura;$-2155,76;$65669,20;$5,76;$0,00;$0,00;$0,00;$0,00;$2330,00;$10,00;$2165,76;4;
1456;NQ 09-26;Backtest;PROD_Bot_NQ_OvernightDrift_1min_RTH;Long;1;17703,25;17745,00;18/10/2023 16:59:00;19/10/2023 9:32:00;EntradaCierre;SalidaApertura;$829,24;$66498,44;$5,76;$0,00;$0,00;$0,00;$0,00;$25,00;$865,00;$35,76;4;
1457;NQ 09-26;Backtest;PROD_Bot_NQ_OvernightDrift_1min_RTH;Long;1;17488,75;17476,50;19/10/2023 16:59:00;20/10/2023 9:32:00;EntradaCierre;SalidaApertura;$-250,76;$66247,68;$5,76;$0,00;$0,00;$0,00;$0,00;$335,00;$340,00;$590,76;4;
1458;NQ 09-26;Backtest;PROD_Bot_NQ_OvernightDrift_1min_RTH;Long;1;17295,75;17262,25;20/10/2023 16:59:00;23/10/2023 9:32:00;EntradaCierre;SalidaApertura;$-675,76;$65571,92;$5,76;$0,00;$0,00;$0,00;$0,00;$1145,00;$0,00;$675,76;4;
1459;NQ 09-26;Backtest;PROD_Bot_NQ_OvernightDrift_1min_RTH;Long;1;17389,00;17440,50;23/10/2023 16:59:00;24/10/2023 9:32:00;EntradaCierre;SalidaApertura;$1024,24;$66596,16;$5,76;$0,00;$0,00;$0,00;$0,00;$30,00;$1050,00;$25,76;4;
1460;NQ 09-26;Backtest;PROD_Bot_NQ_OvernightDrift_1min_RTH;Long;1;17460,50;17368,50;24/10/2023 16:59:00;25/10/2023 9:32:00;EntradaCierre;SalidaApertura;$-1845,76;$64750,40;$5,76;$0,00;$0,00;$0,00;$0,00;$1850,00;$350,00;$2195,76;4;
1461;NQ 09-26;Backtest;PROD_Bot_NQ_OvernightDrift_1min_RTH;Long;1;17108,25;17050,00;25/10/2023 16:59:00;26/10/2023 9:32:00;EntradaCierre;SalidaApertura;$-1170,76;$63579,64;$5,76;$0,00;$0,00;$0,00;$0,00;$1520,00;$45,00;$1215,76;4;
1462;NQ 09-26;Backtest;PROD_Bot_NQ_OvernightDrift_1min_RTH;Long;1;17052,00;17046,00;30/10/2023 16:59:00;31/10/2023 9:32:00;EntradaCierre;SalidaApertura;$-125,76;$63453,88;$5,76;$0,00;$0,00;$0,00;$0,00;$170,00;$375,00;$500,76;4;
1463;NQ 09-26;Backtest;PROD_Bot_NQ_OvernightDrift_1min_RTH;Long;1;17093,00;17169,75;31/10/2023 16:59:00;1/11/2023 9:32:00;EntradaCierre;SalidaApertura;$1529,24;$64983,12;$5,76;$0,00;$0,00;$0,00;$0,00;$10,00;$1760,00;$230,76;4;
1464;NQ 09-26;Backtest;PROD_Bot_NQ_OvernightDrift_1min_RTH;Long;1;17398,50;17563,75;1/11/2023 16:59:00;2/11/2023 9:32:00;EntradaCierre;SalidaApertura;$3299,24;$68282,36;$5,76;$0,00;$0,00;$0,00;$0,00;$15,00;$3610,00;$310,76;4;
1465;NQ 09-26;Backtest;PROD_Bot_NQ_OvernightDrift_1min_RTH;Long;1;17610,50;17692,25;2/11/2023 16:59:00;3/11/2023 9:32:00;EntradaCierre;SalidaApertura;$1629,24;$69911,60;$5,76;$0,00;$0,00;$0,00;$0,00;$80,00;$1895,00;$265,76;4;
1466;NQ 09-26;Backtest;PROD_Bot_NQ_OvernightDrift_1min_RTH;Long;1;17827,25;17874,50;3/11/2023 16:59:00;6/11/2023 9:32:00;EntradaCierre;SalidaApertura;$939,24;$70850,84;$5,76;$0,00;$0,00;$0,00;$0,00;$30,00;$960,00;$20,76;4;
1467;NQ 09-26;Backtest;PROD_Bot_NQ_OvernightDrift_1min_RTH;Long;1;17866,50;17919,75;6/11/2023 16:59:00;7/11/2023 9:32:00;EntradaCierre;SalidaApertura;$1059,24;$71910,08;$5,76;$0,00;$0,00;$0,00;$0,00;$55,00;$1255,00;$195,76;4;
1468;NQ 09-26;Backtest;PROD_Bot_NQ_OvernightDrift_1min_RTH;Long;1;18019,25;18029,25;7/11/2023 16:59:00;8/11/2023 9:32:00;EntradaCierre;SalidaApertura;$194,24;$72104,32;$5,76;$0,00;$0,00;$0,00;$0,00;$35,00;$265,00;$70,76;4;
1469;NQ 09-26;Backtest;PROD_Bot_NQ_OvernightDrift_1min_RTH;Long;1;18003,75;18044,25;8/11/2023 16:59:00;9/11/2023 9:32:00;EntradaCierre;SalidaApertura;$804,24;$72908,56;$5,76;$0,00;$0,00;$0,00;$0,00;$60,00;$1155,00;$350,76;4;
1470;NQ 09-26;Backtest;PROD_Bot_NQ_OvernightDrift_1min_RTH;Long;1;17899,75;17951,50;9/11/2023 16:59:00;10/11/2023 9:32:00;EntradaCierre;SalidaApertura;$1029,24;$73937,80;$5,76;$0,00;$0,00;$0,00;$0,00;$60,00;$1450,00;$420,76;4;
1471;NQ 09-26;Backtest;PROD_Bot_NQ_OvernightDrift_1min_RTH;Long;1;18226,00;18171,25;10/11/2023 16:59:00;13/11/2023 9:32:00;EntradaCierre;SalidaApertura;$-1100,76;$72837,04;$5,76;$0,00;$0,00;$0,00;$0,00;$1210,00;$45,00;$1145,76;4;
1472;NQ 09-26;Backtest;PROD_Bot_NQ_OvernightDrift_1min_RTH;Long;1;18197,75;18457,00;13/11/2023 16:59:00;14/11/2023 9:32:00;EntradaCierre;SalidaApertura;$5179,24;$78016,28;$5,76;$0,00;$0,00;$0,00;$0,00;$25,00;$5565,00;$385,76;4;
1473;NQ 09-26;Backtest;PROD_Bot_NQ_OvernightDrift_1min_RTH;Long;1;18537,25;18593,25;14/11/2023 16:59:00;15/11/2023 9:32:00;EntradaCierre;SalidaApertura;$1114,24;$79130,52;$5,76;$0,00;$0,00;$0,00;$0,00;$45,00;$1375,00;$260,76;4;
1474;NQ 09-26;Backtest;PROD_Bot_NQ_OvernightDrift_1min_RTH;Long;1;18489,75;18491,25;15/11/2023 16:59:00;16/11/2023 9:32:00;EntradaCierre;SalidaApertura;$24,24;$79154,76;$5,76;$0,00;$0,00;$0,00;$0,00;$450,00;$75,00;$50,76;4;
1475;NQ 09-26;Backtest;PROD_Bot_NQ_OvernightDrift_1min_RTH;Long;1;18540,50;18505,50;16/11/2023 16:59:00;17/11/2023 9:32:00;EntradaCierre;SalidaApertura;$-705,76;$78449,00;$5,76;$0,00;$0,00;$0,00;$0,00;$930,00;$10,00;$715,76;4;
1476;NQ 09-26;Backtest;PROD_Bot_NQ_OvernightDrift_1min_RTH;Long;1;18518,25;18564,50;17/11/2023 16:59:00;20/11/2023 9:32:00;EntradaCierre;SalidaApertura;$919,24;$79368,24;$5,76;$0,00;$0,00;$0,00;$0,00;$50,00;$950,00;$30,76;4;
1477;NQ 09-26;Backtest;PROD_Bot_NQ_OvernightDrift_1min_RTH;Long;1;18731,25;18635,75;20/11/2023 16:59:00;21/11/2023 9:32:00;EntradaCierre;SalidaApertura;$-1915,76;$77452,48;$5,76;$0,00;$0,00;$0,00;$0,00;$1910,00;$15,00;$1930,76;4;
1478;NQ 09-26;Backtest;PROD_Bot_NQ_OvernightDrift_1min_RTH;Long;1;18612,75;18742,75;21/11/2023 16:59:00;22/11/2023 9:32:00;EntradaCierre;SalidaApertura;$2594,24;$80046,72;$5,76;$0,00;$0,00;$0,00;$0,00;$45,00;$2625,00;$30,76;4;
1479;NQ 09-26;Backtest;PROD_Bot_NQ_OvernightDrift_1min_RTH;Long;1;18686,25;18701,50;22/11/2023 16:59:00;23/11/2023 9:32:00;EntradaCierre;SalidaApertura;$299,24;$80345,96;$5,76;$0,00;$0,00;$0,00;$0,00;$15,00;$390,00;$90,76;4;
1480;NQ 09-26;Backtest;PROD_Bot_NQ_OvernightDrift_1min_RTH;Long;1;18646,75;18617,50;27/11/2023 16:59:00;28/11/2023 9:32:00;EntradaCierre;SalidaApertura;$-590,76;$79755,20;$5,76;$0,00;$0,00;$0,00;$0,00;$630,00;$15,00;$605,76;4;
1481;NQ 09-26;Backtest;PROD_Bot_NQ_OvernightDrift_1min_RTH;Long;1;18696,00;18800,75;28/11/2023 16:59:00;29/11/2023 9:32:00;EntradaCierre;SalidaApertura;$2089,24;$81844,44;$5,76;$0,00;$0,00;$0,00;$0,00;$50,00;$2140,00;$50,76;4;
1482;NQ 09-26;Backtest;PROD_Bot_NQ_OvernightDrift_1min_RTH;Long;1;18683,25;18669,75;29/11/2023 16:59:00;30/11/2023 9:32:00;EntradaCierre;SalidaApertura;$-275,76;$81568,68;$5,76;$0,00;$0,00;$0,00;$0,00;$570,00;$10,00;$285,76;4;
1483;NQ 09-26;Backtest;PROD_Bot_NQ_OvernightDrift_1min_RTH;Long;1;18600,00;18562,00;30/11/2023 16:59:00;1/12/2023 9:32:00;EntradaCierre;SalidaApertura;$-765,76;$80802,92;$5,76;$0,00;$0,00;$0,00;$0,00;$815,00;$30,00;$795,76;4;
1484;NQ 09-26;Backtest;PROD_Bot_NQ_OvernightDrift_1min_RTH;Long;1;18676,50;18502,50;1/12/2023 16:59:00;4/12/2023 9:32:00;EntradaCierre;SalidaApertura;$-3485,76;$77317,16;$5,76;$0,00;$0,00;$0,00;$0,00;$3515,00;$0,00;$3485,76;4;
1485;NQ 09-26;Backtest;PROD_Bot_NQ_OvernightDrift_1min_RTH;Long;1;18501,75;18448,75;4/12/2023 16:59:00;5/12/2023 9:32:00;EntradaCierre;SalidaApertura;$-1065,76;$76251,40;$5,76;$0,00;$0,00;$0,00;$0,00;$1430,00;$10,00;$1075,76;4;
1486;NQ 09-26;Backtest;PROD_Bot_NQ_OvernightDrift_1min_RTH;Long;1;18541,50;18650,75;5/12/2023 16:59:00;6/12/2023 9:32:00;EntradaCierre;SalidaApertura;$2179,24;$78430,64;$5,76;$0,00;$0,00;$0,00;$0,00;$5,00;$2765,00;$585,76;4;
1487;NQ 09-26;Backtest;PROD_Bot_NQ_OvernightDrift_1min_RTH;Long;1;18458,25;18565,25;6/12/2023 16:59:00;7/12/2023 9:32:00;EntradaCierre;SalidaApertura;$2134,24;$80564,88;$5,76;$0,00;$0,00;$0,00;$0,00;$40,00;$2370,00;$235,76;4;
1488;NQ 09-26;Backtest;PROD_Bot_NQ_OvernightDrift_1min_RTH;Long;1;18658,00;18627,75;7/12/2023 16:59:00;8/12/2023 9:32:00;EntradaCierre;SalidaApertura;$-610,76;$79954,12;$5,76;$0,00;$0,00;$0,00;$0,00;$1375,00;$40,00;$650,76;4;
1489;NQ 09-26;Backtest;PROD_Bot_NQ_OvernightDrift_1min_RTH;Long;1;18735,00;18719,50;8/12/2023 16:59:00;11/12/2023 9:32:00;EntradaCierre;SalidaApertura;$-315,76;$79638,36;$5,76;$0,00;$0,00;$0,00;$0,00;$425,00;$20,00;$335,76;4;
1490;NQ 09-26;Backtest;PROD_Bot_NQ_OvernightDrift_1min_RTH;Long;1;18886,25;18869,00;11/12/2023 16:59:00;12/12/2023 9:32:00;EntradaCierre;SalidaApertura;$-350,76;$79287,60;$5,76;$0,00;$0,00;$0,00;$0,00;$540,00;$55,00;$405,76;4;
1491;NQ 09-26;Backtest;PROD_Bot_NQ_OvernightDrift_1min_RTH;Long;1;19029,50;19058,25;12/12/2023 16:59:00;13/12/2023 9:32:00;EntradaCierre;SalidaApertura;$569,24;$79856,84;$5,76;$0,00;$0,00;$0,00;$0,00;$25,00;$635,00;$65,76;4;
1492;NQ 09-26;Backtest;PROD_Bot_NQ_OvernightDrift_1min_RTH;Long;1;19195,75;19258,25;13/12/2023 16:59:00;14/12/2023 9:32:00;EntradaCierre;SalidaApertura;$1244,24;$81101,08;$5,76;$0,00;$0,00;$0,00;$0,00;$30,00;$1420,00;$175,76;4;
1493;NQ 09-26;Backtest;PROD_Bot_NQ_OvernightDrift_1min_RTH;Long;1;19174,25;19234,25;14/12/2023 16:59:00;15/12/2023 9:32:00;EntradaCierre;SalidaApertura;$1194,24;$82295,32;$5,76;$0,00;$0,00;$0,00;$0,00;$10,00;$1325,00;$130,76;4;
1494;NQ 09-26;Backtest;PROD_Bot_NQ_OvernightDrift_1min_RTH;Long;1;19247,25;19279,75;15/12/2023 16:59:00;18/12/2023 9:32:00;EntradaCierre;SalidaApertura;$644,24;$82939,56;$5,76;$0,00;$0,00;$0,00;$0,00;$30,00;$690,00;$45,76;4;
1495;NQ 09-26;Backtest;PROD_Bot_NQ_OvernightDrift_1min_RTH;Long;1;19355,00;19406,50;18/12/2023 16:59:00;19/12/2023 9:32:00;EntradaCierre;SalidaApertura;$1024,24;$83963,80;$5,76;$0,00;$0,00;$0,00;$0,00;$50,00;$1105,00;$80,76;4;
1496;NQ 09-26;Backtest;PROD_Bot_NQ_OvernightDrift_1min_RTH;Long;1;19455,75;19416,00;19/12/2023 16:59:00;20/12/2023 9:32:00;EntradaCierre;SalidaApertura;$-800,76;$83163,04;$5,76;$0,00;$0,00;$0,00;$0,00;$1050,00;$50,00;$850,76;4;
1497;NQ 09-26;Backtest;PROD_Bot_NQ_OvernightDrift_1min_RTH;Long;1;19219,50;19376,75;20/12/2023 16:59:00;21/12/2023 9:32:00;EntradaCierre;SalidaApertura;$3139,24;$86302,28;$5,76;$0,00;$0,00;$0,00;$0,00;$20,00;$3170,00;$30,76;4;
1498;NQ 09-26;Backtest;PROD_Bot_NQ_OvernightDrift_1min_RTH;Long;1;19382,25;19442,75;21/12/2023 16:59:00;22/12/2023 9:32:00;EntradaCierre;SalidaApertura;$1204,24;$87506,52;$5,76;$0,00;$0,00;$0,00;$0,00;$35,00;$1255,00;$50,76;4;
1499;NQ 09-26;Backtest;PROD_Bot_NQ_OvernightDrift_1min_RTH;Long;1;19395,25;19459,75;22/12/2023 16:59:00;26/12/2023 9:32:00;EntradaCierre;SalidaApertura;$1284,24;$88790,76;$5,76;$0,00;$0,00;$0,00;$0,00;$35,00;$1320,00;$35,76;4;
1500;NQ 09-26;Backtest;PROD_Bot_NQ_OvernightDrift_1min_RTH;Long;1;19523,25;19547,50;26/12/2023 16:59:00;27/12/2023 9:32:00;EntradaCierre;SalidaApertura;$479,24;$89270,00;$5,76;$0,00;$0,00;$0,00;$0,00;$50,00;$555,00;$75,76;4;
1501;NQ 09-26;Backtest;PROD_Bot_NQ_OvernightDrift_1min_RTH;Long;1;19563,50;19581,50;27/12/2023 16:59:00;28/12/2023 9:32:00;EntradaCierre;SalidaApertura;$354,24;$89624,24;$5,76;$0,00;$0,00;$0,00;$0,00;$40,00;$555,00;$200,76;4;
1502;NQ 09-26;Backtest;PROD_Bot_NQ_OvernightDrift_1min_RTH;Long;1;19521,00;19526,50;28/12/2023 16:59:00;29/12/2023 9:32:00;EntradaCierre;SalidaApertura;$104,24;$89728,48;$5,76;$0,00;$0,00;$0,00;$0,00;$150,00;$185,00;$80,76;4;
1503;NQ 09-26;Backtest;PROD_Bot_NQ_OvernightDrift_1min_RTH;Long;1;19440,75;19301,25;29/12/2023 16:59:00;2/1/2024 9:32:00;EntradaCierre;SalidaApertura;$-2795,76;$86932,72;$5,76;$0,00;$0,00;$0,00;$0,00;$3355,00;$0,00;$2795,76;4;
1504;NQ 09-26;Backtest;PROD_Bot_NQ_OvernightDrift_1min_RTH;Long;1;19162,50;19049,75;2/1/2024 16:59:00;3/1/2024 9:32:00;EntradaCierre;SalidaApertura;$-2260,76;$84671,96;$5,76;$0,00;$0,00;$0,00;$0,00;$2870,00;$40,00;$2300,76;4;
1505;NQ 09-26;Backtest;PROD_Bot_NQ_OvernightDrift_1min_RTH;Long;1;18971,25;18898,25;3/1/2024 16:59:00;4/1/2024 9:32:00;EntradaCierre;SalidaApertura;$-1465,76;$83206,20;$5,76;$0,00;$0,00;$0,00;$0,00;$1915,00;$80,00;$1545,76;4;
1506;NQ 09-26;Backtest;PROD_Bot_NQ_OvernightDrift_1min_RTH;Long;1;18880,75;18887,25;4/1/2024 16:59:00;5/1/2024 9:32:00;EntradaCierre;SalidaApertura;$124,24;$83330,44;$5,76;$0,00;$0,00;$0,00;$0,00;$220,00;$260,00;$135,76;4;
1507;NQ 09-26;Backtest;PROD_Bot_NQ_OvernightDrift_1min_RTH;Long;1;18897,75;18949,50;5/1/2024 16:59:00;8/1/2024 9:32:00;EntradaCierre;SalidaApertura;$1029,24;$84359,68;$5,76;$0,00;$0,00;$0,00;$0,00;$10,00;$1160,00;$130,76;4;
1508;NQ 09-26;Backtest;PROD_Bot_NQ_OvernightDrift_1min_RTH;Long;1;19219,75;19114,75;8/1/2024 16:59:00;9/1/2024 9:32:00;EntradaCierre;SalidaApertura;$-2105,76;$82253,92;$5,76;$0,00;$0,00;$0,00;$0,00;$2425,00;$25,00;$2130,76;4;
1509;NQ 09-26;Backtest;PROD_Bot_NQ_OvernightDrift_1min_RTH;Long;1;19259,25;19294,00;9/1/2024 16:59:00;10/1/2024 9:32:00;EntradaCierre;SalidaApertura;$689,24;$82943,16;$5,76;$0,00;$0,00;$0,00;$0,00;$10,00;$725,00;$35,76;4;
1510;NQ 09-26;Backtest;PROD_Bot_NQ_OvernightDrift_1min_RTH;Long;1;19389,75;19434,25;10/1/2024 16:59:00;11/1/2024 9:32:00;EntradaCierre;SalidaApertura;$884,24;$83827,40;$5,76;$0,00;$0,00;$0,00;$0,00;$50,00;$1015,00;$130,76;4;
1511;NQ 09-26;Backtest;PROD_Bot_NQ_OvernightDrift_1min_RTH;Long;1;19390,75;19436,00;11/1/2024 16:59:00;12/1/2024 9:32:00;EntradaCierre;SalidaApertura;$899,24;$84726,64;$5,76;$0,00;$0,00;$0,00;$0,00;$20,00;$1115,00;$215,76;4;
1512;NQ 09-26;Backtest;PROD_Bot_NQ_OvernightDrift_1min_RTH;Long;1;19388,25;19394,50;12/1/2024 16:59:00;15/1/2024 9:32:00;EntradaCierre;SalidaApertura;$119,24;$84845,88;$5,76;$0,00;$0,00;$0,00;$0,00;$40,00;$180,00;$60,76;4;
1513;NQ 09-26;Backtest;PROD_Bot_NQ_OvernightDrift_1min_RTH;Long;1;19411,75;19255,25;16/1/2024 16:59:00;17/1/2024 9:32:00;EntradaCierre;SalidaApertura;$-3135,76;$81710,12;$5,76;$0,00;$0,00;$0,00;$0,00;$3220,00;$0,00;$3135,76;4;
1514;NQ 09-26;Backtest;PROD_Bot_NQ_OvernightDrift_1min_RTH;Long;1;19293,25;19461,75;17/1/2024 16:59:00;18/1/2024 9:32:00;EntradaCierre;SalidaApertura;$3364,24;$85074,36;$5,76;$0,00;$0,00;$0,00;$0,00;$30,00;$3455,00;$90,76;4;
1515;NQ 09-26;Backtest;PROD_Bot_NQ_OvernightDrift_1min_RTH;Long;1;19549,25;19616,50;18/1/2024 16:59:00;19/1/2024 9:32:00;EntradaCierre;SalidaApertura;$1339,24;$86413,60;$5,76;$0,00;$0,00;$0,00;$0,00;$35,00;$1675,00;$335,76;4;
1516;NQ 09-26;Backtest;PROD_Bot_NQ_OvernightDrift_1min_RTH;Long;1;19898,00;19974,25;19/1/2024 16:59:00;22/1/2024 9:32:00;EntradaCierre;SalidaApertura;$1519,24;$87932,84;$5,76;$0,00;$0,00;$0,00;$0,00;$80,00;$1640,00;$120,76;4;
1517;NQ 09-26;Backtest;PROD_Bot_NQ_OvernightDrift_1min_RTH;Long;1;19889,00;19909,00;22/1/2024 16:59:00;23/1/2024 9:32:00;EntradaCierre;SalidaApertura;$394,24;$88327,08;$5,76;$0,00;$0,00;$0,00;$0,00;$25,00;$625,00;$230,76;4;
1518;NQ 09-26;Backtest;PROD_Bot_NQ_OvernightDrift_1min_RTH;Long;1;19986,75;20108,00;23/1/2024 16:59:00;24/1/2024 9:32:00;EntradaCierre;SalidaApertura;$2419,24;$90746,32;$5,76;$0,00;$0,00;$0,00;$0,00;$60,00;$2820,00;$400,76;4;
1519;NQ 09-26;Backtest;PROD_Bot_NQ_OvernightDrift_1min_RTH;Long;1;20058,00;20120,25;24/1/2024 16:59:00;25/1/2024 9:32:00;EntradaCierre;SalidaApertura;$1239,24;$91985,56;$5,76;$0,00;$0,00;$0,00;$0,00;$10,00;$2020,00;$780,76;4;
1520;NQ 09-26;Backtest;PROD_Bot_NQ_OvernightDrift_1min_RTH;Long;1;20022,00;19994,50;25/1/2024 16:59:00;26/1/2024 9:32:00;EntradaCierre;SalidaApertura;$-555,76;$91429,80;$5,76;$0,00;$0,00;$0,00;$0,00;$1035,00;$0,00;$555,76;4;
1521;NQ 09-26;Backtest;PROD_Bot_NQ_OvernightDrift_1min_RTH;Long;1;19936,75;19969,00;26/1/2024 16:59:00;29/1/2024 9:32:00;EntradaCierre;SalidaApertura;$639,24;$92069,04;$5,76;$0,00;$0,00;$0,00;$0,00;$25,00;$945,00;$305,76;4;
1522;NQ 09-26;Backtest;PROD_Bot_NQ_OvernightDrift_1min_RTH;Long;1;20136,00;20098,75;29/1/2024 16:59:00;30/1/2024 9:32:00;EntradaCierre;SalidaApertura;$-750,76;$91318,28;$5,76;$0,00;$0,00;$0,00;$0,00;$995,00;$5,00;$755,76;4;
1523;NQ 09-26;Backtest;PROD_Bot_NQ_OvernightDrift_1min_RTH;Long;1;19905,00;19826,25;30/1/2024 16:59:00;31/1/2024 9:32:00;EntradaCierre;SalidaApertura;$-1580,76;$89737,52;$5,76;$0,00;$0,00;$0,00;$0,00;$2015,00;$0,00;$1580,76;4;
1524;NQ 09-26;Backtest;PROD_Bot_NQ_OvernightDrift_1min_RTH;Long;1;19697,00;19743,50;31/1/2024 16:59:00;1/2/2024 9:32:00;EntradaCierre;SalidaApertura;$924,24;$90661,76;$5,76;$0,00;$0,00;$0,00;$0,00;$60,00;$1085,00;$160,76;4;
1525;NQ 09-26;Backtest;PROD_Bot_NQ_OvernightDrift_1min_RTH;Long;1;20059,00;19934,25;1/2/2024 16:59:00;2/2/2024 9:32:00;EntradaCierre;SalidaApertura;$-2500,76;$88161,00;$5,76;$0,00;$0,00;$0,00;$0,00;$2605,00;$160,00;$2660,76;4;
1526;NQ 09-26;Backtest;PROD_Bot_NQ_OvernightDrift_1min_RTH;Long;1;20118,00;20145,00;2/2/2024 16:59:00;5/2/2024 9:32:00;EntradaCierre;SalidaApertura;$534,24;$88695,24;$5,76;$0,00;$0,00;$0,00;$0,00;$20,00;$915,00;$380,76;4;
1527;NQ 09-26;Backtest;PROD_Bot_NQ_OvernightDrift_1min_RTH;Long;1;20134,75;20195,75;5/2/2024 16:59:00;6/2/2024 9:32:00;EntradaCierre;SalidaApertura;$1214,24;$89909,48;$5,76;$0,00;$0,00;$0,00;$0,00;$15,00;$1260,00;$45,76;4;
1528;NQ 09-26;Backtest;PROD_Bot_NQ_OvernightDrift_1min_RTH;Long;1;20081,50;20193,50;6/2/2024 16:59:00;7/2/2024 9:32:00;EntradaCierre;SalidaApertura;$2234,24;$92143,72;$5,76;$0,00;$0,00;$0,00;$0,00;$40,00;$2580,00;$345,76;4;
1529;NQ 09-26;Backtest;PROD_Bot_NQ_OvernightDrift_1min_RTH;Long;1;20290,50;20259,50;7/2/2024 16:59:00;8/2/2024 9:32:00;EntradaCierre;SalidaApertura;$-625,76;$91517,96;$5,76;$0,00;$0,00;$0,00;$0,00;$665,00;$35,00;$660,76;4;
1530;NQ 09-26;Backtest;PROD_Bot_NQ_OvernightDrift_1min_RTH;Long;1;20297,25;20326,25;8/2/2024 16:59:00;9/2/2024 9:32:00;EntradaCierre;SalidaApertura;$574,24;$92092,20;$5,76;$0,00;$0,00;$0,00;$0,00;$115,00;$925,00;$350,76;4;
1531;NQ 09-26;Backtest;PROD_Bot_NQ_OvernightDrift_1min_RTH;Long;1;20469,75;20453,00;9/2/2024 16:59:00;12/2/2024 9:32:00;EntradaCierre;SalidaApertura;$-340,76;$91751,44;$5,76;$0,00;$0,00;$0,00;$0,00;$430,00;$40,00;$380,76;4;
1532;NQ 09-26;Backtest;PROD_Bot_NQ_OvernightDrift_1min_RTH;Long;1;20361,25;20048,75;12/2/2024 16:59:00;13/2/2024 9:32:00;EntradaCierre;SalidaApertura;$-6255,76;$85495,68;$5,76;$0,00;$0,00;$0,00;$0,00;$6845,00;$20,00;$6275,76;4;
1533;NQ 09-26;Backtest;PROD_Bot_NQ_OvernightDrift_1min_RTH;Long;1;20132,75;20233,25;13/2/2024 16:59:00;14/2/2024 9:32:00;EntradaCierre;SalidaApertura;$2004,24;$87499,92;$5,76;$0,00;$0,00;$0,00;$0,00;$35,00;$2200,00;$195,76;4;
1534;NQ 09-26;Backtest;PROD_Bot_NQ_OvernightDrift_1min_RTH;Long;1;20304,75;20326,50;14/2/2024 16:59:00;15/2/2024 9:32:00;EntradaCierre;SalidaApertura;$429,24;$87929,16;$5,76;$0,00;$0,00;$0,00;$0,00;$45,00;$525,00;$95,76;4;
1535;NQ 09-26;Backtest;PROD_Bot_NQ_OvernightDrift_1min_RTH;Long;1;20390,25;20349,50;15/2/2024 16:59:00;16/2/2024 9:32:00;EntradaCierre;SalidaApertura;$-820,76;$87108,40;$5,76;$0,00;$0,00;$0,00;$0,00;$895,00;$25,00;$845,76;4;
1536;NQ 09-26;Backtest;PROD_Bot_NQ_OvernightDrift_1min_RTH;Long;1;20153,50;20228,00;16/2/2024 16:59:00;19/2/2024 9:32:00;EntradaCierre;SalidaApertura;$1484,24;$88592,64;$5,76;$0,00;$0,00;$0,00;$0,00;$20,00;$1515,00;$30,76;4;
1537;NQ 09-26;Backtest;PROD_Bot_NQ_OvernightDrift_1min_RTH;Long;1;20013,50;19916,25;20/2/2024 16:59:00;21/2/2024 9:32:00;EntradaCierre;SalidaApertura;$-1950,76;$86641,88;$5,76;$0,00;$0,00;$0,00;$0,00;$2345,00;$30,00;$1980,76;4;
1538;NQ 09-26;Backtest;PROD_Bot_NQ_OvernightDrift_1min_RTH;Long;1;20125,75;20320,50;21/2/2024 16:59:00;22/2/2024 9:32:00;EntradaCierre;SalidaApertura;$3889,24;$90531,12;$5,76;$0,00;$0,00;$0,00;$0,00;$80,00;$4520,00;$630,76;4;
1539;NQ 09-26;Backtest;PROD_Bot_NQ_OvernightDrift_1min_RTH;Long;1;20456,75;20545,50;22/2/2024 16:59:00;23/2/2024 9:32:00;EntradaCierre;SalidaApertura;$1769,24;$92300,36;$5,76;$0,00;$0,00;$0,00;$0,00;$35,00;$1820,00;$50,76;4;
1540;NQ 09-26;Backtest;PROD_Bot_NQ_OvernightDrift_1min_RTH;Long;1;20396,75;20465,00;23/2/2024 16:59:00;26/2/2024 9:32:00;EntradaCierre;SalidaApertura;$1359,24;$93659,60;$5,76;$0,00;$0,00;$0,00;$0,00;$100,00;$1480,00;$120,76;4;
1541;NQ 09-26;Backtest;PROD_Bot_NQ_OvernightDrift_1min_RTH;Long;1;20381,25;20452,00;26/2/2024 16:59:00;27/2/2024 9:32:00;EntradaCierre;SalidaApertura;$1409,24;$95068,84;$5,76;$0,00;$0,00;$0,00;$0,00;$20,00;$1430,00;$20,76;4;
1542;NQ 09-26;Backtest;PROD_Bot_NQ_OvernightDrift_1min_RTH;Long;1;20448,50;20368,50;27/2/2024 16:59:00;28/2/2024 9:32:00;EntradaCierre;SalidaApertura;$-1605,76;$93463,08;$5,76;$0,00;$0,00;$0,00;$0,00;$1955,00;$5,00;$1610,76;4;
1543;NQ 09-26;Backtest;PROD_Bot_NQ_OvernightDrift_1min_RTH;Long;1;20296,75;20481,50;28/2/2024 16:59:00;29/2/2024 9:32:00;EntradaCierre;SalidaApertura;$3689,24;$97152,32;$5,76;$0,00;$0,00;$0,00;$0,00;$90,00;$3810,00;$120,76;4;
1544;NQ 09-26;Backtest;PROD_Bot_NQ_OvernightDrift_1min_RTH;Long;1;20502,00;20543,75;29/2/2024 16:59:00;1/3/2024 9:32:00;EntradaCierre;SalidaApertura;$829,24;$97981,56;$5,76;$0,00;$0,00;$0,00;$0,00;$35,00;$1025,00;$195,76;4;
1545;NQ 09-26;Backtest;PROD_Bot_NQ_OvernightDrift_1min_RTH;Long;1;20752,50;20746,75;1/3/2024 16:59:00;4/3/2024 9:32:00;EntradaCierre;SalidaApertura;$-120,76;$97860,80;$5,76;$0,00;$0,00;$0,00;$0,00;$250,00;$290,00;$410,76;4;
1546;NQ 09-26;Backtest;PROD_Bot_NQ_OvernightDrift_1min_RTH;Long;1;20672,50;20559,00;4/3/2024 16:59:00;5/3/2024 9:32:00;EntradaCierre;SalidaApertura;$-2275,76;$95585,04;$5,76;$0,00;$0,00;$0,00;$0,00;$2535,00;$135,00;$2410,76;4;
1547;NQ 09-26;Backtest;PROD_Bot_NQ_OvernightDrift_1min_RTH;Long;1;20417,50;20550,25;5/3/2024 16:59:00;6/3/2024 9:32:00;EntradaCierre;SalidaApertura;$2649,24;$98234,28;$5,76;$0,00;$0,00;$0,00;$0,00;$60,00;$2725,00;$75,76;4;
1548;NQ 09-26;Backtest;PROD_Bot_NQ_OvernightDrift_1min_RTH;Long;1;20473,75;20610,00;6/3/2024 16:59:00;7/3/2024 9:32:00;EntradaCierre;SalidaApertura;$2719,24;$100953,52;$5,76;$0,00;$0,00;$0,00;$0,00;$55,00;$3055,00;$335,76;4;
1549;NQ 09-26;Backtest;PROD_Bot_NQ_OvernightDrift_1min_RTH;Long;1;20683,75;20742,75;7/3/2024 16:59:00;8/3/2024 9:32:00;EntradaCierre;SalidaApertura;$1174,24;$102127,76;$5,76;$0,00;$0,00;$0,00;$0,00;$10,00;$1655,00;$480,76;4;
1550;NQ 09-26;Backtest;PROD_Bot_NQ_OvernightDrift_1min_RTH;Long;1;20486,50;20415,75;8/3/2024 16:59:00;11/3/2024 9:32:00;EntradaCierre;SalidaApertura;$-1420,76;$100707,00;$5,76;$0,00;$0,00;$0,00;$0,00;$1940,00;$60,00;$1480,76;4;
1551;NQ 09-26;Backtest;PROD_Bot_NQ_OvernightDrift_1min_RTH;Long;1;20428,75;20514,00;11/3/2024 16:59:00;12/3/2024 9:32:00;EntradaCierre;SalidaApertura;$1699,24;$102406,24;$5,76;$0,00;$0,00;$0,00;$0,00;$25,00;$1900,00;$200,76;4;
1552;NQ 09-26;Backtest;PROD_Bot_NQ_OvernightDrift_1min_RTH;Long;1;20659,50;20594,25;12/3/2024 16:59:00;13/3/2024 9:32:00;EntradaCierre;SalidaApertura;$-1310,76;$101095,48;$5,76;$0,00;$0,00;$0,00;$0,00;$1385,00;$15,00;$1325,76;4;
1553;NQ 09-26;Backtest;PROD_Bot_NQ_OvernightDrift_1min_RTH;Long;1;20542,00;20540,00;13/3/2024 16:59:00;14/3/2024 9:32:00;EntradaCierre;SalidaApertura;$-45,76;$101049,72;$5,76;$0,00;$0,00;$0,00;$0,00;$80,00;$410,00;$455,76;4;
1554;NQ 09-26;Backtest;PROD_Bot_NQ_OvernightDrift_1min_RTH;Long;1;20452,00;20331,00;14/3/2024 16:59:00;15/3/2024 9:32:00;EntradaCierre;SalidaApertura;$-2425,76;$98623,96;$5,76;$0,00;$0,00;$0,00;$0,00;$2485,00;$20,00;$2445,76;4;
1555;NQ 09-26;Backtest;PROD_Bot_NQ_OvernightDrift_1min_RTH;Long;1;20247,50;20479,00;15/3/2024 16:59:00;18/3/2024 9:32:00;EntradaCierre;SalidaApertura;$4624,24;$103248,20;$5,76;$0,00;$0,00;$0,00;$0,00;$50,00;$4715,00;$90,76;4;
1556;NQ 09-26;Backtest;PROD_Bot_NQ_OvernightDrift_1min_RTH;Long;1;20411,25;20317,75;18/3/2024 16:59:00;19/3/2024 9:32:00;EntradaCierre;SalidaApertura;$-1875,76;$101372,44;$5,76;$0,00;$0,00;$0,00;$0,00;$1945,00;$70,00;$1945,76;4;
1557;NQ 09-26;Backtest;PROD_Bot_NQ_OvernightDrift_1min_RTH;Long;1;20456,00;20509,75;19/3/2024 16:59:00;20/3/2024 9:32:00;EntradaCierre;SalidaApertura;$1069,24;$102441,68;$5,76;$0,00;$0,00;$0,00;$0,00;$20,00;$1250,00;$180,76;4;
1558;NQ 09-26;Backtest;PROD_Bot_NQ_OvernightDrift_1min_RTH;Long;1;20724,00;20857,50;20/3/2024 16:59:00;21/3/2024 9:32:00;EntradaCierre;SalidaApertura;$2664,24;$105105,92;$5,76;$0,00;$0,00;$0,00;$0,00;$55,00;$3060,00;$395,76;4;
1559;NQ 09-26;Backtest;PROD_Bot_NQ_OvernightDrift_1min_RTH;Long;1;20765,50;20709,25;21/3/2024 16:59:00;22/3/2024 9:32:00;EntradaCierre;SalidaApertura;$-1130,76;$103975,16;$5,76;$0,00;$0,00;$0,00;$0,00;$1165,00;$5,00;$1135,76;4;
1560;NQ 09-26;Backtest;PROD_Bot_NQ_OvernightDrift_1min_RTH;Long;1;20750,75;20645,00;22/3/2024 16:59:00;25/3/2024 9:32:00;EntradaCierre;SalidaApertura;$-2120,76;$101854,40;$5,76;$0,00;$0,00;$0,00;$0,00;$2480,00;$0,00;$2120,76;4;
1561;NQ 09-26;Backtest;PROD_Bot_NQ_OvernightDrift_1min_RTH;Long;1;20714,25;20749,00;25/3/2024 16:59:00;26/3/2024 9:32:00;EntradaCierre;SalidaApertura;$689,24;$102543,64;$5,76;$0,00;$0,00;$0,00;$0,00;$55,00;$805,00;$115,76;4;
1562;NQ 09-26;Backtest;PROD_Bot_NQ_OvernightDrift_1min_RTH;Long;1;20666,00;20740,50;26/3/2024 16:59:00;27/3/2024 9:32:00;EntradaCierre;SalidaApertura;$1484,24;$104027,88;$5,76;$0,00;$0,00;$0,00;$0,00;$75,00;$1810,00;$325,76;4;
1563;NQ 09-26;Backtest;PROD_Bot_NQ_OvernightDrift_1min_RTH;Long;1;20690,25;20673,25;27/3/2024 16:59:00;28/3/2024 9:32:00;EntradaCierre;SalidaApertura;$-345,76;$103682,12;$5,76;$0,00;$0,00;$0,00;$0,00;$495,00;$60,00;$405,76;3;
1564;NQ 09-26;Backtest;PROD_Bot_NQ_OvernightDrift_1min_RTH;Long;1;20646,50;20672,50;28/3/2024 16:59:00;1/4/2024 9:32:00;EntradaCierre;SalidaApertura;$514,24;$104196,36;$5,76;$0,00;$0,00;$0,00;$0,00;$15,00;$840,00;$325,76;4;
1565;NQ 09-26;Backtest;PROD_Bot_NQ_OvernightDrift_1min_RTH;Long;1;20683,50;20471,75;1/4/2024 16:59:00;2/4/2024 9:32:00;EntradaCierre;SalidaApertura;$-4240,76;$99955,60;$5,76;$0,00;$0,00;$0,00;$0,00;$4620,00;$0,00;$4240,76;4;
1566;NQ 09-26;Backtest;PROD_Bot_NQ_OvernightDrift_1min_RTH;Long;1;20528,50;20437,75;2/4/2024 16:59:00;3/4/2024 9:32:00;EntradaCierre;SalidaApertura;$-1820,76;$98134,84;$5,76;$0,00;$0,00;$0,00;$0,00;$2085,00;$60,00;$1880,76;4;
1567;NQ 09-26;Backtest;PROD_Bot_NQ_OvernightDrift_1min_RTH;Long;1;20577,25;20720,00;3/4/2024 16:59:00;4/4/2024 9:32:00;EntradaCierre;SalidaApertura;$2849,24;$100984,08;$5,76;$0,00;$0,00;$0,00;$0,00;$100,00;$3180,00;$330,76;4;
1568;NQ 09-26;Backtest;PROD_Bot_NQ_OvernightDrift_1min_RTH;Long;1;20255,75;20327,00;4/4/2024 16:59:00;5/4/2024 9:32:00;EntradaCierre;SalidaApertura;$1419,24;$102403,32;$5,76;$0,00;$0,00;$0,00;$0,00;$35,00;$1515,00;$95,76;4;
1569;NQ 09-26;Backtest;PROD_Bot_NQ_OvernightDrift_1min_RTH;Long;1;20490,50;20503,00;5/4/2024 16:59:00;8/4/2024 9:32:00;EntradaCierre;SalidaApertura;$244,24;$102647,56;$5,76;$0,00;$0,00;$0,00;$0,00;$25,00;$625,00;$380,76;4;
1570;NQ 09-26;Backtest;PROD_Bot_NQ_OvernightDrift_1min_RTH;Long;1;20494,50;20577,50;8/4/2024 16:59:00;9/4/2024 9:32:00;EntradaCierre;SalidaApertura;$1654,24;$104301,80;$5,76;$0,00;$0,00;$0,00;$0,00;$20,00;$1850,00;$195,76;4;
1571;NQ 09-26;Backtest;PROD_Bot_NQ_OvernightDrift_1min_RTH;Long;1;20570,00;20312,50;9/4/2024 16:59:00;10/4/2024 9:32:00;EntradaCierre;SalidaApertura;$-5155,76;$99146,04;$5,76;$0,00;$0,00;$0,00;$0,00;$5245,00;$40,00;$5195,76;4;
1572;NQ 09-26;Backtest;PROD_Bot_NQ_OvernightDrift_1min_RTH;Long;1;20370,50;20445,75;10/4/2024 16:59:00;11/4/2024 9:32:00;EntradaCierre;SalidaApertura;$1499,24;$100645,28;$5,76;$0,00;$0,00;$0,00;$0,00;$50,00;$1765,00;$265,76;4;
1573;NQ 09-26;Backtest;PROD_Bot_NQ_OvernightDrift_1min_RTH;Long;1;20670,75;20483,75;11/4/2024 16:59:00;12/4/2024 9:32:00;EntradaCierre;SalidaApertura;$-3745,76;$96899,52;$5,76;$0,00;$0,00;$0,00;$0,00;$3975,00;$20,00;$3765,76;4;
1574;NQ 09-26;Backtest;PROD_Bot_NQ_OvernightDrift_1min_RTH;Long;1;20357,00;20493,50;12/4/2024 16:59:00;15/4/2024 9:32:00;EntradaCierre;SalidaApertura;$2724,24;$99623,76;$5,76;$0,00;$0,00;$0,00;$0,00;$20,00;$3335,00;$610,76;4;
1575;NQ 09-26;Backtest;PROD_Bot_NQ_OvernightDrift_1min_RTH;Long;1;20065,25;20047,50;15/4/2024 16:59:00;16/4/2024 9:32:00;EntradaCierre;SalidaApertura;$-360,76;$99263,00;$5,76;$0,00;$0,00;$0,00;$0,00;$685,00;$55,00;$415,76;4;
1576;NQ 09-26;Backtest;PROD_Bot_NQ_OvernightDrift_1min_RTH;Long;1;20080,00;20115,50;16/4/2024 16:59:00;17/4/2024 9:32:00;EntradaCierre;SalidaApertura;$704,24;$99967,24;$5,76;$0,00;$0,00;$0,00;$0,00;$85,00;$1285,00;$580,76;4;
1577;NQ 09-26;Backtest;PROD_Bot_NQ_OvernightDrift_1min_RTH;Long;1;19848,75;19858,50;17/4/2024 16:59:00;18/4/2024 9:32:00;EntradaCierre;SalidaApertura;$189,24;$100156,48;$5,76;$0,00;$0,00;$0,00;$0,00;$75,00;$295,00;$105,76;4;
1578;NQ 09-26;Backtest;PROD_Bot_NQ_OvernightDrift_1min_RTH;Long;1;19714,75;19654,75;18/4/2024 16:59:00;19/4/2024 9:32:00;EntradaCierre;SalidaApertura;$-1205,76;$98950,72;$5,76;$0,00;$0,00;$0,00;$0,00;$1265,00;$30,00;$1235,76;4;
1579;NQ 09-26;Backtest;PROD_Bot_NQ_OvernightDrift_1min_RTH;Long;1;19366,75;19472,50;19/4/2024 16:59:00;22/4/2024 9:32:00;EntradaCierre;SalidaApertura;$2109,24;$101059,96;$5,76;$0,00;$0,00;$0,00;$0,00;$105,00;$2510,00;$400,76;4;
1580;NQ 09-26;Backtest;PROD_Bot_NQ_OvernightDrift_1min_RTH;Long;1;19525,25;19605,00;22/4/2024 16:59:00;23/4/2024 9:32:00;EntradaCierre;SalidaApertura;$1589,24;$102649,20;$5,76;$0,00;$0,00;$0,00;$0,00;$25,00;$1990,00;$400,76;4;
1581;NQ 09-26;Backtest;PROD_Bot_NQ_OvernightDrift_1min_RTH;Long;1;19847,50;19920,50;23/4/2024 16:59:00;24/4/2024 9:32:00;EntradaCierre;SalidaApertura;$1454,24;$104103,44;$5,76;$0,00;$0,00;$0,00;$0,00;$135,00;$1795,00;$340,76;4;
1582;NQ 09-26;Backtest;PROD_Bot_NQ_OvernightDrift_1min_RTH;Long;1;19693,50;19533,25;24/4/2024 16:59:00;25/4/2024 9:32:00;EntradaCierre;SalidaApertura;$-3210,76;$100892,68;$5,76;$0,00;$0,00;$0,00;$0,00;$3610,00;$0,00;$3210,76;4;
1583;NQ 09-26;Backtest;PROD_Bot_NQ_OvernightDrift_1min_RTH;Long;1;19990,25;19876,00;25/4/2024 16:59:00;26/4/2024 9:32:00;EntradaCierre;SalidaApertura;$-2290,76;$98601,92;$5,76;$0,00;$0,00;$0,00;$0,00;$2370,00;$220,00;$2510,76;4;
1584;NQ 09-26;Backtest;PROD_Bot_NQ_OvernightDrift_1min_RTH;Long;1;20023,75;20099,75;26/4/2024 16:59:00;29/4/2024 9:32:00;EntradaCierre;SalidaApertura;$1514,24;$100116,16;$5,76;$0,00;$0,00;$0,00;$0,00;$60,00;$1910,00;$395,76;4;
1585;NQ 09-26;Backtest;PROD_Bot_NQ_OvernightDrift_1min_RTH;Long;1;20099,00;20016,50;29/4/2024 16:59:00;30/4/2024 9:32:00;EntradaCierre;SalidaApertura;$-1655,76;$98460,40;$5,76;$0,00;$0,00;$0,00;$0,00;$1805,00;$0,00;$1655,76;4;
1586;NQ 09-26;Backtest;PROD_Bot_NQ_OvernightDrift_1min_RTH;Long;1;19697,75;19697,50;30/4/2024 16:59:00;1/5/2024 9:32:00;EntradaCierre;SalidaApertura;$-10,76;$98449,64;$5,76;$0,00;$0,00;$0,00;$0,00;$550,00;$90,00;$100,76;4;
1587;NQ 09-26;Backtest;PROD_Bot_NQ_OvernightDrift_1min_RTH;Long;1;19662,50;19763,75;1/5/2024 16:59:00;2/5/2024 9:32:00;EntradaCierre;SalidaApertura;$2019,24;$100468,88;$5,76;$0,00;$0,00;$0,00;$0,00;$65,00;$2495,00;$475,76;4;
1588;NQ 09-26;Backtest;PROD_Bot_NQ_OvernightDrift_1min_RTH;Long;1;19926,00;20134,75;2/5/2024 16:59:00;3/5/2024 9:32:00;EntradaCierre;SalidaApertura;$4169,24;$104638,12;$5,76;$0,00;$0,00;$0,00;$0,00;$70,00;$4485,00;$315,76;4;
1589;NQ 09-26;Backtest;PROD_Bot_NQ_OvernightDrift_1min_RTH;Long;1;20208,75;20235,25;3/5/2024 16:59:00;6/5/2024 9:32:00;EntradaCierre;SalidaApertura;$524,24;$105162,36;$5,76;$0,00;$0,00;$0,00;$0,00;$30,00;$1050,00;$525,76;4;
1590;NQ 09-26;Backtest;PROD_Bot_NQ_OvernightDrift_1min_RTH;Long;1;20370,00;20389,50;6/5/2024 16:59:00;7/5/2024 9:32:00;EntradaCierre;SalidaApertura;$384,24;$105546,60;$5,76;$0,00;$0,00;$0,00;$0,00;$25,00;$550,00;$165,76;4;
1591;NQ 09-26;Backtest;PROD_Bot_NQ_OvernightDrift_1min_RTH;Long;1;20383,25;20281,50;7/5/2024 16:59:00;8/5/2024 9:32:00;EntradaCierre;SalidaApertura;$-2040,76;$103505,84;$5,76;$0,00;$0,00;$0,00;$0,00;$2400,00;$5,00;$2045,76;4;
1592;NQ 09-26;Backtest;PROD_Bot_NQ_OvernightDrift_1min_RTH;Long;1;20352,75;20384,25;8/5/2024 16:59:00;9/5/2024 9:32:00;EntradaCierre;SalidaApertura;$624,24;$104130,08;$5,76;$0,00;$0,00;$0,00;$0,00;$150,00;$720,00;$95,76;4;
1593;NQ 09-26;Backtest;PROD_Bot_NQ_OvernightDrift_1min_RTH;Long;1;20409,00;20443,00;9/5/2024 16:59:00;10/5/2024 9:32:00;EntradaCierre;SalidaApertura;$674,24;$104804,32;$5,76;$0,00;$0,00;$0,00;$0,00;$80,00;$1030,00;$355,76;4;
1594;NQ 09-26;Backtest;PROD_Bot_NQ_OvernightDrift_1min_RTH;Long;1;20429,25;20508,25;10/5/2024 16:59:00;13/5/2024 9:32:00;EntradaCierre;SalidaApertura;$1574,24;$106378,56;$5,76;$0,00;$0,00;$0,00;$0,00;$130,00;$1835,00;$260,76;4;
1595;NQ 09-26;Backtest;PROD_Bot_NQ_OvernightDrift_1min_RTH;Long;1;20469,25;20474,75;13/5/2024 16:59:00;14/5/2024 9:32:00;EntradaCierre;SalidaApertura;$104,24;$106482,80;$5,76;$0,00;$0,00;$0,00;$0,00;$240,00;$180,00;$75,76;4;
1596;NQ 09-26;Backtest;PROD_Bot_NQ_OvernightDrift_1min_RTH;Long;1;20594,25;20685,25;14/5/2024 16:59:00;15/5/2024 9:32:00;EntradaCierre;SalidaApertura;$1814,24;$108297,04;$5,76;$0,00;$0,00;$0,00;$0,00;$20,00;$2165,00;$350,76;4;
1597;NQ 09-26;Backtest;PROD_Bot_NQ_OvernightDrift_1min_RTH;Long;1;20878,00;20865,50;15/5/2024 16:59:00;16/5/2024 9:32:00;EntradaCierre;SalidaApertura;$-255,76;$108041,28;$5,76;$0,00;$0,00;$0,00;$0,00;$370,00;$35,00;$290,76;4;
1598;NQ 09-26;Backtest;PROD_Bot_NQ_OvernightDrift_1min_RTH;Long;1;20821,25;20842,75;16/5/2024 16:59:00;17/5/2024 9:32:00;EntradaCierre;SalidaApertura;$424,24;$108465,52;$5,76;$0,00;$0,00;$0,00;$0,00;$30,00;$560,00;$135,76;4;
1599;NQ 09-26;Backtest;PROD_Bot_NQ_OvernightDrift_1min_RTH;Long;1;20819,25;20825,75;17/5/2024 16:59:00;20/5/2024 9:32:00;EntradaCierre;SalidaApertura;$124,24;$108589,76;$5,76;$0,00;$0,00;$0,00;$0,00;$25,00;$255,00;$130,76;4;
1600;NQ 09-26;Backtest;PROD_Bot_NQ_OvernightDrift_1min_RTH;Long;1;20931,25;20863,50;20/5/2024 16:59:00;21/5/2024 9:32:00;EntradaCierre;SalidaApertura;$-1360,76;$107229,00;$5,76;$0,00;$0,00;$0,00;$0,00;$1365,00;$5,00;$1365,76;4;
1601;NQ 09-26;Backtest;PROD_Bot_NQ_OvernightDrift_1min_RTH;Long;1;20987,00;20998,00;21/5/2024 16:59:00;22/5/2024 9:32:00;EntradaCierre;SalidaApertura;$214,24;$107443,24;$5,76;$0,00;$0,00;$0,00;$0,00;$105,00;$285,00;$70,76;4;
1602;NQ 09-26;Backtest;PROD_Bot_NQ_OvernightDrift_1min_RTH;Long;1;21000,75;21153,50;22/5/2024 16:59:00;23/5/2024 9:32:00;EntradaCierre;SalidaApertura;$3049,24;$110492,48;$5,76;$0,00;$0,00;$0,00;$0,00;$15,00;$3330,00;$280,76;4;
1603;NQ 09-26;Backtest;PROD_Bot_NQ_OvernightDrift_1min_RTH;Long;1;20870,50;20929,00;23/5/2024 16:59:00;24/5/2024 9:32:00;EntradaCierre;SalidaApertura;$1164,24;$111656,72;$5,76;$0,00;$0,00;$0,00;$0,00;$15,00;$1575,00;$410,76;4;
1604;NQ 09-26;Backtest;PROD_Bot_NQ_OvernightDrift_1min_RTH;Long;1;21056,75;21071,25;24/5/2024 16:59:00;27/5/2024 9:32:00;EntradaCierre;SalidaApertura;$284,24;$111940,96;$5,76;$0,00;$0,00;$0,00;$0,00;$45,00;$300,00;$15,76;4;
1605;NQ 09-26;Backtest;PROD_Bot_NQ_OvernightDrift_1min_RTH;Long;1;21135,00;20981,75;28/5/2024 16:59:00;29/5/2024 9:32:00;EntradaCierre;SalidaApertura;$-3070,76;$108870,20;$5,76;$0,00;$0,00;$0,00;$0,00;$3785,00;$40,00;$3110,76;4;
1606;NQ 09-26;Backtest;PROD_Bot_NQ_OvernightDrift_1min_RTH;Long;1;20932,25;20929,50;29/5/2024 16:59:00;30/5/2024 9:32:00;EntradaCierre;SalidaApertura;$-60,76;$108809,44;$5,76;$0,00;$0,00;$0,00;$0,00;$75,00;$355,00;$415,76;4;
1607;NQ 09-26;Backtest;PROD_Bot_NQ_OvernightDrift_1min_RTH;Long;1;20771,75;20788,50;30/5/2024 16:59:00;31/5/2024 9:32:00;EntradaCierre;SalidaApertura;$329,24;$109138,68;$5,76;$0,00;$0,00;$0,00;$0,00;$10,00;$570,00;$240,76;4;
1608;NQ 09-26;Backtest;PROD_Bot_NQ_OvernightDrift_1min_RTH;Long;1;20760,50;20889,25;31/5/2024 16:59:00;3/6/2024 9:32:00;EntradaCierre;SalidaApertura;$2569,24;$111707,92;$5,76;$0,00;$0,00;$0,00;$0,00;$105,00;$2905,00;$335,76;4;
1609;NQ 09-26;Backtest;PROD_Bot_NQ_OvernightDrift_1min_RTH;Long;1;20849,75;20816,50;3/6/2024 16:59:00;4/6/2024 9:32:00;EntradaCierre;SalidaApertura;$-670,76;$111037,16;$5,76;$0,00;$0,00;$0,00;$0,00;$745,00;$5,00;$675,76;4;
1610;NQ 09-26;Backtest;PROD_Bot_NQ_OvernightDrift_1min_RTH;Long;1;20894,00;21009,75;4/6/2024 16:59:00;5/6/2024 9:32:00;EntradaCierre;SalidaApertura;$2309,24;$113346,40;$5,76;$0,00;$0,00;$0,00;$0,00;$90,00;$2870,00;$560,76;4;
1611;NQ 09-26;Backtest;PROD_Bot_NQ_OvernightDrift_1min_RTH;Long;1;21272,50;21276,75;5/6/2024 16:59:00;6/6/2024 9:32:00;EntradaCierre;SalidaApertura;$79,24;$113425,64;$5,76;$0,00;$0,00;$0,00;$0,00;$50,00;$340,00;$260,76;4;
1612;NQ 09-26;Backtest;PROD_Bot_NQ_OvernightDrift_1min_RTH;Long;1;21251,50;21196,00;6/6/2024 16:59:00;7/6/2024 9:32:00;EntradaCierre;SalidaApertura;$-1115,76;$112309,88;$5,76;$0,00;$0,00;$0,00;$0,00;$1230,00;$80,00;$1195,76;4;
1613;NQ 09-26;Backtest;PROD_Bot_NQ_OvernightDrift_1min_RTH;Long;1;21216,50;21172,75;7/6/2024 16:59:00;10/6/2024 9:32:00;EntradaCierre;SalidaApertura;$-880,76;$111429,12;$5,76;$0,00;$0,00;$0,00;$0,00;$1020,00;$15,00;$895,76;4;
1614;NQ 09-26;Backtest;PROD_Bot_NQ_OvernightDrift_1min_RTH;Long;1;21289,25;21245,50;10/6/2024 16:59:00;11/6/2024 9:32:00;EntradaCierre;SalidaApertura;$-880,76;$110548,36;$5,76;$0,00;$0,00;$0,00;$0,00;$1025,00;$65,00;$945,76;4;
1615;NQ 09-26;Backtest;PROD_Bot_NQ_OvernightDrift_1min_RTH;Long;1;21432,75;21564,75;11/6/2024 16:59:00;12/6/2024 9:32:00;EntradaCierre;SalidaApertura;$2634,24;$113182,60;$5,76;$0,00;$0,00;$0,00;$0,00;$50,00;$3165,00;$530,76;4;
1616;NQ 09-26;Backtest;PROD_Bot_NQ_OvernightDrift_1min_RTH;Long;1;21785,00;21818,75;12/6/2024 16:59:00;13/6/2024 9:32:00;EntradaCierre;SalidaApertura;$669,24;$113851,84;$5,76;$0,00;$0,00;$0,00;$0,00;$10,00;$850,00;$180,76;4;
1617;NQ 09-26;Backtest;PROD_Bot_NQ_OvernightDrift_1min_RTH;Long;1;21791,50;21762,25;13/6/2024 16:59:00;14/6/2024 9:32:00;EntradaCierre;SalidaApertura;$-590,76;$113261,08;$5,76;$0,00;$0,00;$0,00;$0,00;$675,00;$40,00;$630,76;4;
1618;NQ 09-26;Backtest;PROD_Bot_NQ_OvernightDrift_1min_RTH;Long;1;21874,25;21883,75;14/6/2024 16:59:00;17/6/2024 9:32:00;EntradaCierre;SalidaApertura;$184,24;$113445,32;$5,76;$0,00;$0,00;$0,00;$0,00;$10,00;$350,00;$165,76;4;
1619;NQ 09-26;Backtest;PROD_Bot_NQ_OvernightDrift_1min_RTH;Long;1;22107,50;22112,75;17/6/2024 16:59:00;18/6/2024 9:32:00;EntradaCierre;SalidaApertura;$99,24;$113544,56;$5,76;$0,00;$0,00;$0,00;$0,00;$15,00;$260,00;$160,76;4;
1620;NQ 09-26;Backtest;PROD_Bot_NQ_OvernightDrift_1min_RTH;Long;1;22130,75;22174,50;18/6/2024 16:59:00;19/6/2024 9:32:00;EntradaCierre;SalidaApertura;$869,24;$114413,80;$5,76;$0,00;$0,00;$0,00;$0,00;$20,00;$885,00;$15,76;4;
1621;NQ 09-26;Backtest;PROD_Bot_NQ_OvernightDrift_1min_RTH;Long;1;21976,75;21916,75;20/6/2024 16:59:00;21/6/2024 9:32:00;EntradaCierre;SalidaApertura;$-1205,76;$113208,04;$5,76;$0,00;$0,00;$0,00;$0,00;$1380,00;$65,00;$1270,76;4;
1622;NQ 09-26;Backtest;PROD_Bot_NQ_OvernightDrift_1min_RTH;Long;1;21931,75;21840,75;21/6/2024 16:59:00;24/6/2024 9:32:00;EntradaCierre;SalidaApertura;$-1825,76;$111382,28;$5,76;$0,00;$0,00;$0,00;$0,00;$1975,00;$50,00;$1875,76;4;
1623;NQ 09-26;Backtest;PROD_Bot_NQ_OvernightDrift_1min_RTH;Long;1;21671,75;21756,25;24/6/2024 16:59:00;25/6/2024 9:32:00;EntradaCierre;SalidaApertura;$1684,24;$113066,52;$5,76;$0,00;$0,00;$0,00;$0,00;$25,00;$1715,00;$30,76;4;
1624;NQ 09-26;Backtest;PROD_Bot_NQ_OvernightDrift_1min_RTH;Long;1;21892,25;21848,50;25/6/2024 16:59:00;26/6/2024 9:32:00;EntradaCierre;SalidaApertura;$-880,76;$112185,76;$5,76;$0,00;$0,00;$0,00;$0,00;$940,00;$55,00;$935,76;4;
1625;NQ 09-26;Backtest;PROD_Bot_NQ_OvernightDrift_1min_RTH;Long;1;21873,50;21939,25;26/6/2024 16:59:00;27/6/2024 9:32:00;EntradaCierre;SalidaApertura;$1309,24;$113495,00;$5,76;$0,00;$0,00;$0,00;$0,00;$10,00;$1330,00;$20,76;4;
1626;NQ 09-26;Backtest;PROD_Bot_NQ_OvernightDrift_1min_RTH;Long;1;21991,25;21972,25;27/6/2024 16:59:00;28/6/2024 9:32:00;EntradaCierre;SalidaApertura;$-385,76;$113109,24;$5,76;$0,00;$0,00;$0,00;$0,00;$395,00;$155,00;$540,76;4;
1627;NQ 09-26;Backtest;PROD_Bot_NQ_OvernightDrift_1min_RTH;Long;1;21893,50;21891,00;28/6/2024 16:59:00;1/7/2024 9:32:00;EntradaCierre;SalidaApertura;$-55,76;$113053,48;$5,76;$0,00;$0,00;$0,00;$0,00;$475,00;$45,00;$100,76;4;
1628;NQ 09-26;Backtest;PROD_Bot_NQ_OvernightDrift_1min_RTH;Long;1;21967,50;21909,25;1/7/2024 16:59:00;2/7/2024 9:32:00;EntradaCierre;SalidaApertura;$-1170,76;$111882,72;$5,76;$0,00;$0,00;$0,00;$0,00;$1335,00;$0,00;$1170,76;4;
1629;NQ 09-26;Backtest;PROD_Bot_NQ_OvernightDrift_1min_RTH;Long;1;22163,00;22165,75;2/7/2024 16:59:00;3/7/2024 9:32:00;EntradaCierre;SalidaApertura;$49,24;$111931,96;$5,76;$0,00;$0,00;$0,00;$0,00;$460,00;$115,00;$65,76;4;
1630;NQ 09-26;Backtest;PROD_Bot_NQ_OvernightDrift_1min_RTH;Long;1;22522,25;22551,75;5/7/2024 16:59:00;8/7/2024 9:32:00;EntradaCierre;SalidaApertura;$584,24;$112516,20;$5,76;$0,00;$0,00;$0,00;$0,00;$160,00;$770,00;$185,76;4;
1631;NQ 09-26;Backtest;PROD_Bot_NQ_OvernightDrift_1min_RTH;Long;1;22606,00;22652,50;8/7/2024 16:59:00;9/7/2024 9:32:00;EntradaCierre;SalidaApertura;$924,24;$113440,44;$5,76;$0,00;$0,00;$0,00;$0,00;$15,00;$1010,00;$85,76;4;
1632;NQ 09-26;Backtest;PROD_Bot_NQ_OvernightDrift_1min_RTH;Long;1;22611,00;22681,50;9/7/2024 16:59:00;10/7/2024 9:32:00;EntradaCierre;SalidaApertura;$1404,24;$114844,68;$5,76;$0,00;$0,00;$0,00;$0,00;$10,00;$1575,00;$170,76;4;
1633;NQ 09-26;Backtest;PROD_Bot_NQ_OvernightDrift_1min_RTH;Long;1;22817,50;22806,75;10/7/2024 16:59:00;11/7/2024 9:32:00;EntradaCierre;SalidaApertura;$-220,76;$114623,92;$5,76;$0,00;$0,00;$0,00;$0,00;$295,00;$175,00;$395,76;4;
1634;NQ 09-26;Backtest;PROD_Bot_NQ_OvernightDrift_1min_RTH;Long;1;22358,25;22383,00;11/7/2024 16:59:00;12/7/2024 9:32:00;EntradaCierre;SalidaApertura;$489,24;$115113,16;$5,76;$0,00;$0,00;$0,00;$0,00;$100,00;$520,00;$30,76;4;
1635;NQ 09-26;Backtest;PROD_Bot_NQ_OvernightDrift_1min_RTH;Long;1;22463,75;22543,75;12/7/2024 16:59:00;15/7/2024 9:32:00;EntradaCierre;SalidaApertura;$1594,24;$116707,40;$5,76;$0,00;$0,00;$0,00;$0,00;$30,00;$1670,00;$75,76;4;
1636;NQ 09-26;Backtest;PROD_Bot_NQ_OvernightDrift_1min_RTH;Long;1;22548,75;22560,50;15/7/2024 16:59:00;16/7/2024 9:32:00;EntradaCierre;SalidaApertura;$229,24;$116936,64;$5,76;$0,00;$0,00;$0,00;$0,00;$35,00;$635,00;$405,76;4;
1637;NQ 09-26;Backtest;PROD_Bot_NQ_OvernightDrift_1min_RTH;Long;1;22515,25;22177,25;16/7/2024 16:59:00;17/7/2024 9:32:00;EntradaCierre;SalidaApertura;$-6765,76;$110170,88;$5,76;$0,00;$0,00;$0,00;$0,00;$7020,00;$10,00;$6775,76;4;
1638;NQ 09-26;Backtest;PROD_Bot_NQ_OvernightDrift_1min_RTH;Long;1;21935,00;22048,75;17/7/2024 16:59:00;18/7/2024 9:32:00;EntradaCierre;SalidaApertura;$2269,24;$112440,12;$5,76;$0,00;$0,00;$0,00;$0,00;$30,00;$2765,00;$495,76;4;
1639;NQ 09-26;Backtest;PROD_Bot_NQ_OvernightDrift_1min_RTH;Long;1;21872,50;21776,75;18/7/2024 16:59:00;19/7/2024 9:32:00;EntradaCierre;SalidaApertura;$-1920,76;$110519,36;$5,76;$0,00;$0,00;$0,00;$0,00;$1915,00;$20,00;$1940,76;4;
1640;NQ 09-26;Backtest;PROD_Bot_NQ_OvernightDrift_1min_RTH;Long;1;21624,50;21833,50;19/7/2024 16:59:00;22/7/2024 9:32:00;EntradaCierre;SalidaApertura;$4174,24;$114693,60;$5,76;$0,00;$0,00;$0,00;$0,00;$35,00;$5175,00;$1000,76;4;
1641;NQ 09-26;Backtest;PROD_Bot_NQ_OvernightDrift_1min_RTH;Long;1;21901,25;21881,75;22/7/2024 16:59:00;23/7/2024 9:32:00;EntradaCierre;SalidaApertura;$-395,76;$114297,84;$5,76;$0,00;$0,00;$0,00;$0,00;$430,00;$90,00;$485,76;4;
1642;NQ 09-26;Backtest;PROD_Bot_NQ_OvernightDrift_1min_RTH;Long;1;21886,75;21555,75;23/7/2024 16:59:00;24/7/2024 9:32:00;EntradaCierre;SalidaApertura;$-6625,76;$107672,08;$5,76;$0,00;$0,00;$0,00;$0,00;$6745,00;$0,00;$6625,76;4;
1643;NQ 09-26;Backtest;PROD_Bot_NQ_OvernightDrift_1min_RTH;Long;1;21184,00;21122,25;24/7/2024 16:59:00;25/7/2024 9:32:00;EntradaCierre;SalidaApertura;$-1240,76;$106431,32;$5,76;$0,00;$0,00;$0,00;$0,00;$1245,00;$190,00;$1430,76;4;
1644;NQ 09-26;Backtest;PROD_Bot_NQ_OvernightDrift_1min_RTH;Long;1;20904,25;21057,50;25/7/2024 16:59:00;26/7/2024 9:32:00;EntradaCierre;SalidaApertura;$3059,24;$109490,56;$5,76;$0,00;$0,00;$0,00;$0,00;$10,00;$3720,00;$660,76;4;
1645;NQ 09-26;Backtest;PROD_Bot_NQ_OvernightDrift_1min_RTH;Long;1;21099,00;21179,25;26/7/2024 16:59:00;29/7/2024 9:32:00;EntradaCierre;SalidaApertura;$1599,24;$111089,80;$5,76;$0,00;$0,00;$0,00;$0,00;$55,00;$2355,00;$755,76;4;
1646;NQ 09-26;Backtest;PROD_Bot_NQ_OvernightDrift_1min_RTH;Long;1;21139,00;21182,00;29/7/2024 16:59:00;30/7/2024 9:32:00;EntradaCierre;SalidaApertura;$854,24;$111944,04;$5,76;$0,00;$0,00;$0,00;$0,00;$15,00;$1555,00;$700,76;4;
1647;NQ 09-26;Backtest;PROD_Bot_NQ_OvernightDrift_1min_RTH;Long;1;20794,00;21286,25;30/7/2024 16:59:00;31/7/2024 9:32:00;EntradaCierre;SalidaApertura;$9839,24;$121783,28;$5,76;$0,00;$0,00;$0,00;$0,00;$180,00;$10410,00;$570,76;4;
1648;NQ 09-26;Backtest;PROD_Bot_NQ_OvernightDrift_1min_RTH;Long;1;21507,00;21454,25;31/7/2024 16:59:00;1/8/2024 9:32:00;EntradaCierre;SalidaApertura;$-1060,76;$120722,52;$5,76;$0,00;$0,00;$0,00;$0,00;$1335,00;$45,00;$1105,76;4;
1649;NQ 09-26;Backtest;PROD_Bot_NQ_OvernightDrift_1min_RTH;Long;1;20886,50;20558,75;1/8/2024 16:59:00;2/8/2024 9:32:00;EntradaCierre;SalidaApertura;$-6560,76;$114161,76;$5,76;$0,00;$0,00;$0,00;$0,00;$7015,00;$265,00;$6825,76;4;
1650;NQ 09-26;Backtest;PROD_Bot_NQ_OvernightDrift_1min_RTH;Long;1;20426,50;19480,25;2/8/2024 16:59:00;5/8/2024 9:32:00;EntradaCierre;SalidaApertura;$-18930,76;$95231,00;$5,76;$0,00;$0,00;$0,00;$0,00;$19865,00;$255,00;$19185,76;4;
1651;NQ 09-26;Backtest;PROD_Bot_NQ_OvernightDrift_1min_RTH;Long;1;20487,25;20384,00;8/8/2024 16:59:00;9/8/2024 9:32:00;EntradaCierre;SalidaApertura;$-2070,76;$93160,24;$5,76;$0,00;$0,00;$0,00;$0,00;$2245,00;$70,00;$2140,76;4;
1652;NQ 09-26;Backtest;PROD_Bot_NQ_OvernightDrift_1min_RTH;Long;1;20516,50;20586,25;9/8/2024 16:59:00;12/8/2024 9:32:00;EntradaCierre;SalidaApertura;$1389,24;$94549,48;$5,76;$0,00;$0,00;$0,00;$0,00;$20,00;$1470,00;$80,76;4;
1653;NQ 09-26;Backtest;PROD_Bot_NQ_OvernightDrift_1min_RTH;Long;1;20552,50;20767,25;12/8/2024 16:59:00;13/8/2024 9:32:00;EntradaCierre;SalidaApertura;$4289,24;$98838,72;$5,76;$0,00;$0,00;$0,00;$0,00;$50,00;$4310,00;$20,76;4;
1654;NQ 09-26;Backtest;PROD_Bot_NQ_OvernightDrift_1min_RTH;Long;1;21020,75;21086,00;13/8/2024 16:59:00;14/8/2024 9:32:00;EntradaCierre;SalidaApertura;$1299,24;$100137,96;$5,76;$0,00;$0,00;$0,00;$0,00;$20,00;$1370,00;$70,76;4;
1655;NQ 09-26;Backtest;PROD_Bot_NQ_OvernightDrift_1min_RTH;Long;1;21066,75;21281,25;14/8/2024 16:59:00;15/8/2024 9:32:00;EntradaCierre;SalidaApertura;$4284,24;$104422,20;$5,76;$0,00;$0,00;$0,00;$0,00;$50,00;$4485,00;$200,76;4;
1656;NQ 09-26;Backtest;PROD_Bot_NQ_OvernightDrift_1min_RTH;Long;1;21489,25;21389,75;15/8/2024 16:59:00;16/8/2024 9:32:00;EntradaCierre;SalidaApertura;$-1995,76;$102426,44;$5,76;$0,00;$0,00;$0,00;$0,00;$1990,00;$130,00;$2125,76;4;
1657;NQ 09-26;Backtest;PROD_Bot_NQ_OvernightDrift_1min_RTH;Long;1;21535,50;21517,50;16/8/2024 16:59:00;19/8/2024 9:32:00;EntradaCierre;SalidaApertura;$-365,76;$102060,68;$5,76;$0,00;$0,00;$0,00;$0,00;$360,00;$60,00;$425,76;4;
1658;NQ 09-26;Backtest;PROD_Bot_NQ_OvernightDrift_1min_RTH;Long;1;21778,25;21756,25;19/8/2024 16:59:00;20/8/2024 9:32:00;EntradaCierre;SalidaApertura;$-445,76;$101614,92;$5,76;$0,00;$0,00;$0,00;$0,00;$745,00;$10,00;$455,76;4;
1659;NQ 09-26;Backtest;PROD_Bot_NQ_OvernightDrift_1min_RTH;Long;1;21728,50;21767,00;20/8/2024 16:59:00;21/8/2024 9:32:00;EntradaCierre;SalidaApertura;$764,24;$102379,16;$5,76;$0,00;$0,00;$0,00;$0,00;$30,00;$845,00;$80,76;4;
1660;NQ 09-26;Backtest;PROD_Bot_NQ_OvernightDrift_1min_RTH;Long;1;21844,75;21946,25;21/8/2024 16:59:00;22/8/2024 9:32:00;EntradaCierre;SalidaApertura;$2024,24;$104403,40;$5,76;$0,00;$0,00;$0,00;$0,00;$65,00;$2065,00;$40,76;4;
1661;NQ 09-26;Backtest;PROD_Bot_NQ_OvernightDrift_1min_RTH;Long;1;21541,25;21663,75;22/8/2024 16:59:00;23/8/2024 9:32:00;EntradaCierre;SalidaApertura;$2444,24;$106847,64;$5,76;$0,00;$0,00;$0,00;$0,00;$150,00;$2950,00;$505,76;4;
1662;NQ 09-26;Backtest;PROD_Bot_NQ_OvernightDrift_1min_RTH;Long;1;21702,75;21691,25;23/8/2024 16:59:00;26/8/2024 9:32:00;EntradaCierre;SalidaApertura;$-235,76;$106611,88;$5,76;$0,00;$0,00;$0,00;$0,00;$540,00;$5,00;$240,76;4;
1663;NQ 09-26;Backtest;PROD_Bot_NQ_OvernightDrift_1min_RTH;Long;1;21486,00;21437,25;26/8/2024 16:59:00;27/8/2024 9:32:00;EntradaCierre;SalidaApertura;$-980,76;$105631,12;$5,76;$0,00;$0,00;$0,00;$0,00;$1045,00;$0,00;$980,76;4;
1664;NQ 09-26;Backtest;PROD_Bot_NQ_OvernightDrift_1min_RTH;Long;1;21556,75;21577,50;27/8/2024 16:59:00;28/8/2024 9:32:00;EntradaCierre;SalidaApertura;$409,24;$106040,36;$5,76;$0,00;$0,00;$0,00;$0,00;$245,00;$475,00;$65,76;4;
1665;NQ 09-26;Backtest;PROD_Bot_NQ_OvernightDrift_1min_RTH;Long;1;21237,00;21408,50;28/8/2024 16:59:00;29/8/2024 9:32:00;EntradaCierre;SalidaApertura;$3424,24;$109464,60;$5,76;$0,00;$0,00;$0,00;$0,00;$295,00;$3920,00;$495,76;4;
1666;NQ 09-26;Backtest;PROD_Bot_NQ_OvernightDrift_1min_RTH;Long;1;21372,25;21481,00;29/8/2024 16:59:00;30/8/2024 9:32:00;EntradaCierre;SalidaApertura;$2169,24;$111633,84;$5,76;$0,00;$0,00;$0,00;$0,00;$55,00;$2580,00;$410,76;4;
1667;NQ 09-26;Backtest;PROD_Bot_NQ_OvernightDrift_1min_RTH;Long;1;21519,50;21545,00;30/8/2024 16:59:00;2/9/2024 9:32:00;EntradaCierre;SalidaApertura;$504,24;$112138,08;$5,76;$0,00;$0,00;$0,00;$0,00;$75,00;$560,00;$55,76;4;
1668;NQ 09-26;Backtest;PROD_Bot_NQ_OvernightDrift_1min_RTH;Long;1;20912,25;20803,00;3/9/2024 16:59:00;4/9/2024 9:32:00;EntradaCierre;SalidaApertura;$-2190,76;$109947,32;$5,76;$0,00;$0,00;$0,00;$0,00;$2555,00;$160,00;$2350,76;4;
1669;NQ 09-26;Backtest;PROD_Bot_NQ_OvernightDrift_1min_RTH;Long;1;20886,75;20819,75;4/9/2024 16:59:00;5/9/2024 9:32:00;EntradaCierre;SalidaApertura;$-1345,76;$108601,56;$5,76;$0,00;$0,00;$0,00;$0,00;$1555,00;$85,00;$1430,76;4;
1670;NQ 09-26;Backtest;PROD_Bot_NQ_OvernightDrift_1min_RTH;Long;1;20847,75;20881,00;5/9/2024 16:59:00;6/9/2024 9:32:00;EntradaCierre;SalidaApertura;$659,24;$109260,80;$5,76;$0,00;$0,00;$0,00;$0,00;$105,00;$870,00;$210,76;4;
1671;NQ 09-26;Backtest;PROD_Bot_NQ_OvernightDrift_1min_RTH;Long;1;20641,25;20695,25;9/9/2024 16:59:00;10/9/2024 9:32:00;EntradaCierre;SalidaApertura;$1074,24;$110335,04;$5,76;$0,00;$0,00;$0,00;$0,00;$25,00;$1205,00;$130,76;4;
1672;NQ 09-26;Backtest;PROD_Bot_NQ_OvernightDrift_1min_RTH;Long;1;20756,25;20784,00;10/9/2024 16:59:00;11/9/2024 9:32:00;EntradaCierre;SalidaApertura;$549,24;$110884,28;$5,76;$0,00;$0,00;$0,00;$0,00;$20,00;$1445,00;$895,76;4;
1673;NQ 09-26;Backtest;PROD_Bot_NQ_OvernightDrift_1min_RTH;Long;1;21166,50;21160,50;11/9/2024 16:59:00;12/9/2024 9:32:00;EntradaCierre;SalidaApertura;$-125,76;$110758,52;$5,76;$0,00;$0,00;$0,00;$0,00;$220,00;$515,00;$640,76;4;
1674;NQ 09-26;Backtest;PROD_Bot_NQ_OvernightDrift_1min_RTH;Long;1;21339,50;21342,75;12/9/2024 16:59:00;13/9/2024 9:32:00;EntradaCierre;SalidaApertura;$59,24;$110817,76;$5,76;$0,00;$0,00;$0,00;$0,00;$345,00;$195,00;$135,76;4;
1675;NQ 09-26;Backtest;PROD_Bot_NQ_OvernightDrift_1min_RTH;Long;1;21430,50;21330,00;13/9/2024 16:59:00;16/9/2024 9:32:00;EntradaCierre;SalidaApertura;$-2015,76;$108802,00;$5,76;$0,00;$0,00;$0,00;$0,00;$2050,00;$15,00;$2030,76;4;
1676;NQ 09-26;Backtest;PROD_Bot_NQ_OvernightDrift_1min_RTH;Long;1;21342,00;21497,25;16/9/2024 16:59:00;17/9/2024 9:32:00;EntradaCierre;SalidaApertura;$3099,24;$111901,24;$5,76;$0,00;$0,00;$0,00;$0,00;$70,00;$3265,00;$165,76;4;
1677;NQ 09-26;Backtest;PROD_Bot_NQ_OvernightDrift_1min_RTH;Long;1;21374,75;21414,75;17/9/2024 16:59:00;18/9/2024 9:32:00;EntradaCierre;SalidaApertura;$794,24;$112695,48;$5,76;$0,00;$0,00;$0,00;$0,00;$60,00;$1015,00;$220,76;4;
1678;NQ 09-26;Backtest;PROD_Bot_NQ_OvernightDrift_1min_RTH;Long;1;21313,50;21723,75;18/9/2024 16:59:00;19/9/2024 9:32:00;EntradaCierre;SalidaApertura;$8199,24;$120894,72;$5,76;$0,00;$0,00;$0,00;$0,00;$20,00;$8680,00;$480,76;4;
1679;NQ 09-26;Backtest;PROD_Bot_NQ_OvernightDrift_1min_RTH;Long;1;21748,00;21731,25;19/9/2024 16:59:00;20/9/2024 9:32:00;EntradaCierre;SalidaApertura;$-340,76;$120553,96;$5,76;$0,00;$0,00;$0,00;$0,00;$540,00;$75,00;$415,76;4;
1680;NQ 09-26;Backtest;PROD_Bot_NQ_OvernightDrift_1min_RTH;Long;1;21701,75;21766,25;20/9/2024 16:59:00;23/9/2024 9:32:00;EntradaCierre;SalidaApertura;$1284,24;$121838,20;$5,76;$0,00;$0,00;$0,00;$0,00;$15,00;$1380,00;$95,76;4;
1681;NQ 09-26;Backtest;PROD_Bot_NQ_OvernightDrift_1min_RTH;Long;1;21748,75;21830,50;23/9/2024 16:59:00;24/9/2024 9:32:00;EntradaCierre;SalidaApertura;$1629,24;$123467,44;$5,76;$0,00;$0,00;$0,00;$0,00;$40,00;$1885,00;$255,76;4;
1682;NQ 09-26;Backtest;PROD_Bot_NQ_OvernightDrift_1min_RTH;Long;1;21876,00;21849,25;24/9/2024 16:59:00;25/9/2024 9:32:00;EntradaCierre;SalidaApertura;$-540,76;$122926,68;$5,76;$0,00;$0,00;$0,00;$0,00;$980,00;$0,00;$540,76;4;
1683;NQ 09-26;Backtest;PROD_Bot_NQ_OvernightDrift_1min_RTH;Long;1;21930,00;22168,75;25/9/2024 16:59:00;26/9/2024 9:32:00;EntradaCierre;SalidaApertura;$4769,24;$127695,92;$5,76;$0,00;$0,00;$0,00;$0,00;$30,00;$5530,00;$760,76;4;
1684;NQ 09-26;Backtest;PROD_Bot_NQ_OvernightDrift_1min_RTH;Long;1;22033,75;22043,25;26/9/2024 16:59:00;27/9/2024 9:32:00;EntradaCierre;SalidaApertura;$184,24;$127880,16;$5,76;$0,00;$0,00;$0,00;$0,00;$45,00;$765,00;$580,76;4;
1685;NQ 09-26;Backtest;PROD_Bot_NQ_OvernightDrift_1min_RTH;Long;1;21885,25;21862,75;27/9/2024 16:59:00;30/9/2024 9:32:00;EntradaCierre;SalidaApertura;$-455,76;$127424,40;$5,76;$0,00;$0,00;$0,00;$0,00;$500,00;$55,00;$510,76;4;
1686;NQ 09-26;Backtest;PROD_Bot_NQ_OvernightDrift_1min_RTH;Long;1;21933,50;21943,75;30/9/2024 16:59:00;1/10/2024 9:32:00;EntradaCierre;SalidaApertura;$199,24;$127623,64;$5,76;$0,00;$0,00;$0,00;$0,00;$240,00;$430,00;$230,76;4;
1687;NQ 09-26;Backtest;PROD_Bot_NQ_OvernightDrift_1min_RTH;Long;1;21653,75;21610,25;1/10/2024 16:59:00;2/10/2024 9:32:00;EntradaCierre;SalidaApertura;$-875,76;$126747,88;$5,76;$0,00;$0,00;$0,00;$0,00;$875,00;$35,00;$910,76;4;
1688;NQ 09-26;Backtest;PROD_Bot_NQ_OvernightDrift_1min_RTH;Long;1;21755,50;21610,25;2/10/2024 16:59:00;3/10/2024 9:32:00;EntradaCierre;SalidaApertura;$-2910,76;$123837,12;$5,76;$0,00;$0,00;$0,00;$0,00;$3195,00;$0,00;$2910,76;4;
1689;NQ 09-26;Backtest;PROD_Bot_NQ_OvernightDrift_1min_RTH;Long;1;21658,50;21910,50;3/10/2024 16:59:00;4/10/2024 9:32:00;EntradaCierre;SalidaApertura;$5034,24;$128871,36;$5,76;$0,00;$0,00;$0,00;$0,00;$285,00;$5325,00;$290,76;4;
1690;NQ 09-26;Backtest;PROD_Bot_NQ_OvernightDrift_1min_RTH;Long;1;21891,75;21828,50;4/10/2024 16:59:00;7/10/2024 9:32:00;EntradaCierre;SalidaApertura;$-1270,76;$127600,60;$5,76;$0,00;$0,00;$0,00;$0,00;$1350,00;$15,00;$1285,76;4;
1691;NQ 09-26;Backtest;PROD_Bot_NQ_OvernightDrift_1min_RTH;Long;1;21706,00;21772,75;7/10/2024 16:59:00;8/10/2024 9:32:00;EntradaCierre;SalidaApertura;$1329,24;$128929,84;$5,76;$0,00;$0,00;$0,00;$0,00;$20,00;$1785,00;$455,76;4;
1692;NQ 09-26;Backtest;PROD_Bot_NQ_OvernightDrift_1min_RTH;Long;1;21974,00;21973,25;8/10/2024 16:59:00;9/10/2024 9:32:00;EntradaCierre;SalidaApertura;$-20,76;$128909,08;$5,76;$0,00;$0,00;$0,00;$0,00;$110,00;$100,00;$120,76;4;
1693;NQ 09-26;Backtest;PROD_Bot_NQ_OvernightDrift_1min_RTH;Long;1;22133,50;22036,25;9/10/2024 16:59:00;10/10/2024 9:32:00;EntradaCierre;SalidaApertura;$-1950,76;$126958,32;$5,76;$0,00;$0,00;$0,00;$0,00;$1965,00;$110,00;$2060,76;4;
1694;NQ 09-26;Backtest;PROD_Bot_NQ_OvernightDrift_1min_RTH;Long;1;22127,50;22013,50;10/10/2024 16:59:00;11/10/2024 9:32:00;EntradaCierre;SalidaApertura;$-2285,76;$124672,56;$5,76;$0,00;$0,00;$0,00;$0,00;$2325,00;$0,00;$2285,76;4;
1695;NQ 09-26;Backtest;PROD_Bot_NQ_OvernightDrift_1min_RTH;Long;1;22105,75;22243,25;11/10/2024 16:59:00;14/10/2024 9:32:00;EntradaCierre;SalidaApertura;$2744,24;$127416,80;$5,76;$0,00;$0,00;$0,00;$0,00;$85,00;$2885,00;$140,76;4;
1696;NQ 09-26;Backtest;PROD_Bot_NQ_OvernightDrift_1min_RTH;Long;1;22325,75;22308,50;14/10/2024 16:59:00;15/10/2024 9:32:00;EntradaCierre;SalidaApertura;$-350,76;$127066,04;$5,76;$0,00;$0,00;$0,00;$0,00;$620,00;$35,00;$385,76;4;
1697;NQ 09-26;Backtest;PROD_Bot_NQ_OvernightDrift_1min_RTH;Long;1;22021,25;22032,25;15/10/2024 16:59:00;16/10/2024 9:32:00;EntradaCierre;SalidaApertura;$214,24;$127280,28;$5,76;$0,00;$0,00;$0,00;$0,00;$40,00;$500,00;$285,76;4;
1698;NQ 09-26;Backtest;PROD_Bot_NQ_OvernightDrift_1min_RTH;Long;1;22016,50;22237,00;16/10/2024 16:59:00;17/10/2024 9:32:00;EntradaCierre;SalidaApertura;$4404,24;$131684,52;$5,76;$0,00;$0,00;$0,00;$0,00;$65,00;$4970,00;$565,76;4;
1699;NQ 09-26;Backtest;PROD_Bot_NQ_OvernightDrift_1min_RTH;Long;1;22075,75;22140,50;17/10/2024 16:59:00;18/10/2024 9:32:00;EntradaCierre;SalidaApertura;$1289,24;$132973,76;$5,76;$0,00;$0,00;$0,00;$0,00;$70,00;$1625,00;$335,76;4;
1700;NQ 09-26;Backtest;PROD_Bot_NQ_OvernightDrift_1min_RTH;Long;1;22173,50;22143,00;18/10/2024 16:59:00;21/10/2024 9:32:00;EntradaCierre;SalidaApertura;$-615,76;$132358,00;$5,76;$0,00;$0,00;$0,00;$0,00;$1150,00;$20,00;$635,76;4;
1701;NQ 09-26;Backtest;PROD_Bot_NQ_OvernightDrift_1min_RTH;Long;1;22234,00;22074,25;21/10/2024 16:59:00;22/10/2024 9:32:00;EntradaCierre;SalidaApertura;$-3200,76;$129157,24;$5,76;$0,00;$0,00;$0,00;$0,00;$3230,00;$15,00;$3215,76;4;
1702;NQ 09-26;Backtest;PROD_Bot_NQ_OvernightDrift_1min_RTH;Long;1;22213,75;22135,50;22/10/2024 16:59:00;23/10/2024 9:32:00;EntradaCierre;SalidaApertura;$-1570,76;$127586,48;$5,76;$0,00;$0,00;$0,00;$0,00;$1815,00;$40,00;$1610,76;4;
1703;NQ 09-26;Backtest;PROD_Bot_NQ_OvernightDrift_1min_RTH;Long;1;21965,75;22028,50;23/10/2024 16:59:00;24/10/2024 9:32:00;EntradaCierre;SalidaApertura;$1249,24;$128835,72;$5,76;$0,00;$0,00;$0,00;$0,00;$95,00;$1990,00;$740,76;4;
1704;NQ 09-26;Backtest;PROD_Bot_NQ_OvernightDrift_1min_RTH;Long;1;22073,25;22207,50;24/10/2024 16:59:00;25/10/2024 9:32:00;EntradaCierre;SalidaApertura;$2679,24;$131514,96;$5,76;$0,00;$0,00;$0,00;$0,00;$30,00;$2875,00;$195,76;4;
1705;NQ 09-26;Backtest;PROD_Bot_NQ_OvernightDrift_1min_RTH;Long;1;22164,50;22273,25;25/10/2024 16:59:00;28/10/2024 9:32:00;EntradaCierre;SalidaApertura;$2169,24;$133684,20;$5,76;$0,00;$0,00;$0,00;$0,00;$45,00;$3025,00;$855,76;4;
1706;NQ 09-26;Backtest;PROD_Bot_NQ_OvernightDrift_1min_RTH;Long;1;22198,00;22182,00;28/10/2024 16:59:00;29/10/2024 9:32:00;EntradaCierre;SalidaApertura;$-325,76;$133358,44;$5,76;$0,00;$0,00;$0,00;$0,00;$370,00;$350,00;$675,76;4;
1707;NQ 09-26;Backtest;PROD_Bot_NQ_OvernightDrift_1min_RTH;Long;1;22397,75;22324,00;29/10/2024 16:59:00;30/10/2024 9:32:00;EntradaCierre;SalidaApertura;$-1480,76;$131877,68;$5,76;$0,00;$0,00;$0,00;$0,00;$1530,00;$10,00;$1490,76;4;
1708;NQ 09-26;Backtest;PROD_Bot_NQ_OvernightDrift_1min_RTH;Long;1;22188,00;22021,50;30/10/2024 16:59:00;31/10/2024 9:32:00;EntradaCierre;SalidaApertura;$-3335,76;$128541,92;$5,76;$0,00;$0,00;$0,00;$0,00;$3390,00;$200,00;$3535,76;4;
1709;NQ 09-26;Backtest;PROD_Bot_NQ_OvernightDrift_1min_RTH;Long;1;21715,50;21768,50;31/10/2024 16:59:00;1/11/2024 9:32:00;EntradaCierre;SalidaApertura;$1054,24;$129596,16;$5,76;$0,00;$0,00;$0,00;$0,00;$25,00;$1100,00;$45,76;4;
1710;NQ 09-26;Backtest;PROD_Bot_NQ_OvernightDrift_1min_RTH;Long;1;21856,75;21813,75;1/11/2024 16:59:00;4/11/2024 9:32:00;EntradaCierre;SalidaApertura;$-865,76;$128730,40;$5,76;$0,00;$0,00;$0,00;$0,00;$1030,00;$100,00;$965,76;4;
1711;NQ 09-26;Backtest;PROD_Bot_NQ_OvernightDrift_1min_RTH;Long;1;21794,00;21868,00;4/11/2024 16:59:00;5/11/2024 9:32:00;EntradaCierre;SalidaApertura;$1474,24;$130204,64;$5,76;$0,00;$0,00;$0,00;$0,00;$30,00;$1695,00;$220,76;4;
1712;NQ 09-26;Backtest;PROD_Bot_NQ_OvernightDrift_1min_RTH;Long;1;22043,50;22368,50;5/11/2024 16:59:00;6/11/2024 9:32:00;EntradaCierre;SalidaApertura;$6494,24;$136698,88;$5,76;$0,00;$0,00;$0,00;$0,00;$30,00;$6945,00;$450,76;4;
1713;NQ 09-26;Backtest;PROD_Bot_NQ_OvernightDrift_1min_RTH;Long;1;22622,75;22718,00;6/11/2024 16:59:00;7/11/2024 9:32:00;EntradaCierre;SalidaApertura;$1899,24;$138598,12;$5,76;$0,00;$0,00;$0,00;$0,00;$225,00;$1975,00;$75,76;4;
1714;NQ 09-26;Backtest;PROD_Bot_NQ_OvernightDrift_1min_RTH;Long;1;22915,25;22904,75;7/11/2024 16:59:00;8/11/2024 9:32:00;EntradaCierre;SalidaApertura;$-215,76;$138382,36;$5,76;$0,00;$0,00;$0,00;$0,00;$815,00;$45,00;$260,76;4;
1715;NQ 09-26;Backtest;PROD_Bot_NQ_OvernightDrift_1min_RTH;Long;1;22922,25;22963,25;8/11/2024 16:59:00;11/11/2024 9:32:00;EntradaCierre;SalidaApertura;$814,24;$139196,60;$5,76;$0,00;$0,00;$0,00;$0,00;$145,00;$1190,00;$375,76;4;
1716;NQ 09-26;Backtest;PROD_Bot_NQ_OvernightDrift_1min_RTH;Long;1;22902,75;22892,50;11/11/2024 16:59:00;12/11/2024 9:32:00;EntradaCierre;SalidaApertura;$-210,76;$138985,84;$5,76;$0,00;$0,00;$0,00;$0,00;$315,00;$175,00;$385,76;4;
1717;NQ 09-26;Backtest;PROD_Bot_NQ_OvernightDrift_1min_RTH;Long;1;22870,25;22865,00;12/11/2024 16:59:00;13/11/2024 9:32:00;EntradaCierre;SalidaApertura;$-110,76;$138875,08;$5,76;$0,00;$0,00;$0,00;$0,00;$575,00;$45,00;$155,76;4;
1718;NQ 09-26;Backtest;PROD_Bot_NQ_OvernightDrift_1min_RTH;Long;1;22853,25;22849,75;13/11/2024 16:59:00;14/11/2024 9:32:00;EntradaCierre;SalidaApertura;$-75,76;$138799,32;$5,76;$0,00;$0,00;$0,00;$0,00;$530,00;$155,00;$230,76;4;
1719;NQ 09-26;Backtest;PROD_Bot_NQ_OvernightDrift_1min_RTH;Long;1;22671,00;22448,25;14/11/2024 16:59:00;15/11/2024 9:32:00;EntradaCierre;SalidaApertura;$-4460,76;$134338,56;$5,76;$0,00;$0,00;$0,00;$0,00;$4570,00;$5,00;$4465,76;4;
1720;NQ 09-26;Backtest;PROD_Bot_NQ_OvernightDrift_1min_RTH;Long;1;22190,50;22224,75;15/11/2024 16:59:00;18/11/2024 9:32:00;EntradaCierre;SalidaApertura;$679,24;$135017,80;$5,76;$0,00;$0,00;$0,00;$0,00;$60,00;$1160,00;$480,76;4;
1721;NQ 09-26;Backtest;PROD_Bot_NQ_OvernightDrift_1min_RTH;Long;1;22319,75;22222,75;18/11/2024 16:59:00;19/11/2024 9:32:00;EntradaCierre;SalidaApertura;$-1945,76;$133072,04;$5,76;$0,00;$0,00;$0,00;$0,00;$2345,00;$15,00;$1960,76;4;
1722;NQ 09-26;Backtest;PROD_Bot_NQ_OvernightDrift_1min_RTH;Long;1;22449,25;22425,25;19/11/2024 16:59:00;20/11/2024 9:32:00;EntradaCierre;SalidaApertura;$-485,76;$132586,28;$5,76;$0,00;$0,00;$0,00;$0,00;$670,00;$0,00;$485,76;4;
1723;NQ 09-26;Backtest;PROD_Bot_NQ_OvernightDrift_1min_RTH;Long;1;22423,75;22548,25;20/11/2024 16:59:00;21/11/2024 9:32:00;EntradaCierre;SalidaApertura;$2484,24;$135070,52;$5,76;$0,00;$0,00;$0,00;$0,00;$105,00;$2835,00;$350,76;4;
1724;NQ 09-26;Backtest;PROD_Bot_NQ_OvernightDrift_1min_RTH;Long;1;22490,75;22479,00;21/11/2024 16:59:00;22/11/2024 9:32:00;EntradaCierre;SalidaApertura;$-240,76;$134829,76;$5,76;$0,00;$0,00;$0,00;$0,00;$400,00;$365,00;$605,76;4;
1725;NQ 09-26;Backtest;PROD_Bot_NQ_OvernightDrift_1min_RTH;Long;1;22566,75;22666,50;22/11/2024 16:59:00;25/11/2024 9:32:00;EntradaCierre;SalidaApertura;$1989,24;$136819,00;$5,76;$0,00;$0,00;$0,00;$0,00;$70,00;$2895,00;$905,76;4;
1726;NQ 09-26;Backtest;PROD_Bot_NQ_OvernightDrift_1min_RTH;Long;1;22591,50;22635,00;25/11/2024 16:59:00;26/11/2024 9:32:00;EntradaCierre;SalidaApertura;$864,24;$137683,24;$5,76;$0,00;$0,00;$0,00;$0,00;$90,00;$1200,00;$335,76;4;
1727;NQ 09-26;Backtest;PROD_Bot_NQ_OvernightDrift_1min_RTH;Long;1;22692,75;22581,50;26/11/2024 16:59:00;27/11/2024 9:32:00;EntradaCierre;SalidaApertura;$-2230,76;$135452,48;$5,76;$0,00;$0,00;$0,00;$0,00;$2245,00;$5,00;$2235,76;4;
1728;NQ 09-26;Backtest;PROD_Bot_NQ_OvernightDrift_1min_RTH;Long;1;22495,00;22578,25;27/11/2024 16:59:00;28/11/2024 9:32:00;EntradaCierre;SalidaApertura;$1659,24;$137111,72;$5,76;$0,00;$0,00;$0,00;$0,00;$25,00;$1680,00;$20,76;4;
1729;NQ 09-26;Backtest;PROD_Bot_NQ_OvernightDrift_1min_RTH;Long;1;22906,50;22832,00;2/12/2024 16:59:00;3/12/2024 9:32:00;EntradaCierre;SalidaApertura;$-1495,76;$135615,96;$5,76;$0,00;$0,00;$0,00;$0,00;$1575,00;$0,00;$1495,76;4;
1730;NQ 09-26;Backtest;PROD_Bot_NQ_OvernightDrift_1min_RTH;Long;1;23015,00;23113,75;3/12/2024 16:59:00;4/12/2024 9:32:00;EntradaCierre;SalidaApertura;$1969,24;$137585,20;$5,76;$0,00;$0,00;$0,00;$0,00;$65,00;$2125,00;$155,76;4;
1731;NQ 09-26;Backtest;PROD_Bot_NQ_OvernightDrift_1min_RTH;Long;1;23207,00;23212,25;4/12/2024 16:59:00;5/12/2024 9:32:00;EntradaCierre;SalidaApertura;$99,24;$137684,44;$5,76;$0,00;$0,00;$0,00;$0,00;$50,00;$425,00;$325,76;4;
1732;NQ 09-26;Backtest;PROD_Bot_NQ_OvernightDrift_1min_RTH;Long;1;23144,25;23183,00;5/12/2024 16:59:00;6/12/2024 9:32:00;EntradaCierre;SalidaApertura;$769,24;$138453,68;$5,76;$0,00;$0,00;$0,00;$0,00;$45,00;$1070,00;$300,76;4;
1733;NQ 09-26;Backtest;PROD_Bot_NQ_OvernightDrift_1min_RTH;Long;1;23322,50;23280,75;6/12/2024 16:59:00;9/12/2024 9:32:00;EntradaCierre;SalidaApertura;$-840,76;$137612,92;$5,76;$0,00;$0,00;$0,00;$0,00;$1015,00;$15,00;$855,76;4;
1734;NQ 09-26;Backtest;PROD_Bot_NQ_OvernightDrift_1min_RTH;Long;1;23169,50;23205,75;9/12/2024 16:59:00;10/12/2024 9:32:00;EntradaCierre;SalidaApertura;$719,24;$138332,16;$5,76;$0,00;$0,00;$0,00;$0,00;$145,00;$1055,00;$335,76;4;
1735;NQ 09-26;Backtest;PROD_Bot_NQ_OvernightDrift_1min_RTH;Long;1;23123,50;23264,25;10/12/2024 16:59:00;11/12/2024 9:32:00;EntradaCierre;SalidaApertura;$2809,24;$141141,40;$5,76;$0,00;$0,00;$0,00;$0,00;$65,00;$3135,00;$325,76;4;
1736;NQ 09-26;Backtest;PROD_Bot_NQ_OvernightDrift_1min_RTH;Long;1;23444,75;23365,50;11/12/2024 16:59:00;12/12/2024 9:32:00;EntradaCierre;SalidaApertura;$-1590,76;$139550,64;$5,76;$0,00;$0,00;$0,00;$0,00;$1650,00;$15,00;$1605,76;4;
1737;NQ 09-26;Backtest;PROD_Bot_NQ_OvernightDrift_1min_RTH;Long;1;23326,50;23494,50;12/12/2024 16:59:00;13/12/2024 9:32:00;EntradaCierre;SalidaApertura;$3354,24;$142904,88;$5,76;$0,00;$0,00;$0,00;$0,00;$145,00;$3540,00;$185,76;4;
1738;NQ 09-26;Backtest;PROD_Bot_NQ_OvernightDrift_1min_RTH;Long;1;23451,25;23620,50;13/12/2024 16:59:00;16/12/2024 9:32:00;EntradaCierre;SalidaApertura;$3379,24;$146284,12;$5,76;$0,00;$0,00;$0,00;$0,00;$60,00;$3430,00;$50,76;4;
1739;NQ 09-26;Backtest;PROD_Bot_NQ_OvernightDrift_1min_RTH;Long;1;23811,00;23716,25;16/12/2024 16:59:00;17/12/2024 9:32:00;EntradaCierre;SalidaApertura;$-1900,76;$144383,36;$5,76;$0,00;$0,00;$0,00;$0,00;$1910,00;$20,00;$1920,76;4;
1740;NQ 09-26;Backtest;PROD_Bot_NQ_OvernightDrift_1min_RTH;Long;1;23706,75;23687,00;17/12/2024 16:59:00;18/12/2024 9:32:00;EntradaCierre;SalidaApertura;$-400,76;$143982,60;$5,76;$0,00;$0,00;$0,00;$0,00;$545,00;$25,00;$425,76;4;
1741;NQ 09-26;Backtest;PROD_Bot_NQ_OvernightDrift_1min_RTH;Long;1;22870,75;23075,75;18/12/2024 16:59:00;19/12/2024 9:32:00;EntradaCierre;SalidaApertura;$4094,24;$148076,84;$5,76;$0,00;$0,00;$0,00;$0,00;$405,00;$4195,00;$100,76;4;
1742;NQ 09-26;Backtest;PROD_Bot_NQ_OvernightDrift_1min_RTH;Long;1;22809,50;22610,50;19/12/2024 16:59:00;20/12/2024 9:32:00;EntradaCierre;SalidaApertura;$-3985,76;$144091,08;$5,76;$0,00;$0,00;$0,00;$0,00;$4165,00;$125,00;$4110,76;4;
1743;NQ 09-26;Backtest;PROD_Bot_NQ_OvernightDrift_1min_RTH;Long;1;22949,00;23056,50;20/12/2024 16:59:00;23/12/2024 9:32:00;EntradaCierre;SalidaApertura;$2144,24;$146235,32;$5,76;$0,00;$0,00;$0,00;$0,00;$65,00;$2175,00;$30,76;4;
1744;NQ 09-26;Backtest;PROD_Bot_NQ_OvernightDrift_1min_RTH;Long;1;23142,75;23207,75;23/12/2024 16:59:00;24/12/2024 9:32:00;EntradaCierre;SalidaApertura;$1294,24;$147529,56;$5,76;$0,00;$0,00;$0,00;$0,00;$95,00;$1790,00;$495,76;4;
1745;NQ 09-26;Backtest;PROD_Bot_NQ_OvernightDrift_1min_RTH;Long;1;23386,75;23253,75;26/12/2024 16:59:00;27/12/2024 9:32:00;EntradaCierre;SalidaApertura;$-2665,76;$144863,80;$5,76;$0,00;$0,00;$0,00;$0,00;$2905,00;$10,00;$2675,76;4;
1746;NQ 09-26;Backtest;PROD_Bot_NQ_OvernightDrift_1min_RTH;Long;1;23123,50;22799,50;27/12/2024 16:59:00;30/12/2024 9:32:00;EntradaCierre;SalidaApertura;$-6485,76;$138378,04;$5,76;$0,00;$0,00;$0,00;$0,00;$6755,00;$60,00;$6545,76;4;
1747;NQ 09-26;Backtest;PROD_Bot_NQ_OvernightDrift_1min_RTH;Long;1;22789,25;22877,50;30/12/2024 16:59:00;31/12/2024 9:32:00;EntradaCierre;SalidaApertura;$1759,24;$140137,28;$5,76;$0,00;$0,00;$0,00;$0,00;$15,00;$1825,00;$65,76;4;
1748;NQ 09-26;Backtest;PROD_Bot_NQ_OvernightDrift_1min_RTH;Long;1;22640,50;22743,75;31/12/2024 16:59:00;2/1/2025 9:32:00;EntradaCierre;SalidaApertura;$2059,24;$142196,52;$5,76;$0,00;$0,00;$0,00;$0,00;$90,00;$2255,00;$195,76;4;
1749;NQ 09-26;Backtest;PROD_Bot_NQ_OvernightDrift_1min_RTH;Long;1;22584,25;22712,75;2/1/2025 16:59:00;3/1/2025 9:32:00;EntradaCierre;SalidaApertura;$2564,24;$144760,76;$5,76;$0,00;$0,00;$0,00;$0,00;$30,00;$2695,00;$130,76;4;
1750;NQ 09-26;Backtest;PROD_Bot_NQ_OvernightDrift_1min_RTH;Long;1;22892,00;23157,00;3/1/2025 16:59:00;6/1/2025 9:32:00;EntradaCierre;SalidaApertura;$5294,24;$150055,00;$5,76;$0,00;$0,00;$0,00;$0,00;$10,00;$5610,00;$315,76;4;
1751;NQ 09-26;Backtest;PROD_Bot_NQ_OvernightDrift_1min_RTH;Long;1;23181,50;23197,00;6/1/2025 16:59:00;7/1/2025 9:32:00;EntradaCierre;SalidaApertura;$304,24;$150359,24;$5,76;$0,00;$0,00;$0,00;$0,00;$100,00;$550,00;$245,76;4;
1752;NQ 09-26;Backtest;PROD_Bot_NQ_OvernightDrift_1min_RTH;Long;1;22776,25;22737,25;7/1/2025 16:59:00;8/1/2025 9:32:00;EntradaCierre;SalidaApertura;$-785,76;$149573,48;$5,76;$0,00;$0,00;$0,00;$0,00;$900,00;$60,00;$845,76;4;
1753;NQ 09-26;Backtest;PROD_Bot_NQ_OvernightDrift_1min_RTH;Long;1;22732,75;22562,00;8/1/2025 16:59:00;10/1/2025 9:32:00;EntradaCierre;SalidaApertura;$-3420,76;$146152,72;$5,76;$0,00;$0,00;$0,00;$0,00;$3580,00;$20,00;$3440,76;4;
1754;NQ 09-26;Backtest;PROD_Bot_NQ_OvernightDrift_1min_RTH;Long;1;22397,75;22173,75;10/1/2025 16:59:00;13/1/2025 9:32:00;EntradaCierre;SalidaApertura;$-4485,76;$141666,96;$5,76;$0,00;$0,00;$0,00;$0,00;$4820,00;$65,00;$4550,76;4;
1755;NQ 09-26;Backtest;PROD_Bot_NQ_OvernightDrift_1min_RTH;Long;1;22389,50;22448,00;13/1/2025 16:59:00;14/1/2025 9:32:00;EntradaCierre;SalidaApertura;$1164,24;$142831,20;$5,76;$0,00;$0,00;$0,00;$0,00;$10,00;$1940,00;$775,76;4;
1756;NQ 09-26;Backtest;PROD_Bot_NQ_OvernightDrift_1min_RTH;Long;1;22380,75;22638,75;14/1/2025 16:59:00;15/1/2025 9:32:00;EntradaCierre;SalidaApertura;$5154,24;$147985,44;$5,76;$0,00;$0,00;$0,00;$0,00;$55,00;$5645,00;$490,76;4;
1757;NQ 09-26;Backtest;PROD_Bot_NQ_OvernightDrift_1min_RTH;Long;1;22779,00;22866,75;15/1/2025 16:59:00;16/1/2025 9:32:00;EntradaCierre;SalidaApertura;$1749,24;$149734,68;$5,76;$0,00;$0,00;$0,00;$0,00;$20,00;$2440,00;$690,76;4;
1758;NQ 09-26;Backtest;PROD_Bot_NQ_OvernightDrift_1min_RTH;Long;1;22616,50;23001,75;16/1/2025 16:59:00;17/1/2025 9:32:00;EntradaCierre;SalidaApertura;$7699,24;$157433,92;$5,76;$0,00;$0,00;$0,00;$0,00;$30,00;$8805,00;$1105,76;4;
1759;NQ 09-26;Backtest;PROD_Bot_NQ_OvernightDrift_1min_RTH;Long;1;22986,50;23127,75;17/1/2025 16:59:00;20/1/2025 9:32:00;EntradaCierre;SalidaApertura;$2819,24;$160253,16;$5,76;$0,00;$0,00;$0,00;$0,00;$70,00;$2945,00;$125,76;4;
1760;NQ 09-26;Backtest;PROD_Bot_NQ_OvernightDrift_1min_RTH;Long;1;23174,75;23316,25;21/1/2025 16:59:00;22/1/2025 9:32:00;EntradaCierre;SalidaApertura;$2824,24;$163077,40;$5,76;$0,00;$0,00;$0,00;$0,00;$15,00;$3035,00;$210,76;4;
1761;NQ 09-26;Backtest;PROD_Bot_NQ_OvernightDrift_1min_RTH;Long;1;23381,50;23270,50;22/1/2025 16:59:00;23/1/2025 9:32:00;EntradaCierre;SalidaApertura;$-2225,76;$160851,64;$5,76;$0,00;$0,00;$0,00;$0,00;$2220,00;$135,00;$2360,76;4;
1762;NQ 09-26;Backtest;PROD_Bot_NQ_OvernightDrift_1min_RTH;Long;1;23426,50;23439,75;23/1/2025 16:59:00;24/1/2025 9:32:00;EntradaCierre;SalidaApertura;$259,24;$161110,88;$5,76;$0,00;$0,00;$0,00;$0,00;$45,00;$580,00;$320,76;4;
1763;NQ 09-26;Backtest;PROD_Bot_NQ_OvernightDrift_1min_RTH;Long;1;23310,50;22574,50;24/1/2025 16:59:00;27/1/2025 9:32:00;EntradaCierre;SalidaApertura;$-14725,76;$146385,12;$5,76;$0,00;$0,00;$0,00;$0,00;$15970,00;$30,00;$14755,76;4;
1764;NQ 09-26;Backtest;PROD_Bot_NQ_OvernightDrift_1min_RTH;Long;1;22703,50;22708,75;27/1/2025 16:59:00;28/1/2025 9:32:00;EntradaCierre;SalidaApertura;$99,24;$146484,36;$5,76;$0,00;$0,00;$0,00;$0,00;$90,00;$380,00;$280,76;4;
1765;NQ 09-26;Backtest;PROD_Bot_NQ_OvernightDrift_1min_RTH;Long;1;22959,25;22985,50;28/1/2025 16:59:00;29/1/2025 9:32:00;EntradaCierre;SalidaApertura;$519,24;$147003,60;$5,76;$0,00;$0,00;$0,00;$0,00;$85,00;$1000,00;$480,76;4;
1766;NQ 09-26;Backtest;PROD_Bot_NQ_OvernightDrift_1min_RTH;Long;1;22983,50;23038,00;29/1/2025 16:59:00;30/1/2025 9:32:00;EntradaCierre;SalidaApertura;$1084,24;$148087,84;$5,76;$0,00;$0,00;$0,00;$0,00;$235,00;$1485,00;$400,76;4;
1767;NQ 09-26;Backtest;PROD_Bot_NQ_OvernightDrift_1min_RTH;Long;1;23004,50;23193,25;30/1/2025 16:59:00;31/1/2025 9:32:00;EntradaCierre;SalidaApertura;$3769,24;$151857,08;$5,76;$0,00;$0,00;$0,00;$0,00;$30,00;$3810,00;$40,76;4;
1768;NQ 09-26;Backtest;PROD_Bot_NQ_OvernightDrift_1min_RTH;Long;1;22957,50;22608,50;31/1/2025 16:59:00;3/2/2025 9:32:00;EntradaCierre;SalidaApertura;$-6985,76;$144871,32;$5,76;$0,00;$0,00;$0,00;$0,00;$7540,00;$370,00;$7355,76;4;
1769;NQ 09-26;Backtest;PROD_Bot_NQ_OvernightDrift_1min_RTH;Long;1;22955,25;22824,75;3/2/2025 16:59:00;4/2/2025 9:32:00;EntradaCierre;SalidaApertura;$-2615,76;$142255,56;$5,76;$0,00;$0,00;$0,00;$0,00;$2940,00;$35,00;$2650,76;4;
1770;NQ 09-26;Backtest;PROD_Bot_NQ_OvernightDrift_1min_RTH;Long;1;22984,75;22947,25;4/2/2025 16:59:00;5/2/2025 9:32:00;EntradaCierre;SalidaApertura;$-755,76;$141499,80;$5,76;$0,00;$0,00;$0,00;$0,00;$930,00;$35,00;$790,76;4;
1771;NQ 09-26;Backtest;PROD_Bot_NQ_OvernightDrift_1min_RTH;Long;1;23169,50;23159,75;5/2/2025 16:59:00;6/2/2025 9:32:00;EntradaCierre;SalidaApertura;$-200,76;$141299,04;$5,76;$0,00;$0,00;$0,00;$0,00;$305,00;$305,00;$505,76;4;
1772;NQ 09-26;Backtest;PROD_Bot_NQ_OvernightDrift_1min_RTH;Long;1;23241,50;23300,75;6/2/2025 16:59:00;7/2/2025 9:32:00;EntradaCierre;SalidaApertura;$1179,24;$142478,28;$5,76;$0,00;$0,00;$0,00;$0,00;$25,00;$1255,00;$75,76;4;
1773;NQ 09-26;Backtest;PROD_Bot_NQ_OvernightDrift_1min_RTH;Long;1;22979,50;23159,25;7/2/2025 16:59:00;10/2/2025 9:32:00;EntradaCierre;SalidaApertura;$3589,24;$146067,52;$5,76;$0,00;$0,00;$0,00;$0,00;$40,00;$4010,00;$420,76;4;
1774;NQ 09-26;Backtest;PROD_Bot_NQ_OvernightDrift_1min_RTH;Long;1;23239,25;23133,50;10/2/2025 16:59:00;11/2/2025 9:32:00;EntradaCierre;SalidaApertura;$-2120,76;$143946,76;$5,76;$0,00;$0,00;$0,00;$0,00;$2710,00;$25,00;$2145,76;4;
1775;NQ 09-26;Backtest;PROD_Bot_NQ_OvernightDrift_1min_RTH;Long;1;23198,00;22950,00;11/2/2025 16:59:00;12/2/2025 9:32:00;EntradaCierre;SalidaApertura;$-4965,76;$138981,00;$5,76;$0,00;$0,00;$0,00;$0,00;$5025,00;$55,00;$5020,76;4;
1776;NQ 09-26;Backtest;PROD_Bot_NQ_OvernightDrift_1min_RTH;Long;1;23260,50;23282,75;12/2/2025 16:59:00;13/2/2025 9:32:00;EntradaCierre;SalidaApertura;$439,24;$139420,24;$5,76;$0,00;$0,00;$0,00;$0,00;$15,00;$465,00;$25,76;4;
1777;NQ 09-26;Backtest;PROD_Bot_NQ_OvernightDrift_1min_RTH;Long;1;23485,00;23525,25;13/2/2025 16:59:00;14/2/2025 9:32:00;EntradaCierre;SalidaApertura;$799,24;$140219,48;$5,76;$0,00;$0,00;$0,00;$0,00;$150,00;$870,00;$70,76;4;
1778;NQ 09-26;Backtest;PROD_Bot_NQ_OvernightDrift_1min_RTH;Long;1;23605,50;23630,50;14/2/2025 16:59:00;17/2/2025 9:32:00;EntradaCierre;SalidaApertura;$494,24;$140713,72;$5,76;$0,00;$0,00;$0,00;$0,00;$30,00;$810,00;$315,76;4;
1779;NQ 09-26;Backtest;PROD_Bot_NQ_OvernightDrift_1min_RTH;Long;1;23624,50;23596,00;18/2/2025 16:59:00;19/2/2025 9:32:00;EntradaCierre;SalidaApertura;$-575,76;$140137,96;$5,76;$0,00;$0,00;$0,00;$0,00;$580,00;$60,00;$635,76;4;
1780;NQ 09-26;Backtest;PROD_Bot_NQ_OvernightDrift_1min_RTH;Long;1;23628,00;23614,25;19/2/2025 16:59:00;20/2/2025 9:32:00;EntradaCierre;SalidaApertura;$-280,76;$139857,20;$5,76;$0,00;$0,00;$0,00;$0,00;$490,00;$0,00;$280,76;4;
1781;NQ 09-26;Backtest;PROD_Bot_NQ_OvernightDrift_1min_RTH;Long;1;23541,00;23563,25;20/2/2025 16:59:00;21/2/2025 9:32:00;EntradaCierre;SalidaApertura;$439,24;$140296,44;$5,76;$0,00;$0,00;$0,00;$0,00;$45,00;$1000,00;$560,76;4;
1782;NQ 09-26;Backtest;PROD_Bot_NQ_OvernightDrift_1min_RTH;Long;1;23062,75;23150,25;21/2/2025 16:59:00;24/2/2025 9:32:00;EntradaCierre;SalidaApertura;$1744,24;$142040,68;$5,76;$0,00;$0,00;$0,00;$0,00;$25,00;$1940,00;$195,76;4;
1783;NQ 09-26;Backtest;PROD_Bot_NQ_OvernightDrift_1min_RTH;Long;1;22831,00;22774,75;24/2/2025 16:59:00;25/2/2025 9:32:00;EntradaCierre;SalidaApertura;$-1130,76;$140909,92;$5,76;$0,00;$0,00;$0,00;$0,00;$1165,00;$80,00;$1210,76;4;
1784;NQ 09-26;Backtest;PROD_Bot_NQ_OvernightDrift_1min_RTH;Long;1;22593,50;22597,00;25/2/2025 16:59:00;26/2/2025 9:32:00;EntradaCierre;SalidaApertura;$64,24;$140974,16;$5,76;$0,00;$0,00;$0,00;$0,00;$50,00;$1005,00;$940,76;4;
1785;NQ 09-26;Backtest;PROD_Bot_NQ_OvernightDrift_1min_RTH;Long;1;22672,25;22755,50;26/2/2025 16:59:00;27/2/2025 9:32:00;EntradaCierre;SalidaApertura;$1659,24;$142633,40;$5,76;$0,00;$0,00;$0,00;$0,00;$85,00;$1755,00;$95,76;4;
1786;NQ 09-26;Backtest;PROD_Bot_NQ_OvernightDrift_1min_RTH;Long;1;22313,75;22431,00;28/2/2025 16:59:00;3/3/2025 9:32:00;EntradaCierre;SalidaApertura;$2339,24;$144972,64;$5,76;$0,00;$0,00;$0,00;$0,00;$85,00;$3000,00;$660,76;4;
1787;NQ 09-26;Backtest;PROD_Bot_NQ_OvernightDrift_1min_RTH;Long;1;22157,00;22180,00;12/5/2025 16:59:00;13/5/2025 9:32:00;EntradaCierre;SalidaApertura;$454,24;$145426,88;$5,76;$0,00;$0,00;$0,00;$0,00;$30,00;$1025,00;$570,76;4;
1788;NQ 09-26;Backtest;PROD_Bot_NQ_OvernightDrift_1min_RTH;Long;1;22455,25;22534,00;13/5/2025 16:59:00;14/5/2025 9:32:00;EntradaCierre;SalidaApertura;$1569,24;$146996,12;$5,76;$0,00;$0,00;$0,00;$0,00;$55,00;$1735,00;$165,76;4;
1789;NQ 09-26;Backtest;PROD_Bot_NQ_OvernightDrift_1min_RTH;Long;1;22599,00;22486,75;14/5/2025 16:59:00;15/5/2025 9:32:00;EntradaCierre;SalidaApertura;$-2250,76;$144745,36;$5,76;$0,00;$0,00;$0,00;$0,00;$2350,00;$50,00;$2300,76;4;
1790;NQ 09-26;Backtest;PROD_Bot_NQ_OvernightDrift_1min_RTH;Long;1;22599,50;22635,00;15/5/2025 16:59:00;16/5/2025 9:32:00;EntradaCierre;SalidaApertura;$704,24;$145449,60;$5,76;$0,00;$0,00;$0,00;$0,00;$95,00;$1400,00;$695,76;4;
1791;NQ 09-26;Backtest;PROD_Bot_NQ_OvernightDrift_1min_RTH;Long;1;22607,75;22451,00;16/5/2025 16:59:00;19/5/2025 9:32:00;EntradaCierre;SalidaApertura;$-3140,76;$142308,84;$5,76;$0,00;$0,00;$0,00;$0,00;$4120,00;$85,00;$3225,76;4;
1792;NQ 09-26;Backtest;PROD_Bot_NQ_OvernightDrift_1min_RTH;Long;1;22715,75;22631,00;19/5/2025 16:59:00;20/5/2025 9:32:00;EntradaCierre;SalidaApertura;$-1700,76;$140608,08;$5,76;$0,00;$0,00;$0,00;$0,00;$2110,00;$45,00;$1745,76;4;
1793;NQ 09-26;Backtest;PROD_Bot_NQ_OvernightDrift_1min_RTH;Long;1;22616,75;22503,25;20/5/2025 16:59:00;21/5/2025 9:32:00;EntradaCierre;SalidaApertura;$-2275,76;$138332,32;$5,76;$0,00;$0,00;$0,00;$0,00;$2805,00;$135,00;$2410,76;4;
1794;NQ 09-26;Backtest;PROD_Bot_NQ_OvernightDrift_1min_RTH;Long;1;22348,50;22378,00;21/5/2025 16:59:00;22/5/2025 9:32:00;EntradaCierre;SalidaApertura;$584,24;$138916,56;$5,76;$0,00;$0,00;$0,00;$0,00;$120,00;$680,00;$95,76;4;
1795;NQ 09-26;Backtest;PROD_Bot_NQ_OvernightDrift_1min_RTH;Long;1;22409,75;22047,25;22/5/2025 16:59:00;23/5/2025 9:32:00;EntradaCierre;SalidaApertura;$-7255,76;$131660,80;$5,76;$0,00;$0,00;$0,00;$0,00;$7755,00;$95,00;$7350,76;4;
1796;NQ 09-26;Backtest;PROD_Bot_NQ_OvernightDrift_1min_RTH;Long;1;22146,25;22473,00;23/5/2025 16:59:00;26/5/2025 9:32:00;EntradaCierre;SalidaApertura;$6529,24;$138190,04;$5,76;$0,00;$0,00;$0,00;$0,00;$20,00;$6555,00;$25,76;4;
1797;NQ 09-26;Backtest;PROD_Bot_NQ_OvernightDrift_1min_RTH;Long;1;22677,25;22709,25;27/5/2025 16:59:00;28/5/2025 9:32:00;EntradaCierre;SalidaApertura;$634,24;$138824,28;$5,76;$0,00;$0,00;$0,00;$0,00;$80,00;$875,00;$240,76;4;
1798;NQ 09-26;Backtest;PROD_Bot_NQ_OvernightDrift_1min_RTH;Long;1;22718,25;22848,00;28/5/2025 16:59:00;29/5/2025 9:32:00;EntradaCierre;SalidaApertura;$2589,24;$141413,52;$5,76;$0,00;$0,00;$0,00;$0,00;$50,00;$3220,00;$630,76;4;
1799;NQ 09-26;Backtest;PROD_Bot_NQ_OvernightDrift_1min_RTH;Long;1;22581,75;22553,75;29/5/2025 16:59:00;30/5/2025 9:32:00;EntradaCierre;SalidaApertura;$-565,76;$140847,76;$5,76;$0,00;$0,00;$0,00;$0,00;$590,00;$165,00;$730,76;4;
1800;NQ 09-26;Backtest;PROD_Bot_NQ_OvernightDrift_1min_RTH;Long;1;22563,00;22527,50;30/5/2025 16:59:00;2/6/2025 9:32:00;EntradaCierre;SalidaApertura;$-715,76;$140132,00;$5,76;$0,00;$0,00;$0,00;$0,00;$1535,00;$165,00;$880,76;4;
1801;NQ 09-26;Backtest;PROD_Bot_NQ_OvernightDrift_1min_RTH;Long;1;22753,25;22785,75;2/6/2025 16:59:00;3/6/2025 9:32:00;EntradaCierre;SalidaApertura;$644,24;$140776,24;$5,76;$0,00;$0,00;$0,00;$0,00;$160,00;$830,00;$185,76;4;
1802;NQ 09-26;Backtest;PROD_Bot_NQ_OvernightDrift_1min_RTH;Long;1;22888,75;22939,00;3/6/2025 16:59:00;4/6/2025 9:32:00;EntradaCierre;SalidaApertura;$999,24;$141775,48;$5,76;$0,00;$0,00;$0,00;$0,00;$45,00;$1100,00;$100,76;4;
1803;NQ 09-26;Backtest;PROD_Bot_NQ_OvernightDrift_1min_RTH;Long;1;22949,00;23031,00;4/6/2025 16:59:00;5/6/2025 9:32:00;EntradaCierre;SalidaApertura;$1634,24;$143409,72;$5,76;$0,00;$0,00;$0,00;$0,00;$185,00;$1820,00;$185,76;4;
1804;NQ 09-26;Backtest;PROD_Bot_NQ_OvernightDrift_1min_RTH;Long;1;22722,00;22990,00;5/6/2025 16:59:00;6/6/2025 9:32:00;EntradaCierre;SalidaApertura;$5354,24;$148763,96;$5,76;$0,00;$0,00;$0,00;$0,00;$235,00;$5735,00;$380,76;4;
1805;NQ 09-26;Backtest;PROD_Bot_NQ_OvernightDrift_1min_RTH;Long;1;23010,00;23007,75;6/6/2025 16:59:00;9/6/2025 9:32:00;EntradaCierre;SalidaApertura;$-50,76;$148713,20;$5,76;$0,00;$0,00;$0,00;$0,00;$385,00;$85,00;$135,76;4;
1806;NQ 09-26;Backtest;PROD_Bot_NQ_OvernightDrift_1min_RTH;Long;1;23019,50;23054,75;9/6/2025 16:59:00;10/6/2025 9:32:00;EntradaCierre;SalidaApertura;$699,24;$149412,44;$5,76;$0,00;$0,00;$0,00;$0,00;$10,00;$915,00;$215,76;4;
1807;NQ 09-26;Backtest;PROD_Bot_NQ_OvernightDrift_1min_RTH;Long;1;23152,00;23213,50;10/6/2025 16:59:00;11/6/2025 9:32:00;EntradaCierre;SalidaApertura;$1224,24;$150636,68;$5,76;$0,00;$0,00;$0,00;$0,00;$50,00;$1450,00;$225,76;4;
1808;NQ 09-26;Backtest;PROD_Bot_NQ_OvernightDrift_1min_RTH;Long;1;23084,00;23060,25;11/6/2025 16:59:00;12/6/2025 9:32:00;EntradaCierre;SalidaApertura;$-480,76;$150155,92;$5,76;$0,00;$0,00;$0,00;$0,00;$1320,00;$0,00;$480,76;4;
1809;NQ 09-26;Backtest;PROD_Bot_NQ_OvernightDrift_1min_RTH;Long;1;23109,75;22921,00;12/6/2025 16:59:00;13/6/2025 9:32:00;EntradaCierre;SalidaApertura;$-3780,76;$146375,16;$5,76;$0,00;$0,00;$0,00;$0,00;$4965,00;$25,00;$3805,76;4;
1810;NQ 09-26;Backtest;PROD_Bot_NQ_OvernightDrift_1min_RTH;Long;1;22852,00;23047,25;13/6/2025 16:59:00;16/6/2025 9:32:00;EntradaCierre;SalidaApertura;$3899,24;$150274,40;$5,76;$0,00;$0,00;$0,00;$0,00;$90,00;$3930,00;$30,76;4;
1811;NQ 09-26;Backtest;PROD_Bot_NQ_OvernightDrift_1min_RTH;Long;1;23148,25;23081,25;16/6/2025 16:59:00;17/6/2025 9:32:00;EntradaCierre;SalidaApertura;$-1345,76;$148928,64;$5,76;$0,00;$0,00;$0,00;$0,00;$2155,00;$45,00;$1390,76;4;
1812;NQ 09-26;Backtest;PROD_Bot_NQ_OvernightDrift_1min_RTH;Long;1;22938,50;22966,25;17/6/2025 16:59:00;18/6/2025 9:32:00;EntradaCierre;SalidaApertura;$549,24;$149477,88;$5,76;$0,00;$0,00;$0,00;$0,00;$65,00;$840,00;$290,76;4;
1813;NQ 09-26;Backtest;PROD_Bot_NQ_OvernightDrift_1min_RTH;Long;1;22957,00;22755,50;18/6/2025 16:59:00;19/6/2025 9:32:00;EntradaCierre;SalidaApertura;$-4035,76;$145442,12;$5,76;$0,00;$0,00;$0,00;$0,00;$4220,00;$0,00;$4035,76;4;
1814;NQ 09-26;Backtest;PROD_Bot_NQ_OvernightDrift_1min_RTH;Long;1;22859,50;22832,25;20/6/2025 16:59:00;23/6/2025 9:32:00;EntradaCierre;SalidaApertura;$-550,76;$144891,36;$5,76;$0,00;$0,00;$0,00;$0,00;$715,00;$35,00;$585,76;4;
1815;NQ 09-26;Backtest;PROD_Bot_NQ_OvernightDrift_1min_RTH;Long;1;23056,25;23261,75;23/6/2025 16:59:00;24/6/2025 9:32:00;EntradaCierre;SalidaApertura;$4104,24;$148995,60;$5,76;$0,00;$0,00;$0,00;$0,00;$85,00;$4345,00;$240,76;4;
1816;NQ 09-26;Backtest;PROD_Bot_NQ_OvernightDrift_1min_RTH;Long;1;23395,50;23501,75;24/6/2025 16:59:00;25/6/2025 9:32:00;EntradaCierre;SalidaApertura;$2119,24;$151114,84;$5,76;$0,00;$0,00;$0,00;$0,00;$55,00;$2345,00;$225,76;4;
1817;NQ 09-26;Backtest;PROD_Bot_NQ_OvernightDrift_1min_RTH;Long;1;23453,50;23540,50;25/6/2025 16:59:00;26/6/2025 9:32:00;EntradaCierre;SalidaApertura;$1734,24;$152849,08;$5,76;$0,00;$0,00;$0,00;$0,00;$50,00;$1960,00;$225,76;4;
1818;NQ 09-26;Backtest;PROD_Bot_NQ_OvernightDrift_1min_RTH;Long;1;23656,75;23699,25;26/6/2025 16:59:00;27/6/2025 9:32:00;EntradaCierre;SalidaApertura;$844,24;$153693,32;$5,76;$0,00;$0,00;$0,00;$0,00;$40,00;$905,00;$60,76;4;
1819;NQ 09-26;Backtest;PROD_Bot_NQ_OvernightDrift_1min_RTH;Long;1;23727,50;23854,00;27/6/2025 16:59:00;30/6/2025 9:32:00;EntradaCierre;SalidaApertura;$2524,24;$156217,56;$5,76;$0,00;$0,00;$0,00;$0,00;$95,00;$2660,00;$135,76;4;
1820;NQ 09-26;Backtest;PROD_Bot_NQ_OvernightDrift_1min_RTH;Long;1;23856,25;23789,25;30/6/2025 16:59:00;1/7/2025 9:32:00;EntradaCierre;SalidaApertura;$-1345,76;$154871,80;$5,76;$0,00;$0,00;$0,00;$0,00;$1560,00;$5,00;$1350,76;4;
1821;NQ 09-26;Backtest;PROD_Bot_NQ_OvernightDrift_1min_RTH;Long;1;23672,50;23647,50;1/7/2025 16:59:00;2/7/2025 9:32:00;EntradaCierre;SalidaApertura;$-505,76;$154366,04;$5,76;$0,00;$0,00;$0,00;$0,00;$680,00;$115,00;$620,76;4;
1822;NQ 09-26;Backtest;PROD_Bot_NQ_OvernightDrift_1min_RTH;Long;1;23837,25;23953,75;2/7/2025 16:59:00;3/7/2025 9:32:00;EntradaCierre;SalidaApertura;$2324,24;$156690,28;$5,76;$0,00;$0,00;$0,00;$0,00;$30,00;$2380,00;$55,76;4;
1823;NQ 09-26;Backtest;PROD_Bot_NQ_OvernightDrift_1min_RTH;Long;1;23822,75;23917,75;7/7/2025 16:59:00;8/7/2025 9:32:00;EntradaCierre;SalidaApertura;$1894,24;$158584,52;$5,76;$0,00;$0,00;$0,00;$0,00;$25,00;$2060,00;$165,76;4;
1824;NQ 09-26;Backtest;PROD_Bot_NQ_OvernightDrift_1min_RTH;Long;1;23886,75;23988,25;8/7/2025 16:59:00;9/7/2025 9:32:00;EntradaCierre;SalidaApertura;$2024,24;$160608,76;$5,76;$0,00;$0,00;$0,00;$0,00;$45,00;$2055,00;$30,76;4;
1825;NQ 09-26;Backtest;PROD_Bot_NQ_OvernightDrift_1min_RTH;Long;1;24026,50;24064,25;9/7/2025 16:59:00;10/7/2025 9:32:00;EntradaCierre;SalidaApertura;$749,24;$161358,00;$5,76;$0,00;$0,00;$0,00;$0,00;$35,00;$970,00;$220,76;4;
1826;NQ 09-26;Backtest;PROD_Bot_NQ_OvernightDrift_1min_RTH;Long;1;23994,25;23926,00;10/7/2025 16:59:00;11/7/2025 9:32:00;EntradaCierre;SalidaApertura;$-1370,76;$159987,24;$5,76;$0,00;$0,00;$0,00;$0,00;$2000,00;$40,00;$1410,76;4;
1827;NQ 09-26;Backtest;PROD_Bot_NQ_OvernightDrift_1min_RTH;Long;1;23927,50;23935,25;11/7/2025 16:59:00;14/7/2025 9:32:00;EntradaCierre;SalidaApertura;$149,24;$160136,48;$5,76;$0,00;$0,00;$0,00;$0,00;$170,00;$345,00;$195,76;4;
1828;NQ 09-26;Backtest;PROD_Bot_NQ_OvernightDrift_1min_RTH;Long;1;24023,25;24190,75;14/7/2025 16:59:00;15/7/2025 9:32:00;EntradaCierre;SalidaApertura;$3344,24;$163480,72;$5,76;$0,00;$0,00;$0,00;$0,00;$70,00;$3690,00;$345,76;4;
1829;NQ 09-26;Backtest;PROD_Bot_NQ_OvernightDrift_1min_RTH;Long;1;24004,75;24050,75;15/7/2025 16:59:00;16/7/2025 9:32:00;EntradaCierre;SalidaApertura;$914,24;$164394,96;$5,76;$0,00;$0,00;$0,00;$0,00;$80,00;$1395,00;$480,76;4;
1830;NQ 09-26;Backtest;PROD_Bot_NQ_OvernightDrift_1min_RTH;Long;1;24046,25;24089,50;16/7/2025 16:59:00;17/7/2025 9:32:00;EntradaCierre;SalidaApertura;$859,24;$165254,20;$5,76;$0,00;$0,00;$0,00;$0,00;$40,00;$1140,00;$280,76;4;
1831;NQ 09-26;Backtest;PROD_Bot_NQ_OvernightDrift_1min_RTH;Long;1;24253,00;24261,25;17/7/2025 16:59:00;18/7/2025 9:32:00;EntradaCierre;SalidaApertura;$159,24;$165413,44;$5,76;$0,00;$0,00;$0,00;$0,00;$75,00;$710,00;$550,76;4;
1832;NQ 09-26;Backtest;PROD_Bot_NQ_OvernightDrift_1min_RTH;Long;1;24211,00;24265,50;18/7/2025 16:59:00;21/7/2025 9:32:00;EntradaCierre;SalidaApertura;$1084,24;$166497,68;$5,76;$0,00;$0,00;$0,00;$0,00;$25,00;$1210,00;$125,76;4;
1833;NQ 09-26;Backtest;PROD_Bot_NQ_OvernightDrift_1min_RTH;Long;1;24330,00;24303,00;21/7/2025 16:59:00;22/7/2025 9:32:00;EntradaCierre;SalidaApertura;$-545,76;$165951,92;$5,76;$0,00;$0,00;$0,00;$0,00;$540,00;$95,00;$640,76;4;
1834;NQ 09-26;Backtest;PROD_Bot_NQ_OvernightDrift_1min_RTH;Long;1;24179,75;24208,00;22/7/2025 16:59:00;23/7/2025 9:32:00;EntradaCierre;SalidaApertura;$559,24;$166511,16;$5,76;$0,00;$0,00;$0,00;$0,00;$15,00;$1380,00;$820,76;4;
1835;NQ 09-26;Backtest;PROD_Bot_NQ_OvernightDrift_1min_RTH;Long;1;24395,75;24375,25;23/7/2025 16:59:00;24/7/2025 9:32:00;EntradaCierre;SalidaApertura;$-415,76;$166095,40;$5,76;$0,00;$0,00;$0,00;$0,00;$985,00;$60,00;$475,76;4;
1836;NQ 09-26;Backtest;PROD_Bot_NQ_OvernightDrift_1min_RTH;Long;1;24379,00;24340,00;24/7/2025 16:59:00;25/7/2025 9:32:00;EntradaCierre;SalidaApertura;$-785,76;$165309,64;$5,76;$0,00;$0,00;$0,00;$0,00;$1020,00;$45,00;$830,76;4;
1837;NQ 09-26;Backtest;PROD_Bot_NQ_OvernightDrift_1min_RTH;Long;1;24428,25;24472,75;25/7/2025 16:59:00;28/7/2025 9:32:00;EntradaCierre;SalidaApertura;$884,24;$166193,88;$5,76;$0,00;$0,00;$0,00;$0,00;$25,00;$1030,00;$145,76;4;
1838;NQ 09-26;Backtest;PROD_Bot_NQ_OvernightDrift_1min_RTH;Long;1;24494,25;24604,75;28/7/2025 16:59:00;29/7/2025 9:32:00;EntradaCierre;SalidaApertura;$2204,24;$168398,12;$5,76;$0,00;$0,00;$0,00;$0,00;$20,00;$2280,00;$75,76;4;
1839;NQ 09-26;Backtest;PROD_Bot_NQ_OvernightDrift_1min_RTH;Long;1;24435,00;24453,50;29/7/2025 16:59:00;30/7/2025 9:32:00;EntradaCierre;SalidaApertura;$364,24;$168762,36;$5,76;$0,00;$0,00;$0,00;$0,00;$25,00;$820,00;$455,76;4;
1840;NQ 09-26;Backtest;PROD_Bot_NQ_OvernightDrift_1min_RTH;Long;1;24645,25;24684,00;30/7/2025 16:59:00;31/7/2025 9:32:00;EntradaCierre;SalidaApertura;$769,24;$169531,60;$5,76;$0,00;$0,00;$0,00;$0,00;$115,00;$1835,00;$1065,76;4;
1841;NQ 09-26;Backtest;PROD_Bot_NQ_OvernightDrift_1min_RTH;Long;1;24304,25;24026,25;31/7/2025 16:59:00;1/8/2025 9:32:00;EntradaCierre;SalidaApertura;$-5565,76;$163965,84;$5,76;$0,00;$0,00;$0,00;$0,00;$5630,00;$225,00;$5790,76;4;
1842;NQ 09-26;Backtest;PROD_Bot_NQ_OvernightDrift_1min_RTH;Long;1;23855,50;24083,25;1/8/2025 16:59:00;4/8/2025 9:32:00;EntradaCierre;SalidaApertura;$4549,24;$168515,08;$5,76;$0,00;$0,00;$0,00;$0,00;$40,00;$4970,00;$420,76;4;
1843;NQ 09-26;Backtest;PROD_Bot_NQ_OvernightDrift_1min_RTH;Long;1;24336,75;24290,25;4/8/2025 16:59:00;5/8/2025 9:32:00;EntradaCierre;SalidaApertura;$-935,76;$167579,32;$5,76;$0,00;$0,00;$0,00;$0,00;$935,00;$115,00;$1050,76;4;
1844;NQ 09-26;Backtest;PROD_Bot_NQ_OvernightDrift_1min_RTH;Long;1;24073,25;24151,00;5/8/2025 16:59:00;6/8/2025 9:32:00;EntradaCierre;SalidaApertura;$1549,24;$169128,56;$5,76;$0,00;$0,00;$0,00;$0,00;$65,00;$1885,00;$335,76;4;
1845;NQ 09-26;Backtest;PROD_Bot_NQ_OvernightDrift_1min_RTH;Long;1;24395,25;24574,50;6/8/2025 16:59:00;7/8/2025 9:32:00;EntradaCierre;SalidaApertura;$3579,24;$172707,80;$5,76;$0,00;$0,00;$0,00;$0,00;$15,00;$3880,00;$300,76;4;
1846;NQ 09-26;Backtest;PROD_Bot_NQ_OvernightDrift_1min_RTH;Long;1;24503,00;24546,75;7/8/2025 16:59:00;8/8/2025 9:32:00;EntradaCierre;SalidaApertura;$869,24;$173577,04;$5,76;$0,00;$0,00;$0,00;$0,00;$45,00;$1065,00;$195,76;4;
1847;NQ 09-26;Backtest;PROD_Bot_NQ_OvernightDrift_1min_RTH;Long;1;24748,75;24704,00;8/8/2025 16:59:00;11/8/2025 9:32:00;EntradaCierre;SalidaApertura;$-900,76;$172676,28;$5,76;$0,00;$0,00;$0,00;$0,00;$975,00;$80,00;$980,76;4;
1848;NQ 09-26;Backtest;PROD_Bot_NQ_OvernightDrift_1min_RTH;Long;1;24610,25;24723,00;11/8/2025 16:59:00;12/8/2025 9:32:00;EntradaCierre;SalidaApertura;$2249,24;$174925,52;$5,76;$0,00;$0,00;$0,00;$0,00;$10,00;$2505,00;$255,76;4;
1849;NQ 09-26;Backtest;PROD_Bot_NQ_OvernightDrift_1min_RTH;Long;1;24936,25;25015,75;12/8/2025 16:59:00;13/8/2025 9:32:00;EntradaCierre;SalidaApertura;$1584,24;$176509,76;$5,76;$0,00;$0,00;$0,00;$0,00;$55,00;$1955,00;$370,76;4;
1850;NQ 09-26;Backtest;PROD_Bot_NQ_OvernightDrift_1min_RTH;Long;1;24914,00;24831,25;13/8/2025 16:59:00;14/8/2025 9:32:00;EntradaCierre;SalidaApertura;$-1660,76;$174849,00;$5,76;$0,00;$0,00;$0,00;$0,00;$1665,00;$0,00;$1660,76;4;
1851;NQ 09-26;Backtest;PROD_Bot_NQ_OvernightDrift_1min_RTH;Long;1;24869,75;24846,50;14/8/2025 16:59:00;15/8/2025 9:32:00;EntradaCierre;SalidaApertura;$-470,76;$174378,24;$5,76;$0,00;$0,00;$0,00;$0,00;$485,00;$525,00;$995,76;4;
1852;NQ 09-26;Backtest;PROD_Bot_NQ_OvernightDrift_1min_RTH;Long;1;24781,00;24754,25;15/8/2025 16:59:00;18/8/2025 9:32:00;EntradaCierre;SalidaApertura;$-540,76;$173837,48;$5,76;$0,00;$0,00;$0,00;$0,00;$825,00;$40,00;$580,76;4;
1853;NQ 09-26;Backtest;PROD_Bot_NQ_OvernightDrift_1min_RTH;Long;1;24454,75;24369,75;19/8/2025 16:59:00;20/8/2025 9:32:00;EntradaCierre;SalidaApertura;$-1705,76;$172131,72;$5,76;$0,00;$0,00;$0,00;$0,00;$1730,00;$80,00;$1785,76;4;
1854;NQ 09-26;Backtest;PROD_Bot_NQ_OvernightDrift_1min_RTH;Long;1;24304,25;24185,00;20/8/2025 16:59:00;21/8/2025 9:32:00;EntradaCierre;SalidaApertura;$-2390,76;$169740,96;$5,76;$0,00;$0,00;$0,00;$0,00;$2400,00;$15,00;$2405,76;4;
1855;NQ 09-26;Backtest;PROD_Bot_NQ_OvernightDrift_1min_RTH;Long;1;24208,75;24194,50;21/8/2025 16:59:00;22/8/2025 9:32:00;EntradaCierre;SalidaApertura;$-290,76;$169450,20;$5,76;$0,00;$0,00;$0,00;$0,00;$335,00;$980,00;$1270,76;4;
1856;NQ 09-26;Backtest;PROD_Bot_NQ_OvernightDrift_1min_RTH;Long;1;24566,00;24481,00;22/8/2025 16:59:00;25/8/2025 9:32:00;EntradaCierre;SalidaApertura;$-1705,76;$167744,44;$5,76;$0,00;$0,00;$0,00;$0,00;$1710,00;$45,00;$1750,76;4;
1857;NQ 09-26;Backtest;PROD_Bot_NQ_OvernightDrift_1min_RTH;Long;1;24489,00;24454,00;25/8/2025 16:59:00;26/8/2025 9:32:00;EntradaCierre;SalidaApertura;$-705,76;$167038,68;$5,76;$0,00;$0,00;$0,00;$0,00;$735,00;$20,00;$725,76;4;
1858;NQ 09-26;Backtest;PROD_Bot_NQ_OvernightDrift_1min_RTH;Long;1;24592,00;24518,25;26/8/2025 16:59:00;27/8/2025 9:32:00;EntradaCierre;SalidaApertura;$-1480,76;$165557,92;$5,76;$0,00;$0,00;$0,00;$0,00;$1490,00;$30,00;$1510,76;4;
1859;NQ 09-26;Backtest;PROD_Bot_NQ_OvernightDrift_1min_RTH;Long;1;24522,75;24689,25;27/8/2025 16:59:00;28/8/2025 9:32:00;EntradaCierre;SalidaApertura;$3324,24;$168882,16;$5,76;$0,00;$0,00;$0,00;$0,00;$55,00;$3365,00;$40,76;4;
1860;NQ 09-26;Backtest;PROD_Bot_NQ_OvernightDrift_1min_RTH;Long;1;24747,25;24634,75;28/8/2025 16:59:00;29/8/2025 9:32:00;EntradaCierre;SalidaApertura;$-2255,76;$166626,40;$5,76;$0,00;$0,00;$0,00;$0,00;$2430,00;$5,00;$2260,76;4;
1861;NQ 09-26;Backtest;PROD_Bot_NQ_OvernightDrift_1min_RTH;Long;1;24443,50;24445,75;29/8/2025 16:59:00;1/9/2025 9:32:00;EntradaCierre;SalidaApertura;$39,24;$166665,64;$5,76;$0,00;$0,00;$0,00;$0,00;$85,00;$380,00;$340,76;4;
1862;NQ 09-26;Backtest;PROD_Bot_NQ_OvernightDrift_1min_RTH;Long;1;24365,00;24395,75;2/9/2025 16:59:00;3/9/2025 9:32:00;EntradaCierre;SalidaApertura;$609,24;$167274,88;$5,76;$0,00;$0,00;$0,00;$0,00;$80,00;$1155,00;$545,76;4;
1863;NQ 09-26;Backtest;PROD_Bot_NQ_OvernightDrift_1min_RTH;Long;1;24439,75;24454,75;3/9/2025 16:59:00;4/9/2025 9:32:00;EntradaCierre;SalidaApertura;$294,24;$167569,12;$5,76;$0,00;$0,00;$0,00;$0,00;$25,00;$650,00;$355,76;4;
1864;NQ 09-26;Backtest;PROD_Bot_NQ_OvernightDrift_1min_RTH;Long;1;24672,75;24837,25;4/9/2025 16:59:00;5/9/2025 9:32:00;EntradaCierre;SalidaApertura;$3284,24;$170853,36;$5,76;$0,00;$0,00;$0,00;$0,00;$95,00;$4285,00;$1000,76;4;
1865;NQ 09-26;Backtest;PROD_Bot_NQ_OvernightDrift_1min_RTH;Long;1;24658,50;24772,75;5/9/2025 16:59:00;8/9/2025 9:32:00;EntradaCierre;SalidaApertura;$2279,24;$173132,60;$5,76;$0,00;$0,00;$0,00;$0,00;$25,00;$2770,00;$490,76;4;
1866;NQ 09-26;Backtest;PROD_Bot_NQ_OvernightDrift_1min_RTH;Long;1;24782,50;24810,75;8/9/2025 16:59:00;9/9/2025 9:32:00;EntradaCierre;SalidaApertura;$559,24;$173691,84;$5,76;$0,00;$0,00;$0,00;$0,00;$35,00;$1205,00;$645,76;4;
1867;NQ 09-26;Backtest;PROD_Bot_NQ_OvernightDrift_1min_RTH;Long;1;24874,00;24927,75;9/9/2025 16:59:00;10/9/2025 9:32:00;EntradaCierre;SalidaApertura;$1069,24;$174761,08;$5,76;$0,00;$0,00;$0,00;$0,00;$40,00;$2230,00;$1160,76;4;
1868;NQ 09-26;Backtest;PROD_Bot_NQ_OvernightDrift_1min_RTH;Long;1;24847,25;24964,50;10/9/2025 16:59:00;11/9/2025 9:32:00;EntradaCierre;SalidaApertura;$2339,24;$177100,32;$5,76;$0,00;$0,00;$0,00;$0,00;$85,00;$2680,00;$340,76;4;
1869;NQ 09-26;Backtest;PROD_Bot_NQ_OvernightDrift_1min_RTH;Long;1;24993,75;25032,25;11/9/2025 16:59:00;12/9/2025 9:32:00;EntradaCierre;SalidaApertura;$764,24;$177864,56;$5,76;$0,00;$0,00;$0,00;$0,00;$60,00;$1115,00;$350,76;4;
1870;NQ 09-26;Backtest;PROD_Bot_NQ_OvernightDrift_1min_RTH;Long;1;25097,25;25176,50;12/9/2025 16:59:00;15/9/2025 9:32:00;EntradaCierre;SalidaApertura;$1579,24;$179443,80;$5,76;$0,00;$0,00;$0,00;$0,00;$45,00;$1745,00;$165,76;4;
1871;NQ 09-26;Backtest;PROD_Bot_NQ_OvernightDrift_1min_RTH;Long;1;25289,50;25332,75;15/9/2025 16:59:00;16/9/2025 9:32:00;EntradaCierre;SalidaApertura;$859,24;$180303,04;$5,76;$0,00;$0,00;$0,00;$0,00;$105,00;$1170,00;$310,76;4;
1872;NQ 09-26;Backtest;PROD_Bot_NQ_OvernightDrift_1min_RTH;Long;1;25286,25;25278,75;16/9/2025 16:59:00;17/9/2025 9:32:00;EntradaCierre;SalidaApertura;$-155,76;$180147,28;$5,76;$0,00;$0,00;$0,00;$0,00;$355,00;$40,00;$195,76;4;
1873;NQ 09-26;Backtest;PROD_Bot_NQ_OvernightDrift_1min_RTH;Long;1;25237,00;25403,25;17/9/2025 16:59:00;18/9/2025 9:32:00;EntradaCierre;SalidaApertura;$3319,24;$183466,52;$5,76;$0,00;$0,00;$0,00;$0,00;$10,00;$4050,00;$730,76;4;
1874;NQ 09-26;Backtest;PROD_Bot_NQ_OvernightDrift_1min_RTH;Long;1;25464,50;25516,25;18/9/2025 16:59:00;19/9/2025 9:32:00;EntradaCierre;SalidaApertura;$1029,24;$184495,76;$5,76;$0,00;$0,00;$0,00;$0,00;$75,00;$1315,00;$285,76;4;
1875;NQ 09-26;Backtest;PROD_Bot_NQ_OvernightDrift_1min_RTH;Long;1;25605,50;25575,25;19/9/2025 16:59:00;22/9/2025 9:32:00;EntradaCierre;SalidaApertura;$-610,76;$183885,00;$5,76;$0,00;$0,00;$0,00;$0,00;$875,00;$60,00;$670,76;4;
1876;NQ 09-26;Backtest;PROD_Bot_NQ_OvernightDrift_1min_RTH;Long;1;25746,25;25742,25;22/9/2025 16:59:00;23/9/2025 9:32:00;EntradaCierre;SalidaApertura;$-85,76;$183799,24;$5,76;$0,00;$0,00;$0,00;$0,00;$190,00;$110,00;$195,76;4;
1877;NQ 09-26;Backtest;PROD_Bot_NQ_OvernightDrift_1min_RTH;Long;1;25584,50;25616,75;23/9/2025 16:59:00;24/9/2025 9:32:00;EntradaCierre;SalidaApertura;$639,24;$184438,48;$5,76;$0,00;$0,00;$0,00;$0,00;$65,00;$1245,00;$605,76;4;
1878;NQ 09-26;Backtest;PROD_Bot_NQ_OvernightDrift_1min_RTH;Long;1;25494,50;25289,50;24/9/2025 16:59:00;25/9/2025 9:32:00;EntradaCierre;SalidaApertura;$-4105,76;$180332,72;$5,76;$0,00;$0,00;$0,00;$0,00;$4305,00;$30,00;$4135,76;4;
1879;NQ 09-26;Backtest;PROD_Bot_NQ_OvernightDrift_1min_RTH;Long;1;25384,25;25354,00;25/9/2025 16:59:00;26/9/2025 9:32:00;EntradaCierre;SalidaApertura;$-610,76;$179721,96;$5,76;$0,00;$0,00;$0,00;$0,00;$670,00;$395,00;$1005,76;4;
1880;NQ 09-26;Backtest;PROD_Bot_NQ_OvernightDrift_1min_RTH;Long;1;25474,00;25601,50;26/9/2025 16:59:00;29/9/2025 9:32:00;EntradaCierre;SalidaApertura;$2544,24;$182266,20;$5,76;$0,00;$0,00;$0,00;$0,00;$25,00;$2870,00;$325,76;4;
1881;NQ 09-26;Backtest;PROD_Bot_NQ_OvernightDrift_1min_RTH;Long;1;25559,00;25554,50;29/9/2025 16:59:00;30/9/2025 9:32:00;EntradaCierre;SalidaApertura;$-95,76;$182170,44;$5,76;$0,00;$0,00;$0,00;$0,00;$210,00;$390,00;$485,76;4;
1882;NQ 09-26;Backtest;PROD_Bot_NQ_OvernightDrift_1min_RTH;Long;1;25590,00;25494,00;30/9/2025 16:59:00;1/10/2025 9:32:00;EntradaCierre;SalidaApertura;$-1925,76;$180244,68;$5,76;$0,00;$0,00;$0,00;$0,00;$1980,00;$30,00;$1955,76;4;
1883;NQ 09-26;Backtest;PROD_Bot_NQ_OvernightDrift_1min_RTH;Long;1;25753,50;25889,25;1/10/2025 16:59:00;2/10/2025 9:32:00;EntradaCierre;SalidaApertura;$2709,24;$182953,92;$5,76;$0,00;$0,00;$0,00;$0,00;$10,00;$3260,00;$550,76;4;
1884;NQ 09-26;Backtest;PROD_Bot_NQ_OvernightDrift_1min_RTH;Long;1;25854,75;25875,75;2/10/2025 16:59:00;3/10/2025 9:32:00;EntradaCierre;SalidaApertura;$414,24;$183368,16;$5,76;$0,00;$0,00;$0,00;$0,00;$45,00;$775,00;$360,76;4;
1885;NQ 09-26;Backtest;PROD_Bot_NQ_OvernightDrift_1min_RTH;Long;1;25730,50;25944,75;3/10/2025 16:59:00;6/10/2025 9:32:00;EntradaCierre;SalidaApertura;$4279,24;$187647,40;$5,76;$0,00;$0,00;$0,00;$0,00;$30,00;$4775,00;$495,76;4;
1886;NQ 09-26;Backtest;PROD_Bot_NQ_OvernightDrift_1min_RTH;Long;1;25930,75;25977,25;6/10/2025 16:59:00;7/10/2025 9:32:00;EntradaCierre;SalidaApertura;$924,24;$188571,64;$5,76;$0,00;$0,00;$0,00;$0,00;$55,00;$1110,00;$185,76;4;
1887;NQ 09-26;Backtest;PROD_Bot_NQ_OvernightDrift_1min_RTH;Long;1;25808,75;25839,00;7/10/2025 16:59:00;8/10/2025 9:32:00;EntradaCierre;SalidaApertura;$599,24;$189170,88;$5,76;$0,00;$0,00;$0,00;$0,00;$130,00;$750,00;$150,76;4;
1888;NQ 09-26;Backtest;PROD_Bot_NQ_OvernightDrift_1min_RTH;Long;1;26101,50;26068,00;8/10/2025 16:59:00;9/10/2025 9:32:00;EntradaCierre;SalidaApertura;$-675,76;$188495,12;$5,76;$0,00;$0,00;$0,00;$0,00;$930,00;$30,00;$705,76;4;
1889;NQ 09-26;Backtest;PROD_Bot_NQ_OvernightDrift_1min_RTH;Long;1;26027,00;26062,75;9/10/2025 16:59:00;10/10/2025 9:32:00;EntradaCierre;SalidaApertura;$709,24;$189204,36;$5,76;$0,00;$0,00;$0,00;$0,00;$50,00;$770,00;$60,76;4;
1890;NQ 09-26;Backtest;PROD_Bot_NQ_OvernightDrift_1min_RTH;Long;1;24938,50;25567,75;10/10/2025 16:59:00;13/10/2025 9:32:00;EntradaCierre;SalidaApertura;$12579,24;$201783,60;$5,76;$0,00;$0,00;$0,00;$0,00;$375,00;$12930,00;$350,76;4;
1891;NQ 09-26;Backtest;PROD_Bot_NQ_OvernightDrift_1min_RTH;Long;1;25653,25;25351,50;13/10/2025 16:59:00;14/10/2025 9:32:00;EntradaCierre;SalidaApertura;$-6040,76;$195742,84;$5,76;$0,00;$0,00;$0,00;$0,00;$6320,00;$20,00;$6060,76;4;
1892;NQ 09-26;Backtest;PROD_Bot_NQ_OvernightDrift_1min_RTH;Long;1;25497,00;25722,50;14/10/2025 16:59:00;15/10/2025 9:32:00;EntradaCierre;SalidaApertura;$4504,24;$200247,08;$5,76;$0,00;$0,00;$0,00;$0,00;$15,00;$5080,00;$575,76;4;
1893;NQ 09-26;Backtest;PROD_Bot_NQ_OvernightDrift_1min_RTH;Long;1;25699,00;25818,50;15/10/2025 16:59:00;16/10/2025 9:32:00;EntradaCierre;SalidaApertura;$2384,24;$202631,32;$5,76;$0,00;$0,00;$0,00;$0,00;$205,00;$2425,00;$40,76;4;
1894;NQ 09-26;Backtest;PROD_Bot_NQ_OvernightDrift_1min_RTH;Long;1;25541,00;25452,25;16/10/2025 16:59:00;17/10/2025 9:32:00;EntradaCierre;SalidaApertura;$-1780,76;$200850,56;$5,76;$0,00;$0,00;$0,00;$0,00;$1870,00;$25,00;$1805,76;4;
1895;NQ 09-26;Backtest;PROD_Bot_NQ_OvernightDrift_1min_RTH;Long;1;25778,75;25919,75;17/10/2025 16:59:00;20/10/2025 9:32:00;EntradaCierre;SalidaApertura;$2814,24;$203664,80;$5,76;$0,00;$0,00;$0,00;$0,00;$35,00;$2895,00;$80,76;4;
1896;NQ 09-26;Backtest;PROD_Bot_NQ_OvernightDrift_1min_RTH;Long;1;26067,00;26034,00;20/10/2025 16:59:00;21/10/2025 9:32:00;EntradaCierre;SalidaApertura;$-665,76;$202999,04;$5,76;$0,00;$0,00;$0,00;$0,00;$660,00;$165,00;$830,76;4;
1897;NQ 09-26;Backtest;PROD_Bot_NQ_OvernightDrift_1min_RTH;Long;1;26014,50;25963,75;21/10/2025 16:59:00;22/10/2025 9:32:00;EntradaCierre;SalidaApertura;$-1020,76;$201978,28;$5,76;$0,00;$0,00;$0,00;$0,00;$1070,00;$90,00;$1110,76;4;
1898;NQ 09-26;Backtest;PROD_Bot_NQ_OvernightDrift_1min_RTH;Long;1;25784,00;25771,75;22/10/2025 16:59:00;23/10/2025 9:32:00;EntradaCierre;SalidaApertura;$-250,76;$201727,52;$5,76;$0,00;$0,00;$0,00;$0,00;$455,00;$80,00;$330,76;4;
1899;NQ 09-26;Backtest;PROD_Bot_NQ_OvernightDrift_1min_RTH;Long;1;26021,75;26184,00;23/10/2025 16:59:00;24/10/2025 9:32:00;EntradaCierre;SalidaApertura;$3239,24;$204966,76;$5,76;$0,00;$0,00;$0,00;$0,00;$15,00;$3860,00;$620,76;4;
1900;NQ 09-26;Backtest;PROD_Bot_NQ_OvernightDrift_1min_RTH;Long;1;26261,00;26594,00;24/10/2025 16:59:00;27/10/2025 9:32:00;EntradaCierre;SalidaApertura;$6654,24;$211621,00;$5,76;$0,00;$0,00;$0,00;$0,00;$100,00;$6870,00;$215,76;4;
1901;NQ 09-26;Backtest;PROD_Bot_NQ_OvernightDrift_1min_RTH;Long;1;26752,00;26816,75;27/10/2025 16:59:00;28/10/2025 9:32:00;EntradaCierre;SalidaApertura;$1289,24;$212910,24;$5,76;$0,00;$0,00;$0,00;$0,00;$30,00;$1490,00;$200,76;4;
1902;NQ 09-26;Backtest;PROD_Bot_NQ_OvernightDrift_1min_RTH;Long;1;26918,75;27016,25;28/10/2025 16:59:00;29/10/2025 9:32:00;EntradaCierre;SalidaApertura;$1944,24;$214854,48;$5,76;$0,00;$0,00;$0,00;$0,00;$35,00;$2340,00;$395,76;4;
1903;NQ 09-26;Backtest;PROD_Bot_NQ_OvernightDrift_1min_RTH;Long;1;26986,50;26833,50;29/10/2025 16:59:00;30/10/2025 9:32:00;EntradaCierre;SalidaApertura;$-3065,76;$211788,72;$5,76;$0,00;$0,00;$0,00;$0,00;$3375,00;$20,00;$3085,76;4;
1904;NQ 09-26;Backtest;PROD_Bot_NQ_OvernightDrift_1min_RTH;Long;1;26887,25;26926,25;30/10/2025 16:59:00;31/10/2025 9:32:00;EntradaCierre;SalidaApertura;$774,24;$212562,96;$5,76;$0,00;$0,00;$0,00;$0,00;$20,00;$1195,00;$420,76;4;
1905;NQ 09-26;Backtest;PROD_Bot_NQ_OvernightDrift_1min_RTH;Long;1;26732,75;26996,00;31/10/2025 16:59:00;3/11/2025 9:32:00;EntradaCierre;SalidaApertura;$5259,24;$217822,20;$5,76;$0,00;$0,00;$0,00;$0,00;$85,00;$5395,00;$135,76;4;
1906;NQ 09-26;Backtest;PROD_Bot_NQ_OvernightDrift_1min_RTH;Long;1;26861,00;26477,50;3/11/2025 16:59:00;4/11/2025 9:32:00;EntradaCierre;SalidaApertura;$-7675,76;$210146,44;$5,76;$0,00;$0,00;$0,00;$0,00;$8160,00;$0,00;$7675,76;4;
1907;NQ 09-26;Backtest;PROD_Bot_NQ_OvernightDrift_1min_RTH;Long;1;26324,75;26316,25;4/11/2025 16:59:00;5/11/2025 9:32:00;EntradaCierre;SalidaApertura;$-175,76;$209970,68;$5,76;$0,00;$0,00;$0,00;$0,00;$930,00;$70,00;$245,76;4;
1908;NQ 09-26;Backtest;PROD_Bot_NQ_OvernightDrift_1min_RTH;Long;1;26480,75;26399,00;5/11/2025 16:59:00;6/11/2025 9:32:00;EntradaCierre;SalidaApertura;$-1640,76;$208329,92;$5,76;$0,00;$0,00;$0,00;$0,00;$1770,00;$25,00;$1665,76;4;
1909;NQ 09-26;Backtest;PROD_Bot_NQ_OvernightDrift_1min_RTH;Long;1;26060,50;25793,50;6/11/2025 16:59:00;7/11/2025 9:32:00;EntradaCierre;SalidaApertura;$-5345,76;$202984,16;$5,76;$0,00;$0,00;$0,00;$0,00;$5350,00;$85,00;$5430,76;4;
1910;NQ 09-26;Backtest;PROD_Bot_NQ_OvernightDrift_1min_RTH;Long;1;25966,50;26310,75;7/11/2025 16:59:00;10/11/2025 9:32:00;EntradaCierre;SalidaApertura;$6879,24;$209863,40;$5,76;$0,00;$0,00;$0,00;$0,00;$30,00;$6990,00;$110,76;4;
1911;NQ 09-26;Backtest;PROD_Bot_NQ_OvernightDrift_1min_RTH;Long;1;26467,00;26367,25;10/11/2025 16:59:00;11/11/2025 9:32:00;EntradaCierre;SalidaApertura;$-2000,76;$207862,64;$5,76;$0,00;$0,00;$0,00;$0,00;$2475,00;$45,00;$2045,76;4;
1912;NQ 09-26;Backtest;PROD_Bot_NQ_OvernightDrift_1min_RTH;Long;1;26408,50;26482,75;11/11/2025 16:59:00;12/11/2025 9:32:00;EntradaCierre;SalidaApertura;$1479,24;$209341,88;$5,76;$0,00;$0,00;$0,00;$0,00;$60,00;$2395,00;$915,76;4;
1913;NQ 09-26;Backtest;PROD_Bot_NQ_OvernightDrift_1min_RTH;Long;1;26378,25;26205,50;12/11/2025 16:59:00;13/11/2025 9:32:00;EntradaCierre;SalidaApertura;$-3460,76;$205881,12;$5,76;$0,00;$0,00;$0,00;$0,00;$3495,00;$60,00;$3520,76;4;
1914;NQ 09-26;Backtest;PROD_Bot_NQ_OvernightDrift_1min_RTH;Long;1;25828,50;25443,75;13/11/2025 16:59:00;14/11/2025 9:32:00;EntradaCierre;SalidaApertura;$-7700,76;$198180,36;$5,76;$0,00;$0,00;$0,00;$0,00;$7740,00;$150,00;$7850,76;4;
1915;NQ 09-26;Backtest;PROD_Bot_NQ_OvernightDrift_1min_RTH;Long;1;25886,25;25715,75;14/11/2025 16:59:00;17/11/2025 9:32:00;EntradaCierre;SalidaApertura;$-3415,76;$194764,60;$5,76;$0,00;$0,00;$0,00;$0,00;$3675,00;$175,00;$3590,76;4;
1916;NQ 09-26;Backtest;PROD_Bot_NQ_OvernightDrift_1min_RTH;Long;1;25647,75;25483,75;17/11/2025 16:59:00;18/11/2025 9:32:00;EntradaCierre;SalidaApertura;$-3285,76;$191478,84;$5,76;$0,00;$0,00;$0,00;$0,00;$3905,00;$180,00;$3465,76;4;
1917;NQ 09-26;Backtest;PROD_Bot_NQ_OvernightDrift_1min_RTH;Long;1;25276,00;25350,00;18/11/2025 16:59:00;19/11/2025 9:32:00;EntradaCierre;SalidaApertura;$1474,24;$192953,08;$5,76;$0,00;$0,00;$0,00;$0,00;$75,00;$2095,00;$620,76;4;
1918;NQ 09-26;Backtest;PROD_Bot_NQ_OvernightDrift_1min_RTH;Long;1;25711,50;25927,75;19/11/2025 16:59:00;20/11/2025 9:32:00;EntradaCierre;SalidaApertura;$4319,24;$197272,32;$5,76;$0,00;$0,00;$0,00;$0,00;$215,00;$5700,00;$1380,76;4;
1919;NQ 09-26;Backtest;PROD_Bot_NQ_OvernightDrift_1min_RTH;Long;1;24828,50;24994,50;20/11/2025 16:59:00;21/11/2025 9:32:00;EntradaCierre;SalidaApertura;$3314,24;$200586,56;$5,76;$0,00;$0,00;$0,00;$0,00;$145,00;$3965,00;$650,76;4;
1920;NQ 09-26;Backtest;PROD_Bot_NQ_OvernightDrift_1min_RTH;Long;1;25097,75;25292,25;21/11/2025 16:59:00;24/11/2025 9:32:00;EntradaCierre;SalidaApertura;$3884,24;$204470,80;$5,76;$0,00;$0,00;$0,00;$0,00;$105,00;$4055,00;$170,76;4;
1921;NQ 09-26;Backtest;PROD_Bot_NQ_OvernightDrift_1min_RTH;Long;1;25711,25;25576,25;24/11/2025 16:59:00;25/11/2025 9:32:00;EntradaCierre;SalidaApertura;$-2705,76;$201765,04;$5,76;$0,00;$0,00;$0,00;$0,00;$2950,00;$45,00;$2750,76;4;
1922;NQ 09-26;Backtest;PROD_Bot_NQ_OvernightDrift_1min_RTH;Long;1;25814,50;25989,25;25/11/2025 16:59:00;26/11/2025 9:32:00;EntradaCierre;SalidaApertura;$3489,24;$205254,28;$5,76;$0,00;$0,00;$0,00;$0,00;$65,00;$3545,00;$55,76;4;
1923;NQ 09-26;Backtest;PROD_Bot_NQ_OvernightDrift_1min_RTH;Long;1;26062,00;26057,00;26/11/2025 16:59:00;27/11/2025 9:32:00;EntradaCierre;SalidaApertura;$-105,76;$205148,52;$5,76;$0,00;$0,00;$0,00;$0,00;$265,00;$40,00;$145,76;4;
1924;NQ 09-26;Backtest;PROD_Bot_NQ_OvernightDrift_1min_RTH;Long;1;26149,50;26224,00;1/12/2025 16:59:00;2/12/2025 9:32:00;EntradaCierre;SalidaApertura;$1484,24;$206632,76;$5,76;$0,00;$0,00;$0,00;$0,00;$60,00;$1975,00;$490,76;4;
1925;NQ 09-26;Backtest;PROD_Bot_NQ_OvernightDrift_1min_RTH;Long;1;26347,75;26227,00;2/12/2025 16:59:00;3/12/2025 9:32:00;EntradaCierre;SalidaApertura;$-2420,76;$204212,00;$5,76;$0,00;$0,00;$0,00;$0,00;$2850,00;$145,00;$2565,76;4;
1926;NQ 09-26;Backtest;PROD_Bot_NQ_OvernightDrift_1min_RTH;Long;1;26394,25;26416,50;3/12/2025 16:59:00;4/12/2025 9:32:00;EntradaCierre;SalidaApertura;$439,24;$204651,24;$5,76;$0,00;$0,00;$0,00;$0,00;$40,00;$1325,00;$885,76;4;
1927;NQ 09-26;Backtest;PROD_Bot_NQ_OvernightDrift_1min_RTH;Long;1;26376,75;26480,25;4/12/2025 16:59:00;5/12/2025 9:32:00;EntradaCierre;SalidaApertura;$2064,24;$206715,48;$5,76;$0,00;$0,00;$0,00;$0,00;$10,00;$2270,00;$205,76;4;
1928;NQ 09-26;Backtest;PROD_Bot_NQ_OvernightDrift_1min_RTH;Long;1;26484,75;26571,50;5/12/2025 16:59:00;8/12/2025 9:32:00;EntradaCierre;SalidaApertura;$1729,24;$208444,72;$5,76;$0,00;$0,00;$0,00;$0,00;$95,00;$1905,00;$175,76;4;
1929;NQ 09-26;Backtest;PROD_Bot_NQ_OvernightDrift_1min_RTH;Long;1;26450,00;26349,00;8/12/2025 16:59:00;9/12/2025 9:32:00;EntradaCierre;SalidaApertura;$-2025,76;$206418,96;$5,76;$0,00;$0,00;$0,00;$0,00;$2110,00;$100,00;$2125,76;4;
1930;NQ 09-26;Backtest;PROD_Bot_NQ_OvernightDrift_1min_RTH;Long;1;26425,50;26391,50;9/12/2025 16:59:00;10/12/2025 9:32:00;EntradaCierre;SalidaApertura;$-685,76;$205733,20;$5,76;$0,00;$0,00;$0,00;$0,00;$980,00;$80,00;$765,76;4;
1931;NQ 09-26;Backtest;PROD_Bot_NQ_OvernightDrift_1min_RTH;Long;1;26549,75;26340,00;10/12/2025 16:59:00;11/12/2025 9:32:00;EntradaCierre;SalidaApertura;$-4200,76;$201532,44;$5,76;$0,00;$0,00;$0,00;$0,00;$4265,00;$25,00;$4225,76;4;
1932;NQ 09-26;Backtest;PROD_Bot_NQ_OvernightDrift_1min_RTH;Long;1;26582,50;26296,50;11/12/2025 16:59:00;12/12/2025 9:32:00;EntradaCierre;SalidaApertura;$-5725,76;$195806,68;$5,76;$0,00;$0,00;$0,00;$0,00;$6125,00;$135,00;$5860,76;4;
1933;NQ 09-26;Backtest;PROD_Bot_NQ_OvernightDrift_1min_RTH;Long;1;25956,50;26128,25;12/12/2025 16:59:00;15/12/2025 9:32:00;EntradaCierre;SalidaApertura;$3429,24;$199235,92;$5,76;$0,00;$0,00;$0,00;$0,00;$170,00;$4050,00;$620,76;4;
1934;NQ 09-26;Backtest;PROD_Bot_NQ_OvernightDrift_1min_RTH;Long;1;25835,50;25781,50;15/12/2025 16:59:00;16/12/2025 9:32:00;EntradaCierre;SalidaApertura;$-1085,76;$198150,16;$5,76;$0,00;$0,00;$0,00;$0,00;$2695,00;$115,00;$1200,76;4;
1935;NQ 09-26;Backtest;PROD_Bot_NQ_OvernightDrift_1min_RTH;Long;1;25818,50;25910,00;16/12/2025 16:59:00;17/12/2025 9:32:00;EntradaCierre;SalidaApertura;$1824,24;$199974,40;$5,76;$0,00;$0,00;$0,00;$0,00;$200,00;$2140,00;$315,76;4;
1936;NQ 09-26;Backtest;PROD_Bot_NQ_OvernightDrift_1min_RTH;Long;1;25445,00;25797,25;17/12/2025 16:59:00;18/12/2025 9:32:00;EntradaCierre;SalidaApertura;$7039,24;$207013,64;$5,76;$0,00;$0,00;$0,00;$0,00;$140,00;$7240,00;$200,76;4;
1937;NQ 09-26;Backtest;PROD_Bot_NQ_OvernightDrift_1min_RTH;Long;1;25706,00;25881,50;18/12/2025 16:59:00;19/12/2025 9:32:00;EntradaCierre;SalidaApertura;$3504,24;$210517,88;$5,76;$0,00;$0,00;$0,00;$0,00;$25,00;$3720,00;$215,76;4;
1938;NQ 09-26;Backtest;PROD_Bot_NQ_OvernightDrift_1min_RTH;Long;1;26087,50;26253,25;19/12/2025 16:59:00;22/12/2025 9:32:00;EntradaCierre;SalidaApertura;$3309,24;$213827,12;$5,76;$0,00;$0,00;$0,00;$0,00;$125,00;$3770,00;$460,76;4;
1939;NQ 09-26;Backtest;PROD_Bot_NQ_OvernightDrift_1min_RTH;Long;1;26191,00;26210,25;22/12/2025 16:59:00;23/12/2025 9:32:00;EntradaCierre;SalidaApertura;$379,24;$214206,36;$5,76;$0,00;$0,00;$0,00;$0,00;$1240,00;$410,00;$30,76;4;
1940;NQ 09-26;Backtest;PROD_Bot_NQ_OvernightDrift_1min_RTH;Long;1;26300,75;26294,75;23/12/2025 16:59:00;24/12/2025 9:32:00;EntradaCierre;SalidaApertura;$-125,76;$214080,60;$5,76;$0,00;$0,00;$0,00;$0,00;$505,00;$355,00;$480,76;4;
1941;NQ 09-26;Backtest;PROD_Bot_NQ_OvernightDrift_1min_RTH;Long;1;26349,75;26181,75;26/12/2025 16:59:00;29/12/2025 9:32:00;EntradaCierre;SalidaApertura;$-3365,76;$210714,84;$5,76;$0,00;$0,00;$0,00;$0,00;$3890,00;$20,00;$3385,76;4;
1942;NQ 09-26;Backtest;PROD_Bot_NQ_OvernightDrift_1min_RTH;Long;1;26235,75;26207,75;29/12/2025 16:59:00;30/12/2025 9:32:00;EntradaCierre;SalidaApertura;$-565,76;$210149,08;$5,76;$0,00;$0,00;$0,00;$0,00;$1115,00;$35,00;$600,76;4;
1943;NQ 09-26;Backtest;PROD_Bot_NQ_OvernightDrift_1min_RTH;Long;1;26170,00;26170,00;30/12/2025 16:59:00;31/12/2025 9:32:00;EntradaCierre;SalidaApertura;$-5,76;$210143,32;$5,76;$0,00;$0,00;$0,00;$0,00;$310,00;$145,00;$150,76;4;
1944;NQ 09-26;Backtest;PROD_Bot_NQ_OvernightDrift_1min_RTH;Long;1;25923,75;26211,50;31/12/2025 16:59:00;2/1/2026 9:32:00;EntradaCierre;SalidaApertura;$5749,24;$215892,56;$5,76;$0,00;$0,00;$0,00;$0,00;$75,00;$5920,00;$170,76;4;
1945;NQ 09-26;Backtest;PROD_Bot_NQ_OvernightDrift_1min_RTH;Long;1;25880,00;26146,75;2/1/2026 16:59:00;5/1/2026 9:32:00;EntradaCierre;SalidaApertura;$5329,24;$221221,80;$5,76;$0,00;$0,00;$0,00;$0,00;$15,00;$5670,00;$340,76;4;
1946;NQ 09-26;Backtest;PROD_Bot_NQ_OvernightDrift_1min_RTH;Long;1;26071,25;26160,75;5/1/2026 16:59:00;6/1/2026 9:32:00;EntradaCierre;SalidaApertura;$1784,24;$223006,04;$5,76;$0,00;$0,00;$0,00;$0,00;$80,00;$1915,00;$130,76;4;
1947;NQ 09-26;Backtest;PROD_Bot_NQ_OvernightDrift_1min_RTH;Long;1;26321,50;26267,50;6/1/2026 16:59:00;7/1/2026 9:32:00;EntradaCierre;SalidaApertura;$-1085,76;$221920,28;$5,76;$0,00;$0,00;$0,00;$0,00;$1080,00;$45,00;$1130,76;4;
1948;NQ 09-26;Backtest;PROD_Bot_NQ_OvernightDrift_1min_RTH;Long;1;26326,50;26248,50;7/1/2026 16:59:00;8/1/2026 9:32:00;EntradaCierre;SalidaApertura;$-1565,76;$220354,52;$5,76;$0,00;$0,00;$0,00;$0,00;$1800,00;$40,00;$1605,76;4;
1949;NQ 09-26;Backtest;PROD_Bot_NQ_OvernightDrift_1min_RTH;Long;1;26199,50;26173,50;8/1/2026 16:59:00;9/1/2026 9:32:00;EntradaCierre;SalidaApertura;$-525,76;$219828,76;$5,76;$0,00;$0,00;$0,00;$0,00;$925,00;$195,00;$720,76;4;
1950;NQ 09-26;Backtest;PROD_Bot_NQ_OvernightDrift_1min_RTH;Long;1;26423,00;26283,00;9/1/2026 16:59:00;12/1/2026 9:32:00;EntradaCierre;SalidaApertura;$-2805,76;$217023,00;$5,76;$0,00;$0,00;$0,00;$0,00;$3770,00;$45,00;$2850,76;4;
1951;NQ 09-26;Backtest;PROD_Bot_NQ_OvernightDrift_1min_RTH;Long;1;26436,00;26463,50;12/1/2026 16:59:00;13/1/2026 9:32:00;EntradaCierre;SalidaApertura;$544,24;$217567,24;$5,76;$0,00;$0,00;$0,00;$0,00;$285,00;$655,00;$110,76;4;
1952;NQ 09-26;Backtest;PROD_Bot_NQ_OvernightDrift_1min_RTH;Long;1;26393,75;26222,75;13/1/2026 16:59:00;14/1/2026 9:32:00;EntradaCierre;SalidaApertura;$-3425,76;$214141,48;$5,76;$0,00;$0,00;$0,00;$0,00;$3785,00;$0,00;$3425,76;4;
1953;NQ 09-26;Backtest;PROD_Bot_NQ_OvernightDrift_1min_RTH;Long;1;26096,50;26395,00;14/1/2026 16:59:00;15/1/2026 9:32:00;EntradaCierre;SalidaApertura;$5964,24;$220105,72;$5,76;$0,00;$0,00;$0,00;$0,00;$120,00;$6815,00;$850,76;4;
1954;NQ 09-26;Backtest;PROD_Bot_NQ_OvernightDrift_1min_RTH;Long;1;26198,75;26373,25;15/1/2026 16:59:00;16/1/2026 9:32:00;EntradaCierre;SalidaApertura;$3484,24;$223589,96;$5,76;$0,00;$0,00;$0,00;$0,00;$40,00;$3545,00;$60,76;4;
1955;NQ 09-26;Backtest;PROD_Bot_NQ_OvernightDrift_1min_RTH;Long;1;26174,00;25772,50;16/1/2026 16:59:00;19/1/2026 9:32:00;EntradaCierre;SalidaApertura;$-8035,76;$215554,20;$5,76;$0,00;$0,00;$0,00;$0,00;$8060,00;$5,00;$8040,76;4;
1956;NQ 09-26;Backtest;PROD_Bot_NQ_OvernightDrift_1min_RTH;Long;1;25633,25;25703,25;20/1/2026 16:59:00;21/1/2026 9:32:00;EntradaCierre;SalidaApertura;$1394,24;$216948,44;$5,76;$0,00;$0,00;$0,00;$0,00;$20,00;$1485,00;$90,76;4;
1957;NQ 09-26;Backtest;PROD_Bot_NQ_OvernightDrift_1min_RTH;Long;1;25995,75;26172,00;21/1/2026 16:59:00;22/1/2026 9:32:00;EntradaCierre;SalidaApertura;$3519,24;$220467,68;$5,76;$0,00;$0,00;$0,00;$0,00;$25,00;$4540,00;$1020,76;4;
1958;NQ 09-26;Backtest;PROD_Bot_NQ_OvernightDrift_1min_RTH;Long;1;26119,25;26109,50;22/1/2026 16:59:00;23/1/2026 9:32:00;EntradaCierre;SalidaApertura;$-200,76;$220266,92;$5,76;$0,00;$0,00;$0,00;$0,00;$670,00;$360,00;$560,76;4;
1959;NQ 09-26;Backtest;PROD_Bot_NQ_OvernightDrift_1min_RTH;Long;1;26174,50;26207,00;23/1/2026 16:59:00;26/1/2026 9:32:00;EntradaCierre;SalidaApertura;$644,24;$220911,16;$5,76;$0,00;$0,00;$0,00;$0,00;$125,00;$1540,00;$895,76;4;
1960;NQ 09-26;Backtest;PROD_Bot_NQ_OvernightDrift_1min_RTH;Long;1;26350,25;26471,50;26/1/2026 16:59:00;27/1/2026 9:32:00;EntradaCierre;SalidaApertura;$2419,24;$223330,40;$5,76;$0,00;$0,00;$0,00;$0,00;$85,00;$2580,00;$160,76;4;
1961;NQ 09-26;Backtest;PROD_Bot_NQ_OvernightDrift_1min_RTH;Long;1;26601,75;26742,50;27/1/2026 16:59:00;28/1/2026 9:32:00;EntradaCierre;SalidaApertura;$2809,24;$226139,64;$5,76;$0,00;$0,00;$0,00;$0,00;$55,00;$3160,00;$350,76;4;
1962;NQ 09-26;Backtest;PROD_Bot_NQ_OvernightDrift_1min_RTH;Long;1;26763,25;26630,50;28/1/2026 16:59:00;29/1/2026 9:32:00;EntradaCierre;SalidaApertura;$-2660,76;$223478,88;$5,76;$0,00;$0,00;$0,00;$0,00;$2995,00;$15,00;$2675,76;4;
1963;NQ 09-26;Backtest;PROD_Bot_NQ_OvernightDrift_1min_RTH;Long;1;26479,00;26387,00;29/1/2026 16:59:00;30/1/2026 9:32:00;EntradaCierre;SalidaApertura;$-1845,76;$221633,12;$5,76;$0,00;$0,00;$0,00;$0,00;$3300,00;$90,00;$1935,76;4;
1964;NQ 09-26;Backtest;PROD_Bot_NQ_OvernightDrift_1min_RTH;Long;1;26134,50;26114,00;30/1/2026 16:59:00;2/2/2026 9:32:00;EntradaCierre;SalidaApertura;$-415,76;$221217,36;$5,76;$0,00;$0,00;$0,00;$0,00;$2075,00;$65,00;$480,76;4;
1965;NQ 09-26;Backtest;PROD_Bot_NQ_OvernightDrift_1min_RTH;Long;1;26368,25;26431,00;2/2/2026 16:59:00;3/2/2026 9:32:00;EntradaCierre;SalidaApertura;$1249,24;$222466,60;$5,76;$0,00;$0,00;$0,00;$0,00;$170,00;$1500,00;$250,76;4;
1966;NQ 09-26;Backtest;PROD_Bot_NQ_OvernightDrift_1min_RTH;Long;1;25901,00;25798,75;3/2/2026 16:59:00;4/2/2026 9:32:00;EntradaCierre;SalidaApertura;$-2050,76;$220415,84;$5,76;$0,00;$0,00;$0,00;$0,00;$2120,00;$280,00;$2330,76;4;
1967;NQ 09-26;Backtest;PROD_Bot_NQ_OvernightDrift_1min_RTH;Long;1;25611,75;25204,25;4/2/2026 16:59:00;5/2/2026 9:32:00;EntradaCierre;SalidaApertura;$-8155,76;$212260,08;$5,76;$0,00;$0,00;$0,00;$0,00;$8585,00;$325,00;$8480,76;4;
1968;NQ 09-26;Backtest;PROD_Bot_NQ_OvernightDrift_1min_RTH;Long;1;24926,25;25229,75;5/2/2026 16:59:00;6/2/2026 9:32:00;EntradaCierre;SalidaApertura;$6064,24;$218324,32;$5,76;$0,00;$0,00;$0,00;$0,00;$220,00;$6685,00;$620,76;4;
1969;NQ 09-26;Backtest;PROD_Bot_NQ_OvernightDrift_1min_RTH;Long;1;25591,25;25868,25;6/2/2026 16:59:00;10/2/2026 9:32:00;EntradaCierre;SalidaApertura;$5534,24;$223858,56;$5,76;$0,00;$0,00;$0,00;$0,00;$10,00;$5975,00;$440,76;4;
1970;NQ 09-26;Backtest;PROD_Bot_NQ_OvernightDrift_1min_RTH;Long;1;25744,50;25949,75;10/2/2026 16:59:00;11/2/2026 9:32:00;EntradaCierre;SalidaApertura;$4099,24;$227957,80;$5,76;$0,00;$0,00;$0,00;$0,00;$10,00;$4220,00;$120,76;4;
1971;NQ 09-26;Backtest;PROD_Bot_NQ_OvernightDrift_1min_RTH;Long;1;25780,50;25835,25;11/2/2026 16:59:00;12/2/2026 9:32:00;EntradaCierre;SalidaApertura;$1089,24;$229047,04;$5,76;$0,00;$0,00;$0,00;$0,00;$230,00;$1555,00;$465,76;4;
1972;NQ 09-26;Backtest;PROD_Bot_NQ_OvernightDrift_1min_RTH;Long;1;25322,00;25233,25;12/2/2026 16:59:00;13/2/2026 9:32:00;EntradaCierre;SalidaApertura;$-1780,76;$227266,28;$5,76;$0,00;$0,00;$0,00;$0,00;$2895,00;$30,00;$1810,76;4;
1973;NQ 09-26;Backtest;PROD_Bot_NQ_OvernightDrift_1min_RTH;Long;1;25282,00;25252,25;13/2/2026 16:59:00;16/2/2026 9:32:00;EntradaCierre;SalidaApertura;$-600,76;$226665,52;$5,76;$0,00;$0,00;$0,00;$0,00;$795,00;$0,00;$600,76;4;
1974;NQ 09-26;Backtest;PROD_Bot_NQ_OvernightDrift_1min_RTH;Long;1;25260,75;25265,75;17/2/2026 16:59:00;18/2/2026 9:32:00;EntradaCierre;SalidaApertura;$94,24;$226759,76;$5,76;$0,00;$0,00;$0,00;$0,00;$355,00;$1075,00;$980,76;4;
1975;NQ 09-26;Backtest;PROD_Bot_NQ_OvernightDrift_1min_RTH;Long;1;25426,25;25348,00;18/2/2026 16:59:00;19/2/2026 9:32:00;EntradaCierre;SalidaApertura;$-1570,76;$225189,00;$5,76;$0,00;$0,00;$0,00;$0,00;$2425,00;$125,00;$1695,76;4;
1976;NQ 09-26;Backtest;PROD_Bot_NQ_OvernightDrift_1min_RTH;Long;1;25329,50;25216,50;19/2/2026 16:59:00;20/2/2026 9:32:00;EntradaCierre;SalidaApertura;$-2265,76;$222923,24;$5,76;$0,00;$0,00;$0,00;$0,00;$3200,00;$0,00;$2265,76;4;
1977;NQ 09-26;Backtest;PROD_Bot_NQ_OvernightDrift_1min_RTH;Long;1;25564,75;25503,75;20/2/2026 16:59:00;23/2/2026 9:32:00;EntradaCierre;SalidaApertura;$-1225,76;$221697,48;$5,76;$0,00;$0,00;$0,00;$0,00;$2030,00;$115,00;$1340,76;4;
1978;NQ 09-26;Backtest;PROD_Bot_NQ_OvernightDrift_1min_RTH;Long;1;25278,25;25303,25;23/2/2026 16:59:00;24/2/2026 9:32:00;EntradaCierre;SalidaApertura;$494,24;$222191,72;$5,76;$0,00;$0,00;$0,00;$0,00;$105,00;$775,00;$280,76;4;
1979;NQ 09-26;Backtest;PROD_Bot_NQ_OvernightDrift_1min_RTH;Long;1;25510,75;25702,25;24/2/2026 16:59:00;25/2/2026 9:32:00;EntradaCierre;SalidaApertura;$3824,24;$226015,96;$5,76;$0,00;$0,00;$0,00;$0,00;$85,00;$4005,00;$180,76;4;
1980;NQ 09-26;Backtest;PROD_Bot_NQ_OvernightDrift_1min_RTH;Long;1;25951,50;25783,50;25/2/2026 16:59:00;26/2/2026 9:32:00;EntradaCierre;SalidaApertura;$-3365,76;$222650,20;$5,76;$0,00;$0,00;$0,00;$0,00;$3510,00;$75,00;$3440,76;4;
1981;NQ 09-26;Backtest;PROD_Bot_NQ_OvernightDrift_1min_RTH;Long;1;25521,00;25319,00;26/2/2026 16:59:00;27/2/2026 9:32:00;EntradaCierre;SalidaApertura;$-4045,76;$218604,44;$5,76;$0,00;$0,00;$0,00;$0,00;$4450,00;$80,00;$4125,76;4;
1982;NQ 09-26;Backtest;PROD_Bot_NQ_OvernightDrift_1min_RTH;Long;1;25439,25;25174,50;27/2/2026 16:59:00;2/3/2026 9:32:00;EntradaCierre;SalidaApertura;$-5300,76;$213303,68;$5,76;$0,00;$0,00;$0,00;$0,00;$6865,00;$330,00;$5630,76;4;
1983;NQ 09-26;Backtest;PROD_Bot_NQ_OvernightDrift_1min_RTH;Long;1;25489,75;25100,00;2/3/2026 16:59:00;3/3/2026 9:32:00;EntradaCierre;SalidaApertura;$-7800,76;$205502,92;$5,76;$0,00;$0,00;$0,00;$0,00;$9670,00;$150,00;$7950,76;4;
1984;NQ 09-26;Backtest;PROD_Bot_NQ_OvernightDrift_1min_RTH;Long;1;25204,75;25424,25;3/3/2026 16:59:00;4/3/2026 9:32:00;EntradaCierre;SalidaApertura;$4384,24;$209887,16;$5,76;$0,00;$0,00;$0,00;$0,00;$120,00;$4835,00;$450,76;4;
1985;NQ 09-26;Backtest;PROD_Bot_NQ_OvernightDrift_1min_RTH;Long;1;25621,75;25526,00;4/3/2026 16:59:00;5/3/2026 9:32:00;EntradaCierre;SalidaApertura;$-1920,76;$207966,40;$5,76;$0,00;$0,00;$0,00;$0,00;$2910,00;$230,00;$2150,76;4;
1986;NQ 09-26;Backtest;PROD_Bot_NQ_OvernightDrift_1min_RTH;Long;1;25500,25;25172,75;5/3/2026 16:59:00;6/3/2026 9:32:00;EntradaCierre;SalidaApertura;$-6555,76;$201410,64;$5,76;$0,00;$0,00;$0,00;$0,00;$6860,00;$55,00;$6610,76;4;
1987;NQ 09-26;Backtest;PROD_Bot_NQ_OvernightDrift_1min_RTH;Long;1;25159,25;25001,00;6/3/2026 16:59:00;9/3/2026 9:32:00;EntradaCierre;SalidaApertura;$-3170,76;$198239,88;$5,76;$0,00;$0,00;$0,00;$0,00;$4885,00;$80,00;$3250,76;4;
1988;NQ 09-26;Backtest;PROD_Bot_NQ_OvernightDrift_1min_RTH;Long;1;25459,75;25537,00;9/3/2026 16:59:00;10/3/2026 9:32:00;EntradaCierre;SalidaApertura;$1539,24;$199779,12;$5,76;$0,00;$0,00;$0,00;$0,00;$260,00;$1955,00;$415,76;4;
1989;NQ 09-26;Backtest;PROD_Bot_NQ_OvernightDrift_1min_RTH;Long;1;25504,00;25574,50;10/3/2026 16:59:00;11/3/2026 9:32:00;EntradaCierre;SalidaApertura;$1404,24;$201183,36;$5,76;$0,00;$0,00;$0,00;$0,00;$220,00;$1555,00;$150,76;4;
1990;NQ 09-26;Backtest;PROD_Bot_NQ_OvernightDrift_1min_RTH;Long;1;25438,75;25271,50;11/3/2026 16:59:00;12/3/2026 9:32:00;EntradaCierre;SalidaApertura;$-3350,76;$197832,60;$5,76;$0,00;$0,00;$0,00;$0,00;$3640,00;$85,00;$3435,76;4;
1991;NQ 09-26;Backtest;PROD_Bot_NQ_OvernightDrift_1min_RTH;Long;1;25308,00;25205,25;17/3/2026 16:59:00;18/3/2026 9:32:00;EntradaCierre;SalidaApertura;$-2060,76;$195771,84;$5,76;$0,00;$0,00;$0,00;$0,00;$2115,00;$40,00;$2100,76;4;
1992;NQ 09-26;Backtest;PROD_Bot_NQ_OvernightDrift_1min_RTH;Long;1;25528,50;25608,50;9/4/2026 16:59:00;10/4/2026 9:32:00;EntradaCierre;SalidaApertura;$1594,24;$197366,08;$5,76;$0,00;$0,00;$0,00;$0,00;$215,00;$1945,00;$350,76;4;
1993;NQ 09-26;Backtest;PROD_Bot_NQ_OvernightDrift_1min_RTH;Long;1;25603,25;25511,00;10/4/2026 16:59:00;13/4/2026 9:32:00;EntradaCierre;SalidaApertura;$-1850,76;$195515,32;$5,76;$0,00;$0,00;$0,00;$0,00;$2105,00;$340,00;$2190,76;4;
1994;NQ 09-26;Backtest;PROD_Bot_NQ_OvernightDrift_1min_RTH;Long;1;25863,25;25970,75;13/4/2026 16:59:00;14/4/2026 9:32:00;EntradaCierre;SalidaApertura;$2144,24;$197659,56;$5,76;$0,00;$0,00;$0,00;$0,00;$10,00;$2535,00;$390,76;4;
1995;NQ 09-26;Backtest;PROD_Bot_NQ_OvernightDrift_1min_RTH;Long;1;26275,75;26302,00;14/4/2026 16:59:00;15/4/2026 9:32:00;EntradaCierre;SalidaApertura;$519,24;$198178,80;$5,76;$0,00;$0,00;$0,00;$0,00;$90,00;$940,00;$420,76;4;
1996;NQ 09-26;Backtest;PROD_Bot_NQ_OvernightDrift_1min_RTH;Long;1;26642,50;26677,50;15/4/2026 16:59:00;16/4/2026 9:32:00;EntradaCierre;SalidaApertura;$694,24;$198873,04;$5,76;$0,00;$0,00;$0,00;$0,00;$105,00;$1860,00;$1165,76;4;
1997;NQ 09-26;Backtest;PROD_Bot_NQ_OvernightDrift_1min_RTH;Long;1;26751,50;26969,25;16/4/2026 16:59:00;17/4/2026 9:32:00;EntradaCierre;SalidaApertura;$4349,24;$203222,28;$5,76;$0,00;$0,00;$0,00;$0,00;$100,00;$5020,00;$670,76;4;
1998;NQ 09-26;Backtest;PROD_Bot_NQ_OvernightDrift_1min_RTH;Long;1;27120,00;27082,00;17/4/2026 16:59:00;20/4/2026 9:32:00;EntradaCierre;SalidaApertura;$-765,76;$202456,52;$5,76;$0,00;$0,00;$0,00;$0,00;$835,00;$100,00;$865,76;4;
1999;NQ 09-26;Backtest;PROD_Bot_NQ_OvernightDrift_1min_RTH;Long;1;27060,50;27053,75;20/4/2026 16:59:00;21/4/2026 9:32:00;EntradaCierre;SalidaApertura;$-140,76;$202315,76;$5,76;$0,00;$0,00;$0,00;$0,00;$135,00;$965,00;$1105,76;4;
2000;NQ 09-26;Backtest;PROD_Bot_NQ_OvernightDrift_1min_RTH;Long;1;27019,25;27150,50;21/4/2026 16:59:00;22/4/2026 9:32:00;EntradaCierre;SalidaApertura;$2619,24;$204935,00;$5,76;$0,00;$0,00;$0,00;$0,00;$395,00;$3115,00;$495,76;4;
2001;NQ 09-26;Backtest;PROD_Bot_NQ_OvernightDrift_1min_RTH;Long;1;27388,25;27276,00;22/4/2026 16:59:00;23/4/2026 9:32:00;EntradaCierre;SalidaApertura;$-2250,76;$202684,24;$5,76;$0,00;$0,00;$0,00;$0,00;$2820,00;$50,00;$2300,76;4;
2002;NQ 09-26;Backtest;PROD_Bot_NQ_OvernightDrift_1min_RTH;Long;1;27223,25;27469,25;23/4/2026 16:59:00;24/4/2026 9:32:00;EntradaCierre;SalidaApertura;$4914,24;$207598,48;$5,76;$0,00;$0,00;$0,00;$0,00;$165,00;$5645,00;$730,76;4;
2003;NQ 09-26;Backtest;PROD_Bot_NQ_OvernightDrift_1min_RTH;Long;1;27722,50;27661,75;24/4/2026 16:59:00;27/4/2026 9:32:00;EntradaCierre;SalidaApertura;$-1220,76;$206377,72;$5,76;$0,00;$0,00;$0,00;$0,00;$1550,00;$85,00;$1305,76;4;
2004;NQ 09-26;Backtest;PROD_Bot_NQ_OvernightDrift_1min_RTH;Long;1;27701,00;27371,75;27/4/2026 16:59:00;28/4/2026 9:32:00;EntradaCierre;SalidaApertura;$-6590,76;$199786,96;$5,76;$0,00;$0,00;$0,00;$0,00;$6745,00;$85,00;$6675,76;4;
2005;NQ 09-26;Backtest;PROD_Bot_NQ_OvernightDrift_1min_RTH;Long;1;27470,75;27436,00;28/4/2026 16:59:00;29/4/2026 9:32:00;EntradaCierre;SalidaApertura;$-700,76;$199086,20;$5,76;$0,00;$0,00;$0,00;$0,00;$755,00;$590,00;$1290,76;4;
2006;NQ 09-26;Backtest;PROD_Bot_NQ_OvernightDrift_1min_RTH;Long;1;27451,50;27718,50;29/4/2026 16:59:00;30/4/2026 9:32:00;EntradaCierre;SalidaApertura;$5334,24;$204420,44;$5,76;$0,00;$0,00;$0,00;$0,00;$415,00;$6445,00;$1110,76;4;
2007;NQ 09-26;Backtest;PROD_Bot_NQ_OvernightDrift_1min_RTH;Long;1;27883,00;27947,25;30/4/2026 16:59:00;1/5/2026 9:32:00;EntradaCierre;SalidaApertura;$1279,24;$205699,68;$5,76;$0,00;$0,00;$0,00;$0,00;$75,00;$1295,00;$15,76;4;
2008;NQ 09-26;Backtest;PROD_Bot_NQ_OvernightDrift_1min_RTH;Long;1;28054,00;28123,00;1/5/2026 16:59:00;4/5/2026 9:32:00;EntradaCierre;SalidaApertura;$1374,24;$207073,92;$5,76;$0,00;$0,00;$0,00;$0,00;$10,00;$2055,00;$680,76;4;
2009;NQ 09-26;Backtest;PROD_Bot_NQ_OvernightDrift_1min_RTH;Long;1;28026,50;28285,50;4/5/2026 16:59:00;5/5/2026 9:32:00;EntradaCierre;SalidaApertura;$5174,24;$212248,16;$5,76;$0,00;$0,00;$0,00;$0,00;$40,00;$5575,00;$400,76;4;
2010;NQ 09-26;Backtest;PROD_Bot_NQ_OvernightDrift_1min_RTH;Long;1;28493,00;28629,25;5/5/2026 16:59:00;6/5/2026 9:32:00;EntradaCierre;SalidaApertura;$2719,24;$214967,40;$5,76;$0,00;$0,00;$0,00;$0,00;$100,00;$3625,00;$905,76;4;
2011;NQ 09-26;Backtest;PROD_Bot_NQ_OvernightDrift_1min_RTH;Long;1;28990,00;29015,75;6/5/2026 16:59:00;7/5/2026 9:32:00;EntradaCierre;SalidaApertura;$509,24;$215476,64;$5,76;$0,00;$0,00;$0,00;$0,00;$85,00;$1170,00;$660,76;4;
2012;NQ 09-26;Backtest;PROD_Bot_NQ_OvernightDrift_1min_RTH;Long;1;28933,00;29172,00;7/5/2026 16:59:00;8/5/2026 9:32:00;EntradaCierre;SalidaApertura;$4774,24;$220250,88;$5,76;$0,00;$0,00;$0,00;$0,00;$335,00;$5045,00;$270,76;4;
2013;NQ 09-26;Backtest;PROD_Bot_NQ_OvernightDrift_1min_RTH;Long;1;29614,25;29625,00;8/5/2026 16:59:00;11/5/2026 9:32:00;EntradaCierre;SalidaApertura;$209,24;$220460,12;$5,76;$0,00;$0,00;$0,00;$0,00;$1010,00;$280,00;$70,76;4;
2014;NQ 09-26;Backtest;PROD_Bot_NQ_OvernightDrift_1min_RTH;Long;1;29679,50;29448,00;11/5/2026 16:59:00;12/5/2026 9:32:00;EntradaCierre;SalidaApertura;$-4635,76;$215824,36;$5,76;$0,00;$0,00;$0,00;$0,00;$5030,00;$55,00;$4690,76;4;
2015;NQ 09-26;Backtest;PROD_Bot_NQ_OvernightDrift_1min_RTH;Long;1;29421,50;29542,50;12/5/2026 16:59:00;13/5/2026 9:32:00;EntradaCierre;SalidaApertura;$2414,24;$218238,60;$5,76;$0,00;$0,00;$0,00;$0,00;$105,00;$2985,00;$570,76;4;
2016;NQ 09-26;Backtest;PROD_Bot_NQ_OvernightDrift_1min_RTH;Long;1;29818,00;29755,25;13/5/2026 16:59:00;14/5/2026 9:32:00;EntradaCierre;SalidaApertura;$-1260,76;$216977,84;$5,76;$0,00;$0,00;$0,00;$0,00;$1515,00;$50,00;$1310,76;4;
2017;NQ 09-26;Backtest;PROD_Bot_NQ_OvernightDrift_1min_RTH;Long;1;29960,25;29539,50;14/5/2026 16:59:00;15/5/2026 9:32:00;EntradaCierre;SalidaApertura;$-8420,76;$208557,08;$5,76;$0,00;$0,00;$0,00;$0,00;$8755,00;$210,00;$8630,76;4;
2018;NQ 09-26;Backtest;PROD_Bot_NQ_OvernightDrift_1min_RTH;Long;1;29449,75;29614,50;15/5/2026 16:59:00;18/5/2026 9:32:00;EntradaCierre;SalidaApertura;$3289,24;$211846,32;$5,76;$0,00;$0,00;$0,00;$0,00;$140,00;$3765,00;$475,76;4;
2019;NQ 09-26;Backtest;PROD_Bot_NQ_OvernightDrift_1min_RTH;Long;1;29363,75;29194,00;18/5/2026 16:59:00;19/5/2026 9:32:00;EntradaCierre;SalidaApertura;$-3400,76;$208445,56;$5,76;$0,00;$0,00;$0,00;$0,00;$4625,00;$60,00;$3460,76;4;
2020;NQ 09-26;Backtest;PROD_Bot_NQ_OvernightDrift_1min_RTH;Long;1;29173,00;29385,00;19/5/2026 16:59:00;20/5/2026 9:32:00;EntradaCierre;SalidaApertura;$4234,24;$212679,80;$5,76;$0,00;$0,00;$0,00;$0,00;$50,00;$4615,00;$380,76;4;
2021;NQ 09-26;Backtest;PROD_Bot_NQ_OvernightDrift_1min_RTH;Long;1;29573,25;29484,50;20/5/2026 16:59:00;21/5/2026 9:32:00;EntradaCierre;SalidaApertura;$-1780,76;$210899,04;$5,76;$0,00;$0,00;$0,00;$0,00;$1955,00;$120,00;$1900,76;4;
2022;NQ 09-26;Backtest;PROD_Bot_NQ_OvernightDrift_1min_RTH;Long;1;29737,25;29899,00;21/5/2026 16:59:00;22/5/2026 9:32:00;EntradaCierre;SalidaApertura;$3229,24;$214128,28;$5,76;$0,00;$0,00;$0,00;$0,00;$75,00;$3290,00;$60,76;4;
2023;NQ 09-26;Backtest;PROD_Bot_NQ_OvernightDrift_1min_RTH;Long;1;29808,75;30228,25;22/5/2026 16:59:00;25/5/2026 9:32:00;EntradaCierre;SalidaApertura;$8384,24;$222512,52;$5,76;$0,00;$0,00;$0,00;$0,00;$135,00;$8445,00;$60,76;4;
2024;NQ 09-26;Backtest;PROD_Bot_NQ_OvernightDrift_1min_RTH;Long;1;30327,25;30422,50;26/5/2026 16:59:00;27/5/2026 9:32:00;EntradaCierre;SalidaApertura;$1899,24;$224411,76;$5,76;$0,00;$0,00;$0,00;$0,00;$70,00;$2940,00;$1040,76;4;
2025;NQ 09-26;Backtest;PROD_Bot_NQ_OvernightDrift_1min_RTH;Long;1;30400,00;30376,00;27/5/2026 16:59:00;28/5/2026 9:32:00;EntradaCierre;SalidaApertura;$-485,76;$223926,00;$5,76;$0,00;$0,00;$0,00;$0,00;$1315,00;$235,00;$720,76;4;
2026;NQ 09-26;Backtest;PROD_Bot_NQ_OvernightDrift_1min_RTH;Long;1;30603,75;30667,25;28/5/2026 16:59:00;29/5/2026 9:32:00;EntradaCierre;SalidaApertura;$1264,24;$225190,24;$5,76;$0,00;$0,00;$0,00;$0,00;$205,00;$1665,00;$400,76;4;
2027;NQ 09-26;Backtest;PROD_Bot_NQ_OvernightDrift_1min_RTH;Long;1;30667,50;30600,50;29/5/2026 16:59:00;1/6/2026 9:32:00;EntradaCierre;SalidaApertura;$-1345,76;$223844,48;$5,76;$0,00;$0,00;$0,00;$0,00;$1490,00;$140,00;$1485,76;4;
2028;NQ 09-26;Backtest;PROD_Bot_NQ_OvernightDrift_1min_RTH;Long;1;30793,25;30784,75;1/6/2026 16:59:00;2/6/2026 9:32:00;EntradaCierre;SalidaApertura;$-175,76;$223668,72;$5,76;$0,00;$0,00;$0,00;$0,00;$270,00;$1135,00;$1310,76;4;
2029;NQ 09-26;Backtest;PROD_Bot_NQ_OvernightDrift_1min_RTH;Long;1;31025,50;31049,00;2/6/2026 16:59:00;3/6/2026 9:32:00;EntradaCierre;SalidaApertura;$464,24;$224132,96;$5,76;$0,00;$0,00;$0,00;$0,00;$55,00;$975,00;$510,76;4;
2030;NQ 09-26;Backtest;PROD_Bot_NQ_OvernightDrift_1min_RTH;Long;1;30784,50;30525,00;3/6/2026 16:59:00;4/6/2026 9:32:00;EntradaCierre;SalidaApertura;$-5195,76;$218937,20;$5,76;$0,00;$0,00;$0,00;$0,00;$5845,00;$40,00;$5235,76;4;
2031;NQ 09-26;Backtest;PROD_Bot_NQ_OvernightDrift_1min_RTH;Long;1;30694,50;30302,00;4/6/2026 16:59:00;5/6/2026 9:32:00;EntradaCierre;SalidaApertura;$-7855,76;$211081,44;$5,76;$0,00;$0,00;$0,00;$0,00;$8270,00;$135,00;$7990,76;4;
2032;NQ 09-26;Backtest;PROD_Bot_NQ_OvernightDrift_1min_RTH;Long;1;29119,25;29848,50;5/6/2026 16:59:00;8/6/2026 9:32:00;EntradaCierre;SalidaApertura;$14579,24;$225660,68;$5,76;$0,00;$0,00;$0,00;$0,00;$155,00;$14645,00;$65,76;4;
2033;NQ 09-26;Backtest;PROD_Bot_NQ_OvernightDrift_1min_RTH;Long;1;29721,75;30009,25;8/6/2026 16:59:00;9/6/2026 9:32:00;EntradaCierre;SalidaApertura;$5744,24;$231404,92;$5,76;$0,00;$0,00;$0,00;$0,00;$125,00;$6170,00;$425,76;4;
2034;NQ 09-26;Backtest;PROD_Bot_NQ_OvernightDrift_1min_RTH;Long;1;29411,50;29201,50;9/6/2026 16:59:00;10/6/2026 9:32:00;EntradaCierre;SalidaApertura;$-4205,76;$227199,16;$5,76;$0,00;$0,00;$0,00;$0,00;$6005,00;$365,00;$4570,76;4;
2035;NQ 09-26;Backtest;PROD_Bot_NQ_OvernightDrift_1min_RTH;Long;1;28741,50;29057,75;10/6/2026 16:59:00;11/6/2026 9:32:00;EntradaCierre;SalidaApertura;$6319,24;$233518,40;$5,76;$0,00;$0,00;$0,00;$0,00;$185,00;$6535,00;$215,76;4;
2036;NQ 09-26;Backtest;PROD_Bot_NQ_OvernightDrift_1min_RTH;Long;1;29720,50;29723,75;11/6/2026 16:59:00;12/6/2026 9:32:00;EntradaCierre;SalidaApertura;$59,24;$233577,64;$5,76;$0,00;$0,00;$0,00;$0,00;$1125,00;$1430,00;$1370,76;4;
2037;NQ 09-26;Backtest;PROD_Bot_NQ_OvernightDrift_1min_RTH;Long;1;29976,25;30663,50;12/6/2026 16:59:00;15/6/2026 9:32:00;EntradaCierre;SalidaApertura;$13739,24;$247316,88;$5,76;$0,00;$0,00;$0,00;$0,00;$200,00;$13745,00;$5,76;4;
2038;NQ 09-26;Backtest;PROD_Bot_NQ_OvernightDrift_1min_RTH;Long;1;30836,25;30806,00;15/6/2026 16:59:00;16/6/2026 9:32:00;EntradaCierre;SalidaApertura;$-610,76;$246706,12;$5,76;$0,00;$0,00;$0,00;$0,00;$1420,00;$85,00;$695,76;4;
2039;NQ 09-26;Backtest;PROD_Bot_NQ_OvernightDrift_1min_RTH;Long;1;30307,00;30479,75;16/6/2026 16:59:00;17/6/2026 9:32:00;EntradaCierre;SalidaApertura;$3449,24;$250155,36;$5,76;$0,00;$0,00;$0,00;$0,00;$160,00;$4415,00;$965,76;4;
2040;NQ 09-26;Backtest;PROD_Bot_NQ_OvernightDrift_1min_RTH;Long;1;30132,00;30572,75;17/6/2026 16:59:00;18/6/2026 9:32:00;EntradaCierre;SalidaApertura;$8809,24;$258964,60;$5,76;$0,00;$0,00;$0,00;$0,00;$40,00;$9670,00;$860,76;4;
2041;NQ 09-26;Backtest;PROD_Bot_NQ_OvernightDrift_1min_RTH;Long;1;30716,25;30664,75;18/6/2026 16:59:00;19/6/2026 9:32:00;EntradaCierre;SalidaApertura;$-1035,76;$257928,84;$5,76;$0,00;$0,00;$0,00;$0,00;$1510,00;$230,00;$1265,76;4;
2042;NQ 09-26;Backtest;PROD_Bot_NQ_OvernightDrift_1min_RTH;Long;1;30654,50;29658,25;22/6/2026 16:59:00;23/6/2026 9:32:00;EntradaCierre;SalidaApertura;$-19930,76;$237998,08;$5,76;$0,00;$0,00;$0,00;$0,00;$20315,00;$365,00;$20295,76;4;
2043;NQ 09-26;Backtest;PROD_Bot_NQ_OvernightDrift_1min_RTH;Long;1;29746,50;29651,00;23/6/2026 16:59:00;24/6/2026 9:32:00;EntradaCierre;SalidaApertura;$-1915,76;$236082,32;$5,76;$0,00;$0,00;$0,00;$0,00;$2230,00;$220,00;$2135,76;4;
2044;NQ 09-26;Backtest;PROD_Bot_NQ_OvernightDrift_1min_RTH;Long;1;30106,50;30122,00;24/6/2026 16:59:00;25/6/2026 9:32:00;EntradaCierre;SalidaApertura;$304,24;$236386,56;$5,76;$0,00;$0,00;$0,00;$0,00;$460,00;$1730,00;$1425,76;4;
2045;NQ 09-26;Backtest;PROD_Bot_NQ_OvernightDrift_1min_RTH;Long;1;29762,00;29334,75;25/6/2026 16:59:00;26/6/2026 9:32:00;EntradaCierre;SalidaApertura;$-8550,76;$227835,80;$5,76;$0,00;$0,00;$0,00;$0,00;$9400,00;$35,00;$8585,76;4;
2046;NQ 09-26;Backtest;PROD_Bot_NQ_OvernightDrift_1min_RTH;Long;1;29291,25;29622,75;26/6/2026 16:59:00;29/6/2026 9:32:00;EntradaCierre;SalidaApertura;$6624,24;$234460,04;$5,76;$0,00;$0,00;$0,00;$0,00;$425,00;$7650,00;$1025,76;4;
2047;NQ 09-26;Backtest;PROD_Bot_NQ_OvernightDrift_1min_RTH;Long;1;30007,50;30086,75;29/6/2026 16:59:00;30/6/2026 9:32:00;EntradaCierre;SalidaApertura;$1579,24;$236039,28;$5,76;$0,00;$0,00;$0,00;$0,00;$325,00;$1690,00;$110,76;4;
2048;NQ 09-26;Backtest;PROD_Bot_NQ_OvernightDrift_1min_RTH;Long;1;30494,25;30239,50;30/6/2026 16:59:00;1/7/2026 9:32:00;EntradaCierre;SalidaApertura;$-5100,76;$230938,52;$5,76;$0,00;$0,00;$0,00;$0,00;$6510,00;$175,00;$5275,76;4;
2049;NQ 09-26;Backtest;PROD_Bot_NQ_OvernightDrift_1min_RTH;Long;1;30053,50;30077,25;1/7/2026 16:59:00;2/7/2026 9:32:00;EntradaCierre;SalidaApertura;$469,24;$231407,76;$5,76;$0,00;$0,00;$0,00;$0,00;$915,00;$1060,00;$590,76;4;
2050;NQ 09-26;Backtest;PROD_Bot_NQ_OvernightDrift_1min_RTH;Long;1;29549,50;29940,25;2/7/2026 16:59:00;3/7/2026 9:32:00;EntradaCierre;SalidaApertura;$7809,24;$239217,00;$5,76;$0,00;$0,00;$0,00;$0,00;$265,00;$7985,00;$175,76;4;
2051;NQ 09-26;Backtest;PROD_Bot_NQ_OvernightDrift_1min_RTH;Long;1;29945,75;29633,25;6/7/2026 16:59:00;7/7/2026 9:32:00;EntradaCierre;SalidaApertura;$-6255,76;$232961,24;$5,76;$0,00;$0,00;$0,00;$0,00;$7530,00;$270,00;$6525,76;4;
2052;NQ 09-26;Backtest;PROD_Bot_NQ_OvernightDrift_1min_RTH;Long;1;29419,50;29252,25;7/7/2026 16:59:00;8/7/2026 9:32:00;EntradaCierre;SalidaApertura;$-3350,76;$229610,48;$5,76;$0,00;$0,00;$0,00;$0,00;$4370,00;$40,00;$3390,76;4;
2053;NQ 09-26;Backtest;PROD_Bot_NQ_OvernightDrift_1min_RTH;Long;1;29395,50;29695,50;8/7/2026 16:59:00;9/7/2026 9:32:00;EntradaCierre;SalidaApertura;$5994,24;$235604,72;$5,76;$0,00;$0,00;$0,00;$0,00;$370,00;$7190,00;$1195,76;4;
2054;NQ 09-26;Backtest;PROD_Bot_NQ_OvernightDrift_1min_RTH;Long;1;29934,75;29874,25;9/7/2026 16:59:00;10/7/2026 9:32:00;EntradaCierre;SalidaApertura;$-1215,76;$234388,96;$5,76;$0,00;$0,00;$0,00;$0,00;$2445,00;$30,00;$1245,76;4;
2055;NQ 09-26;Backtest;PROD_Bot_NQ_OvernightDrift_1min_RTH;Long;1;30063,50;29713,75;10/7/2026 16:59:00;13/7/2026 9:32:00;EntradaCierre;SalidaApertura;$-7000,76;$227388,20;$5,76;$0,00;$0,00;$0,00;$0,00;$8250,00;$205,00;$7205,76;4;
2056;NQ 09-26;Backtest;PROD_Bot_NQ_OvernightDrift_1min_RTH;Long;1;29435,25;29769,00;13/7/2026 16:59:00;14/7/2026 9:32:00;EntradaCierre;SalidaApertura;$6669,24;$234057,44;$5,76;$0,00;$0,00;$0,00;$0,00;$185,00;$7610,00;$940,76;4;
2057;NQ 09-26;Backtest;PROD_Bot_NQ_OvernightDrift_1min_RTH;Long;1;29800,00;29954,25;14/7/2026 16:59:00;15/7/2026 9:32:00;EntradaCierre;SalidaApertura;$3079,24;$237136,68;$5,76;$0,00;$0,00;$0,00;$0,00;$130,00;$3550,00;$470,76;4;
2058;NQ 09-26;Backtest;PROD_Bot_NQ_OvernightDrift_1min_RTH;Long;1;29715,00;29504,50;15/7/2026 16:59:00;16/7/2026 9:32:00;EntradaCierre;SalidaApertura;$-4215,76;$232920,92;$5,76;$0,00;$0,00;$0,00;$0,00;$5095,00;$65,00;$4280,76;4;
2059;NQ 09-26;Backtest;PROD_Bot_NQ_OvernightDrift_1min_RTH;Long;1;29176,50;28643,75;16/7/2026 16:59:00;17/7/2026 9:32:00;EntradaCierre;SalidaApertura;$-10660,76;$222260,16;$5,76;$0,00;$0,00;$0,00;$0,00;$11540,00;$135,00;$10795,76;4;
2060;NQ 09-26;Backtest;PROD_Bot_NQ_OvernightDrift_1min_RTH;Long;1;28775,75;29058,00;17/7/2026 16:59:00;20/7/2026 9:32:00;EntradaCierre;SalidaApertura;$5639,24;$227899,40;$5,76;$0,00;$0,00;$0,00;$0,00;$250,00;$5850,00;$210,76;4;
2061;NQ 09-26;Backtest;PROD_Bot_NQ_OvernightDrift_1min_RTH;Long;1;28781,50;29186,25;20/7/2026 16:59:00;21/7/2026 9:32:00;EntradaCierre;SalidaApertura;$8089,24;$235988,64;$5,76;$0,00;$0,00;$0,00;$0,00;$175,00;$9295,00;$1205,76;4;
2062;NQ 09-26;Backtest;PROD_Bot_NQ_OvernightDrift_1min_RTH;Long;1;29282,50;29121,25;21/7/2026 16:59:00;22/7/2026 9:32:00;EntradaCierre;SalidaApertura;$-3230,76;$232757,88;$5,76;$0,00;$0,00;$0,00;$0,00;$3870,00;$160,00;$3390,76;4;
2063;NQ 09-26;Backtest;PROD_Bot_NQ_OvernightDrift_1min_RTH;Long;1;29193,25;28686,25;22/7/2026 16:59:00;23/7/2026 9:32:00;EntradaCierre;SalidaApertura;$-10145,76;$222612,12;$5,76;$0,00;$0,00;$0,00;$0,00;$10725,00;$55,00;$10200,76;4;
2064;NQ 09-26;Backtest;PROD_Bot_NQ_OvernightDrift_1min_RTH;Long;1;28734,50;28530,25;23/7/2026 16:59:00;24/7/2026 9:32:00;EntradaCierre;SalidaApertura;$-4090,76;$218521,36;$5,76;$0,00;$0,00;$0,00;$0,00;$4600,00;$250,00;$4340,76;4;
2065;NQ 09-26;Backtest;PROD_Bot_NQ_OvernightDrift_1min_RTH;Long;1;28306,75;28579,75;24/7/2026 16:59:00;27/7/2026 9:32:00;EntradaCierre;SalidaApertura;$5454,24;$223975,60;$5,76;$0,00;$0,00;$0,00;$0,00;$105,00;$6180,00;$725,76;4;
2066;NQ 09-26;Backtest;PROD_Bot_NQ_OvernightDrift_1min_RTH;Long;1;28198,75;27943,75;27/7/2026 16:59:00;28/7/2026 9:32:00;EntradaCierre;SalidaApertura;$-5105,76;$218869,84;$5,76;$0,00;$0,00;$0,00;$0,00;$5400,00;$265,00;$5370,76;4;
2067;NQ 09-26;Backtest;PROD_Bot_NQ_OvernightDrift_1min_RTH;Long;1;27962,00;27869,50;28/7/2026 16:59:00;29/7/2026 9:32:00;EntradaCierre;SalidaApertura;$-1855,76;$217014,08;$5,76;$0,00;$0,00;$0,00;$0,00;$2000,00;$5,00;$1860,76;4;
2068;NQ 09-26;Backtest;PROD_Bot_NQ_OvernightDrift_1min_RTH;Long;1;27296,75;27858,50;29/7/2026 16:59:00;30/7/2026 9:32:00;EntradaCierre;SalidaApertura;$11229,24;$228243,32;$5,76;$0,00;$0,00;$0,00;$0,00;$805,00;$11895,00;$665,76;4;
2069;NQ 09-26;Backtest;PROD_Bot_NQ_OvernightDrift_1min_RTH;Long;1;28329,75;28598,25;30/7/2026 16:59:00;31/7/2026 9:32:00;EntradaCierre;SalidaApertura;$5364,24;$233607,56;$5,76;$0,00;$0,00;$0,00;$0,00;$145,00;$5665,00;$300,76;4;
2070;NQ 09-26;Backtest;PROD_Bot_NQ_OvernightDrift_1min_RTH;Long;1;28300,25;28359,25;31/7/2026 16:59:00;3/8/2026 9:32:00;EntradaCierre;SalidaApertura;$1174,24;$234781,80;$5,76;$0,00;$0,00;$0,00;$0,00;$840,00;$2700,00;$1525,76;4;
2071;NQ 09-26;Backtest;PROD_Bot_NQ_OvernightDrift_1min_RTH;Long;1;28923,25;29303,25;3/8/2026 16:59:00;4/8/2026 9:32:00;EntradaCierre;SalidaApertura;$7594,24;$242376,04;$5,76;$0,00;$0,00;$0,00;$0,00;$50,00;$7625,00;$30,76;4;
2072;NQ 09-26;Backtest;PROD_Bot_NQ_OvernightDrift_1min_RTH;Long;1;29815,50;29964,25;4/8/2026 16:59:00;5/8/2026 9:32:00;EntradaCierre;SalidaApertura;$2969,24;$245345,28;$5,76;$0,00;$0,00;$0,00;$0,00;$150,00;$3625,00;$655,76;4;
2073;NQ 09-26;Backtest;PROD_Bot_NQ_OvernightDrift_1min_RTH;Long;1;29603,75;29326,50;5/8/2026 16:59:00;6/8/2026 9:32:00;EntradaCierre;SalidaApertura;$-5550,76;$239794,52;$5,76;$0,00;$0,00;$0,00;$0,00;$5645,00;$80,00;$5630,76;4;
2074;NQ 09-26;Backtest;PROD_Bot_NQ_OvernightDrift_1min_RTH;Long;1;29502,00;29729,75;6/8/2026 16:59:00;7/8/2026 9:32:00;EntradaCierre;SalidaApertura;$4549,24;$244343,76;$5,76;$0,00;$0,00;$0,00;$0,00;$65,00;$4730,00;$180,76;4;
2075;NQ 09-26;Backtest;PROD_Bot_NQ_OvernightDrift_1min_RTH;Long;1;29829,50;29823,75;7/8/2026 16:59:00;10/8/2026 9:32:00;EntradaCierre;SalidaApertura;$-120,76;$244223,00;$5,76;$0,00;$0,00;$0,00;$0,00;$830,00;$310,00;$430,76;4;
2076;NQ 09-26;Backtest;PROD_Bot_NQ_OvernightDrift_1min_RTH;Long;1;29764,75;29763,75;10/8/2026 16:59:00;10/8/2026 17:00:00;EntradaCierre;Exit on session close;$-25,76;$244197,24;$5,76;$0,00;$0,00;$0,00;$0,00;$55,00;$10,00;$35,76;2;
