Trade number;Instrument;Account;Strategy;Market pos.;Qty;Entry price;Exit price;Entry time;Exit time;Entry name;Exit name;Profit;Cum. net profit;Commission;Clearing Fee;Exchange Fee;IP Fee;NFA Fee;MAE;MFE;ETD;Bars;
1;NQ 09-26;Backtest;PROD_Bot_NQ_ZigZag_Breakout_5min_RTH;Long;7;7628,25;7606,00;14/1/2015 10:10:00;14/1/2015 11:10:00;L;SL;$-3155,32;$-3155,32;$40,32;$0,00;$0,00;$0,00;$0,00;$3115,00;$1575,00;$4730,32;13;
2;NQ 09-26;Backtest;PROD_Bot_NQ_ZigZag_Breakout_5min_RTH;Long;11;7689,00;7675,75;4/2/2015 10:00:00;4/2/2015 10:25:00;L;SL;$-2978,36;$-6133,68;$63,36;$0,00;$0,00;$0,00;$0,00;$2915,00;$1485,00;$4463,36;6;
3;NQ 09-26;Backtest;PROD_Bot_NQ_ZigZag_Breakout_5min_RTH;Long;8;7738,00;7719,50;6/2/2015 10:20:00;6/2/2015 13:25:00;L;SL;$-3006,08;$-9139,76;$46,08;$0,00;$0,00;$0,00;$0,00;$2960,00;$1720,00;$4726,08;38;
4;NQ 09-26;Backtest;PROD_Bot_NQ_ZigZag_Breakout_5min_RTH;Long;14;7774,75;7764,00;11/2/2015 10:05:00;11/2/2015 13:00:00;L;SL;$-3090,64;$-12230,40;$80,64;$0,00;$0,00;$0,00;$0,00;$3010,00;$1680,00;$4770,64;36;
5;NQ 09-26;Backtest;PROD_Bot_NQ_ZigZag_Breakout_5min_RTH;Long;13;7885,50;7889,50;19/2/2015 10:15:00;19/2/2015 16:00:00;L;CierreContado;$965,12;$-11265,28;$74,88;$0,00;$0,00;$0,00;$0,00;$910,00;$2795,00;$1829,88;70;
6;NQ 09-26;Backtest;PROD_Bot_NQ_ZigZag_Breakout_5min_RTH;Long;12;7888,25;7918,75;20/2/2015 10:20:00;20/2/2015 16:00:00;L;CierreContado;$7250,88;$-4014,40;$69,12;$0,00;$0,00;$0,00;$0,00;$720,00;$8940,00;$1689,12;69;
7;NQ 09-26;Backtest;PROD_Bot_NQ_ZigZag_Breakout_5min_RTH;Long;11;7923,75;7929,25;24/2/2015 10:30:00;24/2/2015 16:00:00;L;CierreContado;$1146,64;$-2867,76;$63,36;$0,00;$0,00;$0,00;$0,00;$1815,00;$2750,00;$1603,36;67;
8;NQ 09-26;Backtest;PROD_Bot_NQ_ZigZag_Breakout_5min_RTH;Long;16;7926,25;7916,50;25/2/2015 10:05:00;25/2/2015 14:45:00;L;SL;$-3212,16;$-6079,92;$92,16;$0,00;$0,00;$0,00;$0,00;$3120,00;$4880,00;$8092,16;57;
9;NQ 09-26;Backtest;PROD_Bot_NQ_ZigZag_Breakout_5min_RTH;Long;13;7955,50;7944,25;2/3/2015 10:20:00;2/3/2015 12:45:00;L;SL;$-2999,88;$-9079,80;$74,88;$0,00;$0,00;$0,00;$0,00;$2925,00;$910,00;$3909,88;30;
10;NQ 09-26;Backtest;PROD_Bot_NQ_ZigZag_Breakout_5min_RTH;Long;12;7940,00;7927,25;5/3/2015 9:55:00;5/3/2015 11:10:00;L;SL;$-3129,12;$-12208,92;$69,12;$0,00;$0,00;$0,00;$0,00;$3060,00;$1260,00;$4389,12;16;
11;NQ 09-26;Backtest;PROD_Bot_NQ_ZigZag_Breakout_5min_RTH;Long;13;7836,25;7838,75;16/3/2015 10:05:00;16/3/2015 16:00:00;L;CierreContado;$575,12;$-11633,80;$74,88;$0,00;$0,00;$0,00;$0,00;$2080,00;$4095,00;$3519,88;69;
12;NQ 09-26;Backtest;PROD_Bot_NQ_ZigZag_Breakout_5min_RTH;Long;11;7948,25;7933,75;20/3/2015 10:30:00;20/3/2015 15:10:00;L;SL;$-3253,36;$-14887,16;$63,36;$0,00;$0,00;$0,00;$0,00;$3190,00;$2255,00;$5508,36;57;
13;NQ 09-26;Backtest;PROD_Bot_NQ_ZigZag_Breakout_5min_RTH;Long;9;7792,25;7799,00;26/3/2015 10:10:00;26/3/2015 16:00:00;L;CierreContado;$1163,16;$-13724,00;$51,84;$0,00;$0,00;$0,00;$0,00;$2655,00;$4500,00;$3336,84;68;
14;NQ 09-26;Backtest;PROD_Bot_NQ_ZigZag_Breakout_5min_RTH;Long;13;7849,25;7857,00;30/3/2015 10:00:00;30/3/2015 16:00:00;L;CierreContado;$1940,12;$-11783,88;$74,88;$0,00;$0,00;$0,00;$0,00;$1820,00;$4875,00;$2934,88;70;
15;NQ 09-26;Backtest;PROD_Bot_NQ_ZigZag_Breakout_5min_RTH;Long;8;7792,75;7775,25;1/4/2015 10:20:00;1/4/2015 11:15:00;L;SL;$-2846,08;$-14629,96;$46,08;$0,00;$0,00;$0,00;$0,00;$2800,00;$0,00;$2846,08;12;
16;NQ 09-26;Backtest;PROD_Bot_NQ_ZigZag_Breakout_5min_RTH;Long;21;7894,75;7900,75;10/4/2015 10:35:00;10/4/2015 16:00:00;L;CierreContado;$2399,04;$-12230,92;$120,96;$0,00;$0,00;$0,00;$0,00;$1680,00;$3150,00;$750,96;63;
17;NQ 09-26;Backtest;PROD_Bot_NQ_ZigZag_Breakout_5min_RTH;Long;18;7897,50;7888,25;15/4/2015 10:05:00;15/4/2015 10:25:00;L;SL;$-3433,68;$-15664,60;$103,68;$0,00;$0,00;$0,00;$0,00;$3330,00;$180,00;$3613,68;5;
18;NQ 09-26;Backtest;PROD_Bot_NQ_ZigZag_Breakout_5min_RTH;Long;21;7882,00;7893,25;20/4/2015 10:00:00;20/4/2015 16:00:00;L;CierreContado;$4604,04;$-11060,56;$120,96;$0,00;$0,00;$0,00;$0,00;$420,00;$8925,00;$4320,96;70;
19;NQ 09-26;Backtest;PROD_Bot_NQ_ZigZag_Breakout_5min_RTH;Long;12;7920,00;7916,50;21/4/2015 10:10:00;21/4/2015 16:00:00;L;CierreContado;$-909,12;$-11969,68;$69,12;$0,00;$0,00;$0,00;$0,00;$2400,00;$1140,00;$2049,12;68;
20;NQ 09-26;Backtest;PROD_Bot_NQ_ZigZag_Breakout_5min_RTH;Long;15;7924,25;7923,75;22/4/2015 10:10:00;22/4/2015 16:00:00;L;CierreContado;$-236,40;$-12206,08;$86,40;$0,00;$0,00;$0,00;$0,00;$1800,00;$6450,00;$6686,40;68;
21;NQ 09-26;Backtest;PROD_Bot_NQ_ZigZag_Breakout_5min_RTH;Long;19;8009,25;8016,25;24/4/2015 10:05:00;24/4/2015 16:00:00;L;CierreContado;$2550,56;$-9655,52;$109,44;$0,00;$0,00;$0,00;$0,00;$1140,00;$5035,00;$2484,44;69;
22;NQ 09-26;Backtest;PROD_Bot_NQ_ZigZag_Breakout_5min_RTH;Long;11;7905,75;7907,75;12/5/2015 10:10:00;12/5/2015 16:00:00;L;CierreContado;$376,64;$-9278,88;$63,36;$0,00;$0,00;$0,00;$0,00;$2585,00;$4070,00;$3693,36;68;
23;NQ 09-26;Backtest;PROD_Bot_NQ_ZigZag_Breakout_5min_RTH;Long;23;8008,00;8015,25;21/5/2015 9:55:00;21/5/2015 16:00:00;L;CierreContado;$3202,52;$-6076,36;$132,48;$0,00;$0,00;$0,00;$0,00;$575,00;$6785,00;$3582,48;71;
24;NQ 09-26;Backtest;PROD_Bot_NQ_ZigZag_Breakout_5min_RTH;Long;26;8002,50;8026,25;27/5/2015 10:00:00;27/5/2015 16:00:00;L;CierreContado;$12200,24;$6123,88;$149,76;$0,00;$0,00;$0,00;$0,00;$650,00;$18070,00;$5869,76;70;
25;NQ 09-26;Backtest;PROD_Bot_NQ_ZigZag_Breakout_5min_RTH;Long;13;8023,50;8011,25;28/5/2015 10:20:00;28/5/2015 10:50:00;L;SL;$-3259,88;$2864,00;$74,88;$0,00;$0,00;$0,00;$0,00;$3185,00;$650,00;$3909,88;7;
26;NQ 09-26;Backtest;PROD_Bot_NQ_ZigZag_Breakout_5min_RTH;Long;5;8004,75;8010,75;1/6/2015 10:10:00;1/6/2015 16:00:00;L;CierreContado;$571,20;$3435,20;$28,80;$0,00;$0,00;$0,00;$0,00;$1225,00;$1725,00;$1153,80;68;
27;NQ 09-26;Backtest;PROD_Bot_NQ_ZigZag_Breakout_5min_RTH;Long;18;7962,00;7973,25;10/6/2015 10:05:00;10/6/2015 16:00:00;L;CierreContado;$3946,32;$7381,52;$103,68;$0,00;$0,00;$0,00;$0,00;$1530,00;$8100,00;$4153,68;69;
28;NQ 09-26;Backtest;PROD_Bot_NQ_ZigZag_Breakout_5min_RTH;Long;20;7958,75;7951,00;17/6/2015 10:05:00;17/6/2015 10:20:00;L;SL;$-3215,20;$4166,32;$115,20;$0,00;$0,00;$0,00;$0,00;$3100,00;$100,00;$3315,20;4;
29;NQ 09-26;Backtest;PROD_Bot_NQ_ZigZag_Breakout_5min_RTH;Long;3;7881,00;7837,25;9/7/2015 9:50:00;9/7/2015 13:35:00;L;SL;$-2642,28;$1524,04;$17,28;$0,00;$0,00;$0,00;$0,00;$2625,00;$615,00;$3257,28;46;
30;NQ 09-26;Backtest;PROD_Bot_NQ_ZigZag_Breakout_5min_RTH;Long;6;7900,00;7903,00;10/7/2015 10:10:00;10/7/2015 16:00:00;L;CierreContado;$325,44;$1849,48;$34,56;$0,00;$0,00;$0,00;$0,00;$390,00;$2400,00;$2074,56;68;
31;NQ 09-26;Backtest;PROD_Bot_NQ_ZigZag_Breakout_5min_RTH;Long;16;7969,25;7980,25;13/7/2015 10:10:00;13/7/2015 16:00:00;L;CierreContado;$3427,84;$5277,32;$92,16;$0,00;$0,00;$0,00;$0,00;$2720,00;$5120,00;$1692,16;69;
32;NQ 09-26;Backtest;PROD_Bot_NQ_ZigZag_Breakout_5min_RTH;Long;14;8007,50;8012,50;14/7/2015 10:10:00;14/7/2015 16:00:00;L;CierreContado;$1319,36;$6596,68;$80,64;$0,00;$0,00;$0,00;$0,00;$490,00;$4410,00;$3090,64;68;
33;NQ 09-26;Backtest;PROD_Bot_NQ_ZigZag_Breakout_5min_RTH;Long;22;8063,75;8099,00;16/7/2015 10:35:00;16/7/2015 16:00:00;L;CierreContado;$15383,28;$21979,96;$126,72;$0,00;$0,00;$0,00;$0,00;$770,00;$15840,00;$456,72;63;
34;NQ 09-26;Backtest;PROD_Bot_NQ_ZigZag_Breakout_5min_RTH;Long;14;8018,75;8052,25;28/7/2015 10:35:00;28/7/2015 16:00:00;L;CierreContado;$9299,36;$31279,32;$80,64;$0,00;$0,00;$0,00;$0,00;$700,00;$10080,00;$780,64;63;
35;NQ 09-26;Backtest;PROD_Bot_NQ_ZigZag_Breakout_5min_RTH;Long;14;8098,00;8086,50;31/7/2015 9:55:00;31/7/2015 10:15:00;L;SL;$-3300,64;$27978,68;$80,64;$0,00;$0,00;$0,00;$0,00;$3220,00;$630,00;$3930,64;5;
36;NQ 09-26;Backtest;PROD_Bot_NQ_ZigZag_Breakout_5min_RTH;Long;15;8121,50;8110,75;5/8/2015 10:25:00;5/8/2015 11:00:00;L;SL;$-3311,40;$24667,28;$86,40;$0,00;$0,00;$0,00;$0,00;$3225,00;$300,00;$3611,40;8;
37;NQ 09-26;Backtest;PROD_Bot_NQ_ZigZag_Breakout_5min_RTH;Long;7;7787,50;7767,50;3/9/2015 10:00:00;3/9/2015 10:40:00;L;SL;$-2840,32;$21826,96;$40,32;$0,00;$0,00;$0,00;$0,00;$2800,00;$735,00;$3575,32;9;
38;NQ 09-26;Backtest;PROD_Bot_NQ_ZigZag_Breakout_5min_RTH;Long;13;7792,75;7780,50;25/9/2015 10:20:00;25/9/2015 10:35:00;L;SL;$-3259,88;$18567,08;$74,88;$0,00;$0,00;$0,00;$0,00;$3185,00;$65,00;$3324,88;4;
39;NQ 09-26;Backtest;PROD_Bot_NQ_ZigZag_Breakout_5min_RTH;Long;8;7661,50;7643,25;28/9/2015 10:05:00;28/9/2015 10:30:00;L;SL;$-2966,08;$15601,00;$46,08;$0,00;$0,00;$0,00;$0,00;$2920,00;$1160,00;$4126,08;6;
40;NQ 09-26;Backtest;PROD_Bot_NQ_ZigZag_Breakout_5min_RTH;Long;9;7871,75;7855,25;9/10/2015 10:05:00;9/10/2015 10:45:00;L;SL;$-3021,84;$12579,16;$51,84;$0,00;$0,00;$0,00;$0,00;$2970,00;$180,00;$3201,84;9;
41;NQ 09-26;Backtest;PROD_Bot_NQ_ZigZag_Breakout_5min_RTH;Long;9;8141,75;8124,50;28/10/2015 10:00:00;28/10/2015 13:05:00;L;SL;$-3156,84;$9422,32;$51,84;$0,00;$0,00;$0,00;$0,00;$3105,00;$3015,00;$6171,84;38;
42;NQ 09-26;Backtest;PROD_Bot_NQ_ZigZag_Breakout_5min_RTH;Long;8;8198,00;8211,75;3/11/2015 10:25:00;3/11/2015 16:00:00;L;CierreContado;$2153,92;$11576,24;$46,08;$0,00;$0,00;$0,00;$0,00;$920,00;$5280,00;$3126,08;68;
43;NQ 09-26;Backtest;PROD_Bot_NQ_ZigZag_Breakout_5min_RTH;Long;10;8194,75;8179,75;20/11/2015 10:20:00;20/11/2015 12:05:00;L;SL;$-3057,60;$8518,64;$57,60;$0,00;$0,00;$0,00;$0,00;$3000,00;$50,00;$3107,60;22;
44;NQ 09-26;Backtest;PROD_Bot_NQ_ZigZag_Breakout_5min_RTH;Long;10;8198,00;8183,25;23/11/2015 9:50:00;23/11/2015 14:00:00;L;SL;$-3007,60;$5511,04;$57,60;$0,00;$0,00;$0,00;$0,00;$2950,00;$2450,00;$5457,60;51;
45;NQ 09-26;Backtest;PROD_Bot_NQ_ZigZag_Breakout_5min_RTH;Long;5;8192,75;8216,50;1/12/2015 9:40:00;1/12/2015 16:00:00;L;CierreContado;$2346,20;$7857,24;$28,80;$0,00;$0,00;$0,00;$0,00;$775,00;$2400,00;$53,80;77;
46;NQ 09-26;Backtest;PROD_Bot_NQ_ZigZag_Breakout_5min_RTH;Long;7;7952,25;7930,75;6/1/2016 10:25:00;6/1/2016 14:45:00;L;SL;$-3050,32;$4806,92;$40,32;$0,00;$0,00;$0,00;$0,00;$3010,00;$3185,00;$6235,32;53;
47;NQ 09-26;Backtest;PROD_Bot_NQ_ZigZag_Breakout_5min_RTH;Long;7;7863,75;7842,25;8/1/2016 10:00:00;8/1/2016 10:10:00;L;SL;$-3050,32;$1756,60;$40,32;$0,00;$0,00;$0,00;$0,00;$3010,00;$770,00;$3820,32;3;
48;NQ 09-26;Backtest;PROD_Bot_NQ_ZigZag_Breakout_5min_RTH;Long;7;7734,25;7764,50;22/1/2016 9:55:00;22/1/2016 16:00:00;L;CierreContado;$4194,68;$5951,28;$40,32;$0,00;$0,00;$0,00;$0,00;$1435,00;$4690,00;$495,32;74;
49;NQ 09-26;Backtest;PROD_Bot_NQ_ZigZag_Breakout_5min_RTH;Long;9;7739,25;7722,75;29/1/2016 10:15:00;29/1/2016 10:40:00;L;SL;$-3021,84;$2929,44;$51,84;$0,00;$0,00;$0,00;$0,00;$2970,00;$900,00;$3921,84;6;
50;NQ 09-26;Backtest;PROD_Bot_NQ_ZigZag_Breakout_5min_RTH;Long;4;7661,50;7677,25;4/2/2016 10:15:00;4/2/2016 16:00:00;L;CierreContado;$1236,96;$4166,40;$23,04;$0,00;$0,00;$0,00;$0,00;$1760,00;$3960,00;$2723,04;70;
51;NQ 09-26;Backtest;PROD_Bot_NQ_ZigZag_Breakout_5min_RTH;Long;3;7523,25;7484,50;10/2/2016 10:00:00;10/2/2016 15:30:00;L;SL;$-2342,28;$1824,12;$17,28;$0,00;$0,00;$0,00;$0,00;$2325,00;$1950,00;$4292,28;67;
52;NQ 09-26;Backtest;PROD_Bot_NQ_ZigZag_Breakout_5min_RTH;Long;5;7666,25;7711,25;17/2/2016 10:15:00;17/2/2016 16:00:00;L;CierreContado;$4471,20;$6295,32;$28,80;$0,00;$0,00;$0,00;$0,00;$450,00;$5250,00;$778,80;70;
53;NQ 09-26;Backtest;PROD_Bot_NQ_ZigZag_Breakout_5min_RTH;Long;7;7842,25;7820,75;10/3/2016 10:00:00;10/3/2016 10:35:00;L;SL;$-3050,32;$3245,00;$40,32;$0,00;$0,00;$0,00;$0,00;$3010,00;$910,00;$3960,32;8;
54;NQ 09-26;Backtest;PROD_Bot_NQ_ZigZag_Breakout_5min_RTH;Long;23;7892,50;7885,00;16/3/2016 10:35:00;16/3/2016 11:50:00;L;SL;$-3582,48;$-337,48;$132,48;$0,00;$0,00;$0,00;$0,00;$3450,00;$2645,00;$6227,48;16;
55;NQ 09-26;Backtest;PROD_Bot_NQ_ZigZag_Breakout_5min_RTH;Long;16;7931,50;7984,25;29/3/2016 10:30:00;29/3/2016 16:00:00;L;CierreContado;$16787,84;$16450,36;$92,16;$0,00;$0,00;$0,00;$0,00;$1920,00;$17440,00;$652,16;64;
56;NQ 09-26;Backtest;PROD_Bot_NQ_ZigZag_Breakout_5min_RTH;Long;5;8020,50;8050,25;1/4/2016 10:05:00;1/4/2016 16:00:00;L;CierreContado;$2946,20;$19396,56;$28,80;$0,00;$0,00;$0,00;$0,00;$900,00;$3150,00;$203,80;69;
57;NQ 09-26;Backtest;PROD_Bot_NQ_ZigZag_Breakout_5min_RTH;Long;9;8005,50;8056,00;6/4/2016 9:45:00;6/4/2016 16:00:00;L;CierreContado;$9038,16;$28434,72;$51,84;$0,00;$0,00;$0,00;$0,00;$675,00;$9855,00;$816,84;73;
58;NQ 09-26;Backtest;PROD_Bot_NQ_ZigZag_Breakout_5min_RTH;Long;3;8028,75;7986,25;11/4/2016 9:40:00;11/4/2016 14:30:00;L;SL;$-2567,28;$25867,44;$17,28;$0,00;$0,00;$0,00;$0,00;$2550,00;$45,00;$2612,28;59;
59;NQ 09-26;Backtest;PROD_Bot_NQ_ZigZag_Breakout_5min_RTH;Long;18;7895,75;7886,50;20/5/2016 10:35:00;20/5/2016 12:35:00;L;SL;$-3433,68;$22433,76;$103,68;$0,00;$0,00;$0,00;$0,00;$3330,00;$2070,00;$5503,68;25;
60;NQ 09-26;Backtest;PROD_Bot_NQ_ZigZag_Breakout_5min_RTH;Long;18;7953,50;7967,75;24/5/2016 10:30:00;24/5/2016 16:00:00;L;CierreContado;$5026,32;$27460,08;$103,68;$0,00;$0,00;$0,00;$0,00;$1260,00;$6390,00;$1363,68;64;
61;NQ 09-26;Backtest;PROD_Bot_NQ_ZigZag_Breakout_5min_RTH;Long;15;8000,50;7990,00;25/5/2016 10:05:00;25/5/2016 10:15:00;L;SL;$-3236,40;$24223,68;$86,40;$0,00;$0,00;$0,00;$0,00;$3150,00;$300,00;$3536,40;3;
62;NQ 09-26;Backtest;PROD_Bot_NQ_ZigZag_Breakout_5min_RTH;Long;16;8031,00;8020,75;27/5/2016 10:35:00;27/5/2016 13:05:00;L;SL;$-3372,16;$20851,52;$92,16;$0,00;$0,00;$0,00;$0,00;$3280,00;$1440,00;$4812,16;31;
63;NQ 09-26;Backtest;PROD_Bot_NQ_ZigZag_Breakout_5min_RTH;Long;35;8044,50;8044,25;30/5/2016 10:25:00;30/5/2016 12:00:00;L;Exit on session close;$-376,60;$20474,92;$201,60;$0,00;$0,00;$0,00;$0,00;$700,00;$1400,00;$1776,60;20;
64;NQ 09-26;Backtest;PROD_Bot_NQ_ZigZag_Breakout_5min_RTH;Long;10;8052,75;8038,25;1/6/2016 10:10:00;1/6/2016 10:35:00;L;SL;$-2957,60;$17517,32;$57,60;$0,00;$0,00;$0,00;$0,00;$2900,00;$100,00;$3057,60;6;
65;NQ 09-26;Backtest;PROD_Bot_NQ_ZigZag_Breakout_5min_RTH;Long;10;7966,25;8003,25;23/6/2016 10:00:00;23/6/2016 16:00:00;L;CierreContado;$7342,40;$24859,72;$57,60;$0,00;$0,00;$0,00;$0,00;$550,00;$7550,00;$207,60;70;
66;NQ 09-26;Backtest;PROD_Bot_NQ_ZigZag_Breakout_5min_RTH;Long;13;7870,50;7907,00;29/6/2016 10:30:00;29/6/2016 16:00:00;L;CierreContado;$9415,12;$34274,84;$74,88;$0,00;$0,00;$0,00;$0,00;$325,00;$9880,00;$464,88;64;
67;NQ 09-26;Backtest;PROD_Bot_NQ_ZigZag_Breakout_5min_RTH;Long;5;7939,75;7966,50;6/7/2016 10:05:00;6/7/2016 16:00:00;L;CierreContado;$2646,20;$36921,04;$28,80;$0,00;$0,00;$0,00;$0,00;$150,00;$3150,00;$503,80;69;
68;NQ 09-26;Backtest;PROD_Bot_NQ_ZigZag_Breakout_5min_RTH;Long;21;8183,75;8176,00;21/7/2016 9:50:00;21/7/2016 10:45:00;L;SL;$-3375,96;$33545,08;$120,96;$0,00;$0,00;$0,00;$0,00;$3255,00;$1680,00;$5055,96;12;
69;NQ 09-26;Backtest;PROD_Bot_NQ_ZigZag_Breakout_5min_RTH;Long;13;8283,25;8271,00;1/8/2016 9:50:00;1/8/2016 11:15:00;L;SL;$-3259,88;$30285,20;$74,88;$0,00;$0,00;$0,00;$0,00;$3185,00;$2015,00;$5274,88;18;
70;NQ 09-26;Backtest;PROD_Bot_NQ_ZigZag_Breakout_5min_RTH;Long;26;8335,75;8329,00;9/8/2016 10:10:00;9/8/2016 11:25:00;L;SL;$-3659,76;$26625,44;$149,76;$0,00;$0,00;$0,00;$0,00;$3510,00;$1430,00;$5089,76;16;
71;NQ 09-26;Backtest;PROD_Bot_NQ_ZigZag_Breakout_5min_RTH;Long;25;8332,00;8325,00;12/8/2016 10:35:00;12/8/2016 10:45:00;L;SL;$-3644,00;$22981,44;$144,00;$0,00;$0,00;$0,00;$0,00;$3500,00;$250,00;$3894,00;3;
72;NQ 09-26;Backtest;PROD_Bot_NQ_ZigZag_Breakout_5min_RTH;Long;15;8302,00;8291,50;31/8/2016 10:35:00;31/8/2016 11:05:00;L;SL;$-3236,40;$19745,04;$86,40;$0,00;$0,00;$0,00;$0,00;$3150,00;$225,00;$3461,40;7;
73;NQ 09-26;Backtest;PROD_Bot_NQ_ZigZag_Breakout_5min_RTH;Long;30;8317,50;8322,75;5/9/2016 10:10:00;5/9/2016 12:00:00;L;Exit on session close;$2977,20;$22722,24;$172,80;$0,00;$0,00;$0,00;$0,00;$600,00;$3750,00;$772,80;23;
74;NQ 09-26;Backtest;PROD_Bot_NQ_ZigZag_Breakout_5min_RTH;Long;14;8369,50;8358,00;7/9/2016 10:30:00;7/9/2016 10:50:00;L;SL;$-3300,64;$19421,60;$80,64;$0,00;$0,00;$0,00;$0,00;$3220,00;$210,00;$3510,64;5;
75;NQ 09-26;Backtest;PROD_Bot_NQ_ZigZag_Breakout_5min_RTH;Long;14;8335,25;8346,25;15/9/2016 10:35:00;15/9/2016 16:00:00;L;CierreContado;$2999,36;$22420,96;$80,64;$0,00;$0,00;$0,00;$0,00;$2100,00;$6440,00;$3440,64;63;
76;NQ 09-26;Backtest;PROD_Bot_NQ_ZigZag_Breakout_5min_RTH;Long;8;8392,25;8401,75;30/9/2016 9:50:00;30/9/2016 16:00:00;L;CierreContado;$1473,92;$23894,88;$46,08;$0,00;$0,00;$0,00;$0,00;$680,00;$4480,00;$3006,08;72;
77;NQ 09-26;Backtest;PROD_Bot_NQ_ZigZag_Breakout_5min_RTH;Long;15;8350,25;8344,75;12/10/2016 10:35:00;12/10/2016 16:00:00;L;CierreContado;$-1736,40;$22158,48;$86,40;$0,00;$0,00;$0,00;$0,00;$2325,00;$4875,00;$6611,40;64;
78;NQ 09-26;Backtest;PROD_Bot_NQ_ZigZag_Breakout_5min_RTH;Long;11;8348,50;8335,00;31/10/2016 10:35:00;31/10/2016 13:00:00;L;SL;$-3033,36;$19125,12;$63,36;$0,00;$0,00;$0,00;$0,00;$2970,00;$770,00;$3803,36;30;
79;NQ 09-26;Backtest;PROD_Bot_NQ_ZigZag_Breakout_5min_RTH;Long;12;8226,00;8212,75;4/11/2016 10:20:00;4/11/2016 10:55:00;L;SL;$-3249,12;$15876,00;$69,12;$0,00;$0,00;$0,00;$0,00;$3180,00;$0,00;$3249,12;8;
80;NQ 09-26;Backtest;PROD_Bot_NQ_ZigZag_Breakout_5min_RTH;Long;7;8385,00;8363,00;10/11/2016 9:50:00;10/11/2016 10:00:00;L;SL;$-3120,32;$12755,68;$40,32;$0,00;$0,00;$0,00;$0,00;$3080,00;$175,00;$3295,32;3;
81;NQ 09-26;Backtest;PROD_Bot_NQ_ZigZag_Breakout_5min_RTH;Long;5;8316,00;8323,25;16/11/2016 10:30:00;16/11/2016 16:00:00;L;CierreContado;$696,20;$13451,88;$28,80;$0,00;$0,00;$0,00;$0,00;$850,00;$1350,00;$653,80;67;
82;NQ 09-26;Backtest;PROD_Bot_NQ_ZigZag_Breakout_5min_RTH;Long;10;8419,50;8404,00;22/11/2016 9:55:00;22/11/2016 10:50:00;L;SL;$-3157,60;$10294,28;$57,60;$0,00;$0,00;$0,00;$0,00;$3100,00;$0,00;$3157,60;12;
83;NQ 09-26;Backtest;PROD_Bot_NQ_ZigZag_Breakout_5min_RTH;Long;4;8307,00;8312,25;5/12/2016 10:00:00;5/12/2016 16:00:00;L;CierreContado;$396,96;$10691,24;$23,04;$0,00;$0,00;$0,00;$0,00;$480,00;$1880,00;$1483,04;73;
84;NQ 09-26;Backtest;PROD_Bot_NQ_ZigZag_Breakout_5min_RTH;Long;12;8476,75;8474,25;13/12/2016 10:30:00;13/12/2016 16:00:00;L;CierreContado;$-669,12;$10022,12;$69,12;$0,00;$0,00;$0,00;$0,00;$780,00;$5100,00;$5769,12;67;
85;NQ 09-26;Backtest;PROD_Bot_NQ_ZigZag_Breakout_5min_RTH;Long;7;8446,50;8425,00;3/1/2017 10:10:00;3/1/2017 11:40:00;L;SL;$-3050,32;$6971,80;$40,32;$0,00;$0,00;$0,00;$0,00;$3010,00;$2450,00;$5500,32;19;
86;NQ 09-26;Backtest;PROD_Bot_NQ_ZigZag_Breakout_5min_RTH;Long;14;8584,50;8573,00;18/1/2017 9:45:00;18/1/2017 12:00:00;L;SL;$-3300,64;$3671,16;$80,64;$0,00;$0,00;$0,00;$0,00;$3220,00;$1820,00;$5120,64;28;
87;NQ 09-26;Backtest;PROD_Bot_NQ_ZigZag_Breakout_5min_RTH;Long;19;8785,50;8790,50;13/2/2017 10:10:00;13/2/2017 16:00:00;L;CierreContado;$1790,56;$5461,72;$109,44;$0,00;$0,00;$0,00;$0,00;$2090,00;$4750,00;$2959,44;71;
88;NQ 09-26;Backtest;PROD_Bot_NQ_ZigZag_Breakout_5min_RTH;Long;14;8846,50;8835,75;17/2/2017 10:25:00;17/2/2017 11:25:00;L;SL;$-3090,64;$2371,08;$80,64;$0,00;$0,00;$0,00;$0,00;$3010,00;$280,00;$3370,64;13;
89;NQ 09-26;Backtest;PROD_Bot_NQ_ZigZag_Breakout_5min_RTH;Long;28;8873,00;8888,25;21/2/2017 9:40:00;21/2/2017 16:00:00;L;CierreContado;$8378,72;$10749,80;$161,28;$0,00;$0,00;$0,00;$0,00;$1260,00;$9660,00;$1281,28;77;
90;NQ 09-26;Backtest;PROD_Bot_NQ_ZigZag_Breakout_5min_RTH;Long;11;8886,50;8889,75;22/2/2017 10:25:00;22/2/2017 16:00:00;L;CierreContado;$651,64;$11401,44;$63,36;$0,00;$0,00;$0,00;$0,00;$1980,00;$1210,00;$558,36;68;
91;NQ 09-26;Backtest;PROD_Bot_NQ_ZigZag_Breakout_5min_RTH;Long;12;8858,75;8846,00;24/2/2017 10:05:00;24/2/2017 10:20:00;L;SL;$-3129,12;$8272,32;$69,12;$0,00;$0,00;$0,00;$0,00;$3060,00;$540,00;$3669,12;4;
92;NQ 09-26;Backtest;PROD_Bot_NQ_ZigZag_Breakout_5min_RTH;Long;10;8893,25;8878,50;7/3/2017 9:40:00;7/3/2017 15:45:00;L;SL;$-3007,60;$5264,72;$57,60;$0,00;$0,00;$0,00;$0,00;$2950,00;$3500,00;$6507,60;74;
93;NQ 09-26;Backtest;PROD_Bot_NQ_ZigZag_Breakout_5min_RTH;Long;10;8896,75;8893,75;8/3/2017 9:45:00;8/3/2017 16:00:00;L;CierreContado;$-657,60;$4607,12;$57,60;$0,00;$0,00;$0,00;$0,00;$1550,00;$3400,00;$4057,60;76;
94;NQ 09-26;Backtest;PROD_Bot_NQ_ZigZag_Breakout_5min_RTH;Long;12;8908,00;8895,00;9/3/2017 10:10:00;9/3/2017 10:45:00;L;SL;$-3189,12;$1418,00;$69,12;$0,00;$0,00;$0,00;$0,00;$3120,00;$300,00;$3489,12;8;
95;NQ 09-26;Backtest;PROD_Bot_NQ_ZigZag_Breakout_5min_RTH;Long;8;8931,75;8912,50;10/3/2017 10:05:00;10/3/2017 12:40:00;L;SL;$-3126,08;$-1708,08;$46,08;$0,00;$0,00;$0,00;$0,00;$3080,00;$0,00;$3126,08;32;
96;NQ 09-26;Backtest;PROD_Bot_NQ_ZigZag_Breakout_5min_RTH;Long;30;8920,75;8949,50;15/3/2017 10:30:00;15/3/2017 16:00:00;L;CierreContado;$17077,20;$15369,12;$172,80;$0,00;$0,00;$0,00;$0,00;$750,00;$26100,00;$9022,80;64;
97;NQ 09-26;Backtest;PROD_Bot_NQ_ZigZag_Breakout_5min_RTH;Long;12;8886,50;8897,00;22/3/2017 10:00:00;22/3/2017 16:00:00;L;CierreContado;$2450,88;$17820,00;$69,12;$0,00;$0,00;$0,00;$0,00;$1560,00;$5400,00;$2949,12;71;
98;NQ 09-26;Backtest;PROD_Bot_NQ_ZigZag_Breakout_5min_RTH;Long;13;8909,00;8896,75;23/3/2017 10:20:00;23/3/2017 12:10:00;L;SL;$-3259,88;$14560,12;$74,88;$0,00;$0,00;$0,00;$0,00;$3185,00;$325,00;$3584,88;23;
99;NQ 09-26;Backtest;PROD_Bot_NQ_ZigZag_Breakout_5min_RTH;Long;15;8925,00;8914,50;24/3/2017 10:00:00;24/3/2017 11:15:00;L;SL;$-3236,40;$11323,72;$86,40;$0,00;$0,00;$0,00;$0,00;$3150,00;$825,00;$4061,40;16;
100;NQ 09-26;Backtest;PROD_Bot_NQ_ZigZag_Breakout_5min_RTH;Long;14;8913,50;8939,50;28/3/2017 10:10:00;28/3/2017 16:00:00;L;CierreContado;$7199,36;$18523,08;$80,64;$0,00;$0,00;$0,00;$0,00;$490,00;$12320,00;$5120,64;68;
101;NQ 09-26;Backtest;PROD_Bot_NQ_ZigZag_Breakout_5min_RTH;Long;19;8980,50;8972,00;30/3/2017 10:05:00;30/3/2017 10:45:00;L;SL;$-3339,44;$15183,64;$109,44;$0,00;$0,00;$0,00;$0,00;$3230,00;$0,00;$3339,44;9;
102;NQ 09-26;Backtest;PROD_Bot_NQ_ZigZag_Breakout_5min_RTH;Long;18;8928,50;8919,50;13/4/2017 10:00:00;13/4/2017 11:10:00;L;SL;$-3343,68;$11839,96;$103,68;$0,00;$0,00;$0,00;$0,00;$3240,00;$1350,00;$4693,68;15;
103;NQ 09-26;Backtest;PROD_Bot_NQ_ZigZag_Breakout_5min_RTH;Long;18;9071,50;9079,50;25/4/2017 10:20:00;25/4/2017 16:00:00;L;CierreContado;$2776,32;$14616,28;$103,68;$0,00;$0,00;$0,00;$0,00;$540,00;$6660,00;$3883,68;66;
104;NQ 09-26;Backtest;PROD_Bot_NQ_ZigZag_Breakout_5min_RTH;Long;20;9083,50;9075,25;26/4/2017 10:10:00;26/4/2017 10:50:00;L;SL;$-3415,20;$11201,08;$115,20;$0,00;$0,00;$0,00;$0,00;$3300,00;$2100,00;$5515,20;9;
105;NQ 09-26;Backtest;PROD_Bot_NQ_ZigZag_Breakout_5min_RTH;Long;19;9213,50;9220,50;12/5/2017 10:35:00;12/5/2017 16:00:00;L;CierreContado;$2550,56;$13751,64;$109,44;$0,00;$0,00;$0,00;$0,00;$1615,00;$3420,00;$869,44;64;
106;NQ 09-26;Backtest;PROD_Bot_NQ_ZigZag_Breakout_5min_RTH;Long;14;9240,25;9258,75;16/5/2017 9:40:00;16/5/2017 16:00:00;L;CierreContado;$5099,36;$18851,00;$80,64;$0,00;$0,00;$0,00;$0,00;$1890,00;$5530,00;$430,64;74;
107;NQ 09-26;Backtest;PROD_Bot_NQ_ZigZag_Breakout_5min_RTH;Long;13;9204,25;9193,00;19/5/2017 10:10:00;19/5/2017 10:35:00;L;SL;$-2999,88;$15851,12;$74,88;$0,00;$0,00;$0,00;$0,00;$2925,00;$455,00;$3454,88;6;
108;NQ 09-26;Backtest;PROD_Bot_NQ_ZigZag_Breakout_5min_RTH;Long;22;9240,25;9232,50;23/5/2017 10:20:00;23/5/2017 11:30:00;L;SL;$-3536,72;$12314,40;$126,72;$0,00;$0,00;$0,00;$0,00;$3410,00;$1210,00;$4746,72;15;
109;NQ 09-26;Backtest;PROD_Bot_NQ_ZigZag_Breakout_5min_RTH;Long;13;9327,50;9355,50;1/6/2017 10:15:00;1/6/2017 16:00:00;L;CierreContado;$7205,12;$19519,52;$74,88;$0,00;$0,00;$0,00;$0,00;$715,00;$7605,00;$399,88;68;
110;NQ 09-26;Backtest;PROD_Bot_NQ_ZigZag_Breakout_5min_RTH;Long;10;9411,25;9396,25;8/6/2017 10:15:00;8/6/2017 13:30:00;L;SL;$-3057,60;$16461,92;$57,60;$0,00;$0,00;$0,00;$0,00;$3000,00;$900,00;$3957,60;40;
111;NQ 09-26;Backtest;PROD_Bot_NQ_ZigZag_Breakout_5min_RTH;Long;7;9229,75;9208,50;12/6/2017 10:15:00;12/6/2017 11:30:00;L;SL;$-3015,32;$13446,60;$40,32;$0,00;$0,00;$0,00;$0,00;$2975,00;$2660,00;$5675,32;16;
112;NQ 09-26;Backtest;PROD_Bot_NQ_ZigZag_Breakout_5min_RTH;Long;8;9152,25;9133,75;3/7/2017 10:35:00;3/7/2017 11:15:00;L;SL;$-3006,08;$10440,52;$46,08;$0,00;$0,00;$0,00;$0,00;$2960,00;$200,00;$3206,08;9;
113;NQ 09-26;Backtest;PROD_Bot_NQ_ZigZag_Breakout_5min_RTH;Long;12;9164,25;9177,75;5/7/2017 10:20:00;5/7/2017 16:00:00;L;CierreContado;$3170,88;$13611,40;$69,12;$0,00;$0,00;$0,00;$0,00;$1740,00;$6600,00;$3429,12;66;
114;NQ 09-26;Backtest;PROD_Bot_NQ_ZigZag_Breakout_5min_RTH;Long;10;9202,00;9218,25;10/7/2017 9:50:00;10/7/2017 16:00:00;L;CierreContado;$3192,40;$16803,80;$57,60;$0,00;$0,00;$0,00;$0,00;$1050,00;$6700,00;$3507,60;73;
115;NQ 09-26;Backtest;PROD_Bot_NQ_ZigZag_Breakout_5min_RTH;Long;10;9294,00;9312,75;12/7/2017 10:25:00;12/7/2017 16:00:00;L;CierreContado;$3692,40;$20496,20;$57,60;$0,00;$0,00;$0,00;$0,00;$1650,00;$4000,00;$307,60;65;
116;NQ 09-26;Backtest;PROD_Bot_NQ_ZigZag_Breakout_5min_RTH;Long;12;9417,75;9451,25;1/8/2017 9:50:00;1/8/2017 16:00:00;L;CierreContado;$7970,88;$28467,08;$69,12;$0,00;$0,00;$0,00;$0,00;$2760,00;$8280,00;$309,12;72;
117;NQ 09-26;Backtest;PROD_Bot_NQ_ZigZag_Breakout_5min_RTH;Long;13;9445,25;9460,50;7/8/2017 10:00:00;7/8/2017 16:00:00;L;CierreContado;$3890,12;$32357,20;$74,88;$0,00;$0,00;$0,00;$0,00;$1365,00;$4095,00;$204,88;70;
118;NQ 09-26;Backtest;PROD_Bot_NQ_ZigZag_Breakout_5min_RTH;Long;7;9400,00;9378,50;17/8/2017 10:15:00;17/8/2017 11:15:00;L;SL;$-3050,32;$29306,88;$40,32;$0,00;$0,00;$0,00;$0,00;$3010,00;$0,00;$3050,32;13;
119;NQ 09-26;Backtest;PROD_Bot_NQ_ZigZag_Breakout_5min_RTH;Long;10;9778,50;9763,50;1/11/2017 10:20:00;1/11/2017 11:00:00;L;SL;$-3057,60;$26249,28;$57,60;$0,00;$0,00;$0,00;$0,00;$3000,00;$100,00;$3157,60;9;
120;NQ 09-26;Backtest;PROD_Bot_NQ_ZigZag_Breakout_5min_RTH;Long;11;9832,25;9864,25;16/11/2017 10:10:00;16/11/2017 16:00:00;L;CierreContado;$6976,64;$33225,92;$63,36;$0,00;$0,00;$0,00;$0,00;$165,00;$9460,00;$2483,36;71;
121;NQ 09-26;Backtest;PROD_Bot_NQ_ZigZag_Breakout_5min_RTH;Long;17;9937,50;9927,75;27/11/2017 10:15:00;27/11/2017 11:15:00;L;SL;$-3412,92;$29813,00;$97,92;$0,00;$0,00;$0,00;$0,00;$3315,00;$1275,00;$4687,92;13;
122;NQ 09-26;Backtest;PROD_Bot_NQ_ZigZag_Breakout_5min_RTH;Long;9;9908,50;9892,25;12/12/2017 10:05:00;12/12/2017 13:55:00;L;SL;$-2976,84;$26836,16;$51,84;$0,00;$0,00;$0,00;$0,00;$2925,00;$2250,00;$5226,84;47;
123;NQ 09-26;Backtest;PROD_Bot_NQ_ZigZag_Breakout_5min_RTH;Long;9;9935,25;9917,75;14/12/2017 10:30:00;14/12/2017 13:15:00;L;SL;$-3201,84;$23634,32;$51,84;$0,00;$0,00;$0,00;$0,00;$3150,00;$1125,00;$4326,84;34;
124;NQ 09-26;Backtest;PROD_Bot_NQ_ZigZag_Breakout_5min_RTH;Long;8;10028,00;10029,75;18/12/2017 9:50:00;18/12/2017 16:00:00;L;CierreContado;$233,92;$23868,24;$46,08;$0,00;$0,00;$0,00;$0,00;$1760,00;$1880,00;$1646,08;75;
125;NQ 09-26;Backtest;PROD_Bot_NQ_ZigZag_Breakout_5min_RTH;Long;1;9961,25;10017,50;2/1/2018 9:50:00;2/1/2018 16:00:00;L;CierreContado;$1119,24;$24987,48;$5,76;$0,00;$0,00;$0,00;$0,00;$75,00;$1195,00;$75,76;75;
126;NQ 09-26;Backtest;PROD_Bot_NQ_ZigZag_Breakout_5min_RTH;Long;10;10186,75;10172,00;11/1/2018 10:05:00;11/1/2018 10:35:00;L;SL;$-3007,60;$21979,88;$57,60;$0,00;$0,00;$0,00;$0,00;$2950,00;$1250,00;$4257,60;7;
127;NQ 09-26;Backtest;PROD_Bot_NQ_ZigZag_Breakout_5min_RTH;Long;9;10230,00;10267,75;12/1/2018 10:10:00;12/1/2018 16:00:00;L;CierreContado;$6743,16;$28723,04;$51,84;$0,00;$0,00;$0,00;$0,00;$1350,00;$7515,00;$771,84;71;
128;NQ 09-26;Backtest;PROD_Bot_NQ_ZigZag_Breakout_5min_RTH;Long;15;10281,00;10271,00;15/1/2018 10:20:00;15/1/2018 12:35:00;L;SL;$-3086,40;$25636,64;$86,40;$0,00;$0,00;$0,00;$0,00;$3000,00;$225,00;$3311,40;28;
129;NQ 09-26;Backtest;PROD_Bot_NQ_ZigZag_Breakout_5min_RTH;Long;8;10466,25;10471,25;23/1/2018 10:35:00;23/1/2018 16:00:00;L;CierreContado;$753,92;$26390,56;$46,08;$0,00;$0,00;$0,00;$0,00;$2720,00;$2040,00;$1286,08;66;
130;NQ 09-26;Backtest;PROD_Bot_NQ_ZigZag_Breakout_5min_RTH;Long;4;10453,50;10417,75;1/2/2018 10:05:00;1/2/2018 14:25:00;L;SL;$-2883,04;$23507,52;$23,04;$0,00;$0,00;$0,00;$0,00;$2860,00;$1900,00;$4783,04;53;
131;NQ 09-26;Backtest;PROD_Bot_NQ_ZigZag_Breakout_5min_RTH;Long;4;10231,50;10200,00;5/2/2018 10:00:00;5/2/2018 13:20:00;L;SL;$-2543,04;$20964,48;$23,04;$0,00;$0,00;$0,00;$0,00;$2520,00;$6380,00;$8923,04;41;
132;NQ 09-26;Backtest;PROD_Bot_NQ_ZigZag_Breakout_5min_RTH;Long;3;10046,50;10180,75;14/2/2018 9:40:00;14/2/2018 16:00:00;L;CierreContado;$8037,72;$29002,20;$17,28;$0,00;$0,00;$0,00;$0,00;$1035,00;$8475,00;$437,28;77;
133;NQ 09-26;Backtest;PROD_Bot_NQ_ZigZag_Breakout_5min_RTH;Long;2;10250,50;10198,00;15/2/2018 10:00:00;15/2/2018 10:45:00;L;SL;$-2111,52;$26890,68;$11,52;$0,00;$0,00;$0,00;$0,00;$2100,00;$70,00;$2181,52;10;
134;NQ 09-26;Backtest;PROD_Bot_NQ_ZigZag_Breakout_5min_RTH;Long;3;10432,25;10393,25;6/3/2018 10:05:00;6/3/2018 11:00:00;L;SL;$-2357,28;$24533,40;$17,28;$0,00;$0,00;$0,00;$0,00;$2340,00;$285,00;$2642,28;12;
135;NQ 09-26;Backtest;PROD_Bot_NQ_ZigZag_Breakout_5min_RTH;Long;7;10527,00;10595,50;9/3/2018 10:05:00;9/3/2018 16:00:00;L;CierreContado;$9549,68;$34083,08;$40,32;$0,00;$0,00;$0,00;$0,00;$735,00;$9905,00;$355,32;72;
136;NQ 09-26;Backtest;PROD_Bot_NQ_ZigZag_Breakout_5min_RTH;Long;3;9982,50;10044,00;29/3/2018 9:40:00;29/3/2018 16:00:00;L;CierreContado;$3672,72;$37755,80;$17,28;$0,00;$0,00;$0,00;$0,00;$240,00;$8790,00;$5117,28;74;
137;NQ 09-26;Backtest;PROD_Bot_NQ_ZigZag_Breakout_5min_RTH;Long;4;10098,00;10062,50;5/4/2018 10:10:00;5/4/2018 12:25:00;L;SL;$-2863,04;$34892,76;$23,04;$0,00;$0,00;$0,00;$0,00;$2840,00;$1640,00;$4503,04;28;
138;NQ 09-26;Backtest;PROD_Bot_NQ_ZigZag_Breakout_5min_RTH;Long;1;10072,75;10099,50;10/4/2018 9:40:00;10/4/2018 16:00:00;L;CierreContado;$529,24;$35422,00;$5,76;$0,00;$0,00;$0,00;$0,00;$1110,00;$1085,00;$555,76;75;
139;NQ 09-26;Backtest;PROD_Bot_NQ_ZigZag_Breakout_5min_RTH;Long;6;10160,75;10135,50;12/4/2018 10:30:00;12/4/2018 10:55:00;L;SL;$-3064,56;$32357,44;$34,56;$0,00;$0,00;$0,00;$0,00;$3030,00;$0,00;$3064,56;6;
140;NQ 09-26;Backtest;PROD_Bot_NQ_ZigZag_Breakout_5min_RTH;Long;11;10315,00;10320,25;18/4/2018 10:05:00;18/4/2018 16:00:00;L;CierreContado;$1091,64;$33449,08;$63,36;$0,00;$0,00;$0,00;$0,00;$935,00;$5995,00;$4903,36;69;
141;NQ 09-26;Backtest;PROD_Bot_NQ_ZigZag_Breakout_5min_RTH;Long;5;10122,75;10095,25;26/4/2018 10:10:00;26/4/2018 10:50:00;L;SL;$-2778,80;$30670,28;$28,80;$0,00;$0,00;$0,00;$0,00;$2750,00;$50,00;$2828,80;9;
142;NQ 09-26;Backtest;PROD_Bot_NQ_ZigZag_Breakout_5min_RTH;Long;8;10223,00;10253,75;4/5/2018 10:35:00;4/5/2018 16:00:00;L;CierreContado;$4873,92;$35544,20;$46,08;$0,00;$0,00;$0,00;$0,00;$1600,00;$6520,00;$1646,08;63;
143;NQ 09-26;Backtest;PROD_Bot_NQ_ZigZag_Breakout_5min_RTH;Long;7;10321,50;10299,75;7/5/2018 10:25:00;7/5/2018 11:50:00;L;SL;$-3085,32;$32458,88;$40,32;$0,00;$0,00;$0,00;$0,00;$3045,00;$350,00;$3435,32;18;
144;NQ 09-26;Backtest;PROD_Bot_NQ_ZigZag_Breakout_5min_RTH;Long;13;10434,50;10423,00;17/5/2018 10:00:00;17/5/2018 10:20:00;L;SL;$-3064,88;$29394,00;$74,88;$0,00;$0,00;$0,00;$0,00;$2990,00;$715,00;$3779,88;5;
145;NQ 09-26;Backtest;PROD_Bot_NQ_ZigZag_Breakout_5min_RTH;Long;9;10365,00;10347,75;18/5/2018 10:10:00;18/5/2018 15:00:00;L;SL;$-3156,84;$26237,16;$51,84;$0,00;$0,00;$0,00;$0,00;$3105,00;$2880,00;$6036,84;59;
146;NQ 09-26;Backtest;PROD_Bot_NQ_ZigZag_Breakout_5min_RTH;Long;4;10466,00;10467,25;28/5/2018 9:40:00;28/5/2018 12:00:00;L;Exit on session close;$76,96;$26314,12;$23,04;$0,00;$0,00;$0,00;$0,00;$580,00;$600,00;$523,04;29;
147;NQ 09-26;Backtest;PROD_Bot_NQ_ZigZag_Breakout_5min_RTH;Long;4;10453,50;10461,75;30/5/2018 9:50:00;30/5/2018 16:00:00;L;CierreContado;$636,96;$26951,08;$23,04;$0,00;$0,00;$0,00;$0,00;$780,00;$1320,00;$683,04;72;
148;NQ 09-26;Backtest;PROD_Bot_NQ_ZigZag_Breakout_5min_RTH;Long;10;10536,00;10559,75;1/6/2018 9:55:00;1/6/2018 16:00:00;L;CierreContado;$4692,40;$31643,48;$57,60;$0,00;$0,00;$0,00;$0,00;$300,00;$5950,00;$1257,60;71;
149;NQ 09-26;Backtest;PROD_Bot_NQ_ZigZag_Breakout_5min_RTH;Long;11;10601,75;10624,50;4/6/2018 10:05:00;4/6/2018 16:00:00;L;CierreContado;$4941,64;$36585,12;$63,36;$0,00;$0,00;$0,00;$0,00;$2530,00;$5500,00;$558,36;69;
150;NQ 09-26;Backtest;PROD_Bot_NQ_ZigZag_Breakout_5min_RTH;Long;15;10670,75;10660,25;12/6/2018 10:10:00;12/6/2018 10:15:00;L;SL;$-3236,40;$33348,72;$86,40;$0,00;$0,00;$0,00;$0,00;$3150,00;$600,00;$3836,40;2;
151;NQ 09-26;Backtest;PROD_Bot_NQ_ZigZag_Breakout_5min_RTH;Long;8;10727,25;10709,00;13/6/2018 10:10:00;13/6/2018 13:05:00;L;SL;$-2966,08;$30382,64;$46,08;$0,00;$0,00;$0,00;$0,00;$2920,00;$2280,00;$5246,08;36;
152;NQ 09-26;Backtest;PROD_Bot_NQ_ZigZag_Breakout_5min_RTH;Long;10;10731,25;10716,50;18/6/2018 10:20:00;18/6/2018 10:40:00;L;SL;$-3007,60;$27375,04;$57,60;$0,00;$0,00;$0,00;$0,00;$2950,00;$200,00;$3207,60;5;
153;NQ 09-26;Backtest;PROD_Bot_NQ_ZigZag_Breakout_5min_RTH;Long;9;10754,75;10763,50;20/6/2018 10:00:00;20/6/2018 16:00:00;L;CierreContado;$1523,16;$28898,20;$51,84;$0,00;$0,00;$0,00;$0,00;$1440,00;$5985,00;$4461,84;70;
154;NQ 09-26;Backtest;PROD_Bot_NQ_ZigZag_Breakout_5min_RTH;Long;8;10680,25;10670,00;22/6/2018 10:35:00;22/6/2018 16:00:00;L;CierreContado;$-1686,08;$27212,12;$46,08;$0,00;$0,00;$0,00;$0,00;$2640,00;$3360,00;$5046,08;63;
155;NQ 09-26;Backtest;PROD_Bot_NQ_ZigZag_Breakout_5min_RTH;Long;6;10562,75;10538,00;25/6/2018 9:55:00;25/6/2018 10:00:00;L;SL;$-3004,56;$24207,56;$34,56;$0,00;$0,00;$0,00;$0,00;$2970,00;$150,00;$3154,56;2;
156;NQ 09-26;Backtest;PROD_Bot_NQ_ZigZag_Breakout_5min_RTH;Long;4;10488,00;10454,50;28/6/2018 10:35:00;28/6/2018 11:25:00;L;SL;$-2703,04;$21504,52;$23,04;$0,00;$0,00;$0,00;$0,00;$2680,00;$420,00;$3123,04;11;
157;NQ 09-26;Backtest;PROD_Bot_NQ_ZigZag_Breakout_5min_RTH;Long;9;10769,00;10752,50;10/7/2018 10:10:00;10/7/2018 10:25:00;L;SL;$-3021,84;$18482,68;$51,84;$0,00;$0,00;$0,00;$0,00;$2970,00;$0,00;$3021,84;4;
158;NQ 09-26;Backtest;PROD_Bot_NQ_ZigZag_Breakout_5min_RTH;Long;9;10856,25;10839,75;13/7/2018 10:35:00;13/7/2018 12:15:00;L;SL;$-3021,84;$15460,84;$51,84;$0,00;$0,00;$0,00;$0,00;$2970,00;$45,00;$3066,84;21;
159;NQ 09-26;Backtest;PROD_Bot_NQ_ZigZag_Breakout_5min_RTH;Long;11;10852,25;10850,75;18/7/2018 10:10:00;18/7/2018 16:00:00;L;CierreContado;$-393,36;$15067,48;$63,36;$0,00;$0,00;$0,00;$0,00;$935,00;$3685,00;$4078,36;68;
160;NQ 09-26;Backtest;PROD_Bot_NQ_ZigZag_Breakout_5min_RTH;Long;4;10853,50;10815,25;20/7/2018 9:40:00;20/7/2018 13:35:00;L;SL;$-3083,04;$11984,44;$23,04;$0,00;$0,00;$0,00;$0,00;$3060,00;$940,00;$4023,04;48;
161;NQ 09-26;Backtest;PROD_Bot_NQ_ZigZag_Breakout_5min_RTH;Long;4;10696,00;10744,00;31/7/2018 10:20:00;31/7/2018 16:00:00;L;CierreContado;$3816,96;$15801,40;$23,04;$0,00;$0,00;$0,00;$0,00;$900,00;$4280,00;$463,04;66;
162;NQ 09-26;Backtest;PROD_Bot_NQ_ZigZag_Breakout_5min_RTH;Long;4;10769,75;10840,50;2/8/2018 10:35:00;2/8/2018 16:00:00;L;CierreContado;$5636,96;$21438,36;$23,04;$0,00;$0,00;$0,00;$0,00;$320,00;$6020,00;$383,04;63;
163;NQ 09-26;Backtest;PROD_Bot_NQ_ZigZag_Breakout_5min_RTH;Long;9;11018,25;11019,50;27/8/2018 10:05:00;27/8/2018 16:00:00;L;CierreContado;$173,16;$21611,52;$51,84;$0,00;$0,00;$0,00;$0,00;$2880,00;$405,00;$231,84;70;
164;NQ 09-26;Backtest;PROD_Bot_NQ_ZigZag_Breakout_5min_RTH;Long;13;11096,00;11124,00;29/8/2018 10:20:00;29/8/2018 16:00:00;L;CierreContado;$7205,12;$28816,64;$74,88;$0,00;$0,00;$0,00;$0,00;$1625,00;$7540,00;$334,88;67;
165;NQ 09-26;Backtest;PROD_Bot_NQ_ZigZag_Breakout_5min_RTH;Long;9;10933,00;10965,00;11/9/2018 10:35:00;11/9/2018 16:00:00;L;CierreContado;$5708,16;$34524,80;$51,84;$0,00;$0,00;$0,00;$0,00;$810,00;$7785,00;$2076,84;64;
166;NQ 09-26;Backtest;PROD_Bot_NQ_ZigZag_Breakout_5min_RTH;Long;2;10940,25;10933,25;12/9/2018 10:25:00;12/9/2018 16:00:00;L;CierreContado;$-291,52;$34233,28;$11,52;$0,00;$0,00;$0,00;$0,00;$1700,00;$350,00;$641,52;66;
167;NQ 09-26;Backtest;PROD_Bot_NQ_ZigZag_Breakout_5min_RTH;Long;6;11014,75;11015,25;13/9/2018 10:15:00;13/9/2018 16:00:00;L;CierreContado;$25,44;$34258,72;$34,56;$0,00;$0,00;$0,00;$0,00;$1920,00;$2370,00;$2344,56;67;
168;NQ 09-26;Backtest;PROD_Bot_NQ_ZigZag_Breakout_5min_RTH;Long;8;10970,75;10953,00;18/9/2018 10:05:00;18/9/2018 12:35:00;L;SL;$-2886,08;$31372,64;$46,08;$0,00;$0,00;$0,00;$0,00;$2840,00;$2680,00;$5566,08;31;
169;NQ 09-26;Backtest;PROD_Bot_NQ_ZigZag_Breakout_5min_RTH;Long;8;11024,75;11038,75;20/9/2018 9:50:00;20/9/2018 16:00:00;L;CierreContado;$2193,92;$33566,56;$46,08;$0,00;$0,00;$0,00;$0,00;$2680,00;$2440,00;$246,08;72;
170;NQ 09-26;Backtest;PROD_Bot_NQ_ZigZag_Breakout_5min_RTH;Long;9;11054,75;11037,75;26/9/2018 10:10:00;26/9/2018 14:45:00;L;SL;$-3111,84;$30454,72;$51,84;$0,00;$0,00;$0,00;$0,00;$3060,00;$6570,00;$9681,84;56;
171;NQ 09-26;Backtest;PROD_Bot_NQ_ZigZag_Breakout_5min_RTH;Long;5;10591,25;10561,75;12/10/2018 10:00:00;12/10/2018 10:05:00;L;SL;$-2978,80;$27475,92;$28,80;$0,00;$0,00;$0,00;$0,00;$2950,00;$150,00;$3128,80;2;
172;NQ 09-26;Backtest;PROD_Bot_NQ_ZigZag_Breakout_5min_RTH;Long;3;10435,75;10556,75;23/10/2018 10:20:00;23/10/2018 16:00:00;L;CierreContado;$7242,72;$34718,64;$17,28;$0,00;$0,00;$0,00;$0,00;$1305,00;$9090,00;$1847,28;66;
173;NQ 09-26;Backtest;PROD_Bot_NQ_ZigZag_Breakout_5min_RTH;Long;5;10554,50;10622,00;7/11/2018 10:35:00;7/11/2018 16:00:00;L;CierreContado;$6721,20;$41439,84;$28,80;$0,00;$0,00;$0,00;$0,00;$600,00;$6800,00;$78,80;66;
174;NQ 09-26;Backtest;PROD_Bot_NQ_ZigZag_Breakout_5min_RTH;Long;6;10307,50;10282,25;16/11/2018 10:35:00;16/11/2018 11:15:00;L;SL;$-3064,56;$38375,28;$34,56;$0,00;$0,00;$0,00;$0,00;$3030,00;$2190,00;$5254,56;9;
175;NQ 09-26;Backtest;PROD_Bot_NQ_ZigZag_Breakout_5min_RTH;Long;2;9992,50;9953,25;23/11/2018 9:40:00;23/11/2018 13:15:00;L;Exit on session close;$-1581,52;$36793,76;$11,52;$0,00;$0,00;$0,00;$0,00;$1890,00;$1290,00;$2871,52;44;
176;NQ 09-26;Backtest;PROD_Bot_NQ_ZigZag_Breakout_5min_RTH;Long;4;10057,00;10019,50;26/11/2018 9:50:00;26/11/2018 12:40:00;L;SL;$-3023,04;$33770,72;$23,04;$0,00;$0,00;$0,00;$0,00;$3000,00;$2580,00;$5603,04;35;
177;NQ 09-26;Backtest;PROD_Bot_NQ_ZigZag_Breakout_5min_RTH;Long;5;10329,75;10353,75;30/11/2018 10:20:00;30/11/2018 16:00:00;L;CierreContado;$2371,20;$36141,92;$28,80;$0,00;$0,00;$0,00;$0,00;$2250,00;$4300,00;$1928,80;69;
178;NQ 09-26;Backtest;PROD_Bot_NQ_ZigZag_Breakout_5min_RTH;Long;4;10235,75;10214,00;12/12/2018 10:05:00;12/12/2018 16:00:00;L;CierreContado;$-1763,04;$34378,88;$23,04;$0,00;$0,00;$0,00;$0,00;$2680,00;$4760,00;$6523,04;72;
179;NQ 09-26;Backtest;PROD_Bot_NQ_ZigZag_Breakout_5min_RTH;Long;4;10121,25;10087,75;14/12/2018 10:05:00;14/12/2018 11:50:00;L;SL;$-2703,04;$31675,84;$23,04;$0,00;$0,00;$0,00;$0,00;$2680,00;$1160,00;$3863,04;22;
180;NQ 09-26;Backtest;PROD_Bot_NQ_ZigZag_Breakout_5min_RTH;Long;1;9770,75;9688,00;31/12/2018 9:40:00;31/12/2018 11:25:00;L;SL;$-1660,76;$30015,08;$5,76;$0,00;$0,00;$0,00;$0,00;$1655,00;$70,00;$1730,76;22;
181;NQ 09-26;Backtest;PROD_Bot_NQ_ZigZag_Breakout_5min_RTH;Long;6;9947,75;9943,00;14/1/2019 10:20:00;14/1/2019 16:00:00;L;CierreContado;$-604,56;$29410,52;$34,56;$0,00;$0,00;$0,00;$0,00;$1200,00;$3480,00;$4084,56;69;
182;NQ 09-26;Backtest;PROD_Bot_NQ_ZigZag_Breakout_5min_RTH;Long;5;10265,75;10308,00;31/1/2019 9:55:00;31/1/2019 16:00:00;L;CierreContado;$4196,20;$33606,72;$28,80;$0,00;$0,00;$0,00;$0,00;$850,00;$7475,00;$3278,80;74;
183;NQ 09-26;Backtest;PROD_Bot_NQ_ZigZag_Breakout_5min_RTH;Long;3;10315,50;10271,00;1/2/2019 10:15:00;1/2/2019 13:50:00;L;SL;$-2687,28;$30919,44;$17,28;$0,00;$0,00;$0,00;$0,00;$2670,00;$570,00;$3257,28;44;
184;NQ 09-26;Backtest;PROD_Bot_NQ_ZigZag_Breakout_5min_RTH;Long;6;10413,00;10390,25;5/2/2019 10:35:00;5/2/2019 12:55:00;L;SL;$-2764,56;$28154,88;$34,56;$0,00;$0,00;$0,00;$0,00;$2730,00;$1590,00;$4354,56;29;
185;NQ 09-26;Backtest;PROD_Bot_NQ_ZigZag_Breakout_5min_RTH;Long;4;10409,25;10434,50;14/2/2019 10:05:00;14/2/2019 16:00:00;L;CierreContado;$1996,96;$30151,84;$23,04;$0,00;$0,00;$0,00;$0,00;$1780,00;$3460,00;$1463,04;72;
186;NQ 09-26;Backtest;PROD_Bot_NQ_ZigZag_Breakout_5min_RTH;Long;9;10468,25;10473,00;19/2/2019 10:00:00;19/2/2019 16:00:00;L;CierreContado;$803,16;$30955,00;$51,84;$0,00;$0,00;$0,00;$0,00;$1485,00;$4320,00;$3516,84;73;
187;NQ 09-26;Backtest;PROD_Bot_NQ_ZigZag_Breakout_5min_RTH;Long;8;10492,50;10474,00;20/2/2019 10:00:00;20/2/2019 12:10:00;L;SL;$-3006,08;$27948,92;$46,08;$0,00;$0,00;$0,00;$0,00;$2960,00;$1600,00;$4606,08;27;
188;NQ 09-26;Backtest;PROD_Bot_NQ_ZigZag_Breakout_5min_RTH;Long;5;10475,50;10480,25;22/2/2019 10:05:00;22/2/2019 16:00:00;L;CierreContado;$446,20;$28395,12;$28,80;$0,00;$0,00;$0,00;$0,00;$2000,00;$2325,00;$1878,80;72;
189;NQ 09-26;Backtest;PROD_Bot_NQ_ZigZag_Breakout_5min_RTH;Long;10;10509,25;10570,25;11/3/2019 9:50:00;11/3/2019 16:00:00;L;CierreContado;$12142,40;$40537,52;$57,60;$0,00;$0,00;$0,00;$0,00;$850,00;$12600,00;$457,60;72;
190;NQ 09-26;Backtest;PROD_Bot_NQ_ZigZag_Breakout_5min_RTH;Long;10;10740,00;10724,00;18/3/2019 9:55:00;18/3/2019 10:20:00;L;SL;$-3257,60;$37279,92;$57,60;$0,00;$0,00;$0,00;$0,00;$3200,00;$1600,00;$4857,60;6;
191;NQ 09-26;Backtest;PROD_Bot_NQ_ZigZag_Breakout_5min_RTH;Long;4;10755,25;10723,75;19/3/2019 9:40:00;19/3/2019 14:45:00;L;SL;$-2543,04;$34736,88;$23,04;$0,00;$0,00;$0,00;$0,00;$2520,00;$2760,00;$5303,04;62;
192;NQ 09-26;Backtest;PROD_Bot_NQ_ZigZag_Breakout_5min_RTH;Long;7;10722,50;10701,00;25/3/2019 10:25:00;25/3/2019 11:05:00;L;SL;$-3050,32;$31686,56;$40,32;$0,00;$0,00;$0,00;$0,00;$3010,00;$1960,00;$5010,32;9;
193;NQ 09-26;Backtest;PROD_Bot_NQ_ZigZag_Breakout_5min_RTH;Long;5;10794,75;10767,75;26/3/2019 9:55:00;26/3/2019 10:50:00;L;SL;$-2728,80;$28957,76;$28,80;$0,00;$0,00;$0,00;$0,00;$2700,00;$725,00;$3453,80;12;
194;NQ 09-26;Backtest;PROD_Bot_NQ_ZigZag_Breakout_5min_RTH;Long;8;10972,25;10977,75;5/4/2019 10:00:00;5/4/2019 16:00:00;L;CierreContado;$833,92;$29791,68;$46,08;$0,00;$0,00;$0,00;$0,00;$1960,00;$1320,00;$486,08;70;
195;NQ 09-26;Backtest;PROD_Bot_NQ_ZigZag_Breakout_5min_RTH;Long;3;10995,75;11012,50;10/4/2019 9:55:00;10/4/2019 16:00:00;L;CierreContado;$987,72;$30779,40;$17,28;$0,00;$0,00;$0,00;$0,00;$1455,00;$1125,00;$137,28;71;
196;NQ 09-26;Backtest;PROD_Bot_NQ_ZigZag_Breakout_5min_RTH;Long;8;11089,25;11110,50;22/4/2019 10:30:00;22/4/2019 16:00:00;L;CierreContado;$3353,92;$34133,32;$46,08;$0,00;$0,00;$0,00;$0,00;$1200,00;$4160,00;$806,08;64;
197;NQ 09-26;Backtest;PROD_Bot_NQ_ZigZag_Breakout_5min_RTH;Long;8;11162,75;11206,50;23/4/2019 10:25:00;23/4/2019 16:00:00;L;CierreContado;$6953,92;$41087,24;$46,08;$0,00;$0,00;$0,00;$0,00;$280,00;$7920,00;$966,08;65;
198;NQ 09-26;Backtest;PROD_Bot_NQ_ZigZag_Breakout_5min_RTH;Long;9;11174,75;11211,00;26/4/2019 10:15:00;26/4/2019 16:00:00;L;CierreContado;$6473,16;$47560,40;$51,84;$0,00;$0,00;$0,00;$0,00;$1755,00;$7065,00;$591,84;67;
199;NQ 09-26;Backtest;PROD_Bot_NQ_ZigZag_Breakout_5min_RTH;Long;12;11215,75;11203,00;1/5/2019 9:55:00;1/5/2019 11:45:00;L;SL;$-3129,12;$44431,28;$69,12;$0,00;$0,00;$0,00;$0,00;$3060,00;$4560,00;$7689,12;23;
200;NQ 09-26;Backtest;PROD_Bot_NQ_ZigZag_Breakout_5min_RTH;Long;1;11191,25;11238,75;3/5/2019 9:40:00;3/5/2019 16:00:00;L;CierreContado;$944,24;$45375,52;$5,76;$0,00;$0,00;$0,00;$0,00;$100,00;$985,00;$40,76;74;
201;NQ 09-26;Backtest;PROD_Bot_NQ_ZigZag_Breakout_5min_RTH;Long;9;10553,25;10536,25;31/5/2019 10:25:00;31/5/2019 11:00:00;L;SL;$-3111,84;$42263,68;$51,84;$0,00;$0,00;$0,00;$0,00;$3060,00;$810,00;$3921,84;8;
202;NQ 09-26;Backtest;PROD_Bot_NQ_ZigZag_Breakout_5min_RTH;Long;3;10476,75;10553,75;4/6/2019 10:10:00;4/6/2019 16:00:00;L;CierreContado;$4602,72;$46866,40;$17,28;$0,00;$0,00;$0,00;$0,00;$405,00;$4665,00;$62,28;68;
203;NQ 09-26;Backtest;PROD_Bot_NQ_ZigZag_Breakout_5min_RTH;Long;6;10927,00;10904,75;10/6/2019 10:20:00;10/6/2019 11:55:00;L;SL;$-2704,56;$44161,84;$34,56;$0,00;$0,00;$0,00;$0,00;$2670,00;$2400,00;$5104,56;20;
204;NQ 09-26;Backtest;PROD_Bot_NQ_ZigZag_Breakout_5min_RTH;Long;12;11034,75;11021,75;25/6/2019 10:20:00;25/6/2019 11:40:00;L;SL;$-3189,12;$40972,72;$69,12;$0,00;$0,00;$0,00;$0,00;$3120,00;$1680,00;$4869,12;17;
205;NQ 09-26;Backtest;PROD_Bot_NQ_ZigZag_Breakout_5min_RTH;Long;2;11042,50;10985,25;26/6/2019 9:40:00;26/6/2019 16:00:00;L;CierreContado;$-2301,52;$38671,20;$11,52;$0,00;$0,00;$0,00;$0,00;$2290,00;$0,00;$2301,52;74;
206;NQ 09-26;Backtest;PROD_Bot_NQ_ZigZag_Breakout_5min_RTH;Long;6;11160,50;11197,75;5/7/2019 10:15:00;5/7/2019 16:00:00;L;CierreContado;$4435,44;$43106,64;$34,56;$0,00;$0,00;$0,00;$0,00;$570,00;$7530,00;$3094,56;67;
207;NQ 09-26;Backtest;PROD_Bot_NQ_ZigZag_Breakout_5min_RTH;Long;11;11323,25;11309,25;15/7/2019 10:25:00;15/7/2019 10:35:00;L;SL;$-3143,36;$39963,28;$63,36;$0,00;$0,00;$0,00;$0,00;$3080,00;$0,00;$3143,36;3;
208;NQ 09-26;Backtest;PROD_Bot_NQ_ZigZag_Breakout_5min_RTH;Long;10;11324,50;11348,00;29/7/2019 10:25:00;29/7/2019 16:00:00;L;CierreContado;$4642,40;$44605,68;$57,60;$0,00;$0,00;$0,00;$0,00;$1450,00;$5450,00;$807,60;65;
209;NQ 09-26;Backtest;PROD_Bot_NQ_ZigZag_Breakout_5min_RTH;Long;10;11321,25;11306,50;31/7/2019 10:00:00;31/7/2019 13:00:00;L;SL;$-3007,60;$41598,08;$57,60;$0,00;$0,00;$0,00;$0,00;$2950,00;$2500,00;$5507,60;37;
210;NQ 09-26;Backtest;PROD_Bot_NQ_ZigZag_Breakout_5min_RTH;Long;4;11340,00;11303,00;1/8/2019 10:00:00;1/8/2019 12:30:00;L;SL;$-2983,04;$38615,04;$23,04;$0,00;$0,00;$0,00;$0,00;$2960,00;$1380,00;$4363,04;31;
211;NQ 09-26;Backtest;PROD_Bot_NQ_ZigZag_Breakout_5min_RTH;Long;4;11031,50;10995,25;2/8/2019 10:20:00;2/8/2019 12:40:00;L;SL;$-2923,04;$35692,00;$23,04;$0,00;$0,00;$0,00;$0,00;$2900,00;$1620,00;$4543,04;29;
212;NQ 09-26;Backtest;PROD_Bot_NQ_ZigZag_Breakout_5min_RTH;Long;7;11098,75;11078,50;21/8/2019 10:15:00;21/8/2019 12:55:00;L;SL;$-2875,32;$32816,68;$40,32;$0,00;$0,00;$0,00;$0,00;$2835,00;$665,00;$3540,32;33;
213;NQ 09-26;Backtest;PROD_Bot_NQ_ZigZag_Breakout_5min_RTH;Long;2;11056,25;11049,75;29/8/2019 10:30:00;29/8/2019 16:00:00;L;CierreContado;$-271,52;$32545,16;$11,52;$0,00;$0,00;$0,00;$0,00;$620,00;$670,00;$941,52;64;
214;NQ 09-26;Backtest;PROD_Bot_NQ_ZigZag_Breakout_5min_RTH;Long;8;11048,25;11091,50;4/10/2019 10:35:00;4/10/2019 16:00:00;L;CierreContado;$6873,92;$39419,08;$46,08;$0,00;$0,00;$0,00;$0,00;$920,00;$7560,00;$686,08;63;
215;NQ 09-26;Backtest;PROD_Bot_NQ_ZigZag_Breakout_5min_RTH;Long;4;10990,00;10958,25;8/10/2019 10:05:00;8/10/2019 10:35:00;L;SL;$-2563,04;$36856,04;$23,04;$0,00;$0,00;$0,00;$0,00;$2540,00;$520,00;$3083,04;7;
216;NQ 09-26;Backtest;PROD_Bot_NQ_ZigZag_Breakout_5min_RTH;Long;11;11222,25;11207,75;11/10/2019 10:25:00;11/10/2019 10:50:00;L;SL;$-3253,36;$33602,68;$63,36;$0,00;$0,00;$0,00;$0,00;$3190,00;$2475,00;$5728,36;6;
217;NQ 09-26;Backtest;PROD_Bot_NQ_ZigZag_Breakout_5min_RTH;Long;7;11259,50;11269,75;21/10/2019 10:20:00;21/10/2019 16:00:00;L;CierreContado;$1394,68;$34997,36;$40,32;$0,00;$0,00;$0,00;$0,00;$1925,00;$1960,00;$565,32;66;
218;NQ 09-26;Backtest;PROD_Bot_NQ_ZigZag_Breakout_5min_RTH;Long;15;11280,25;11269,50;24/10/2019 10:30:00;24/10/2019 11:20:00;L;SL;$-3311,40;$31685,96;$86,40;$0,00;$0,00;$0,00;$0,00;$3225,00;$5850,00;$9161,40;11;
219;NQ 09-26;Backtest;PROD_Bot_NQ_ZigZag_Breakout_5min_RTH;Long;10;11556,25;11564,25;11/11/2019 10:30:00;11/11/2019 16:00:00;L;CierreContado;$1542,40;$33228,36;$57,60;$0,00;$0,00;$0,00;$0,00;$800,00;$3500,00;$1957,60;67;
220;NQ 09-26;Backtest;PROD_Bot_NQ_ZigZag_Breakout_5min_RTH;Long;13;11596,25;11583,75;12/11/2019 10:05:00;12/11/2019 14:20:00;L;SL;$-3324,88;$29903,48;$74,88;$0,00;$0,00;$0,00;$0,00;$3250,00;$6695,00;$10019,88;52;
221;NQ 09-26;Backtest;PROD_Bot_NQ_ZigZag_Breakout_5min_RTH;Long;7;11606,50;11584,75;21/11/2019 10:15:00;21/11/2019 10:20:00;L;SL;$-3085,32;$26818,16;$40,32;$0,00;$0,00;$0,00;$0,00;$3045,00;$385,00;$3470,32;2;
222;NQ 09-26;Backtest;PROD_Bot_NQ_ZigZag_Breakout_5min_RTH;Long;11;11743,50;11768,25;27/11/2019 10:20:00;27/11/2019 16:00:00;L;CierreContado;$5381,64;$32199,80;$63,36;$0,00;$0,00;$0,00;$0,00;$660,00;$5995,00;$613,36;69;
223;NQ 09-26;Backtest;PROD_Bot_NQ_ZigZag_Breakout_5min_RTH;Long;10;11903,25;11900,25;16/12/2019 10:20:00;16/12/2019 16:00:00;L;CierreContado;$-657,60;$31542,20;$57,60;$0,00;$0,00;$0,00;$0,00;$1000,00;$2250,00;$2907,60;69;
224;NQ 09-26;Backtest;PROD_Bot_NQ_ZigZag_Breakout_5min_RTH;Long;15;12059,75;12088,50;26/12/2019 10:10:00;26/12/2019 16:00:00;L;CierreContado;$8538,60;$40080,80;$86,40;$0,00;$0,00;$0,00;$0,00;$1050,00;$9150,00;$611,40;71;
225;NQ 09-26;Backtest;PROD_Bot_NQ_ZigZag_Breakout_5min_RTH;Long;8;12189,00;12170,00;8/1/2020 10:00:00;8/1/2020 10:45:00;L;SL;$-3086,08;$36994,72;$46,08;$0,00;$0,00;$0,00;$0,00;$3040,00;$880,00;$3966,08;10;
226;NQ 09-26;Backtest;PROD_Bot_NQ_ZigZag_Breakout_5min_RTH;Long;6;12381,25;12356,50;15/1/2020 10:00:00;15/1/2020 13:05:00;L;SL;$-3004,56;$33990,16;$34,56;$0,00;$0,00;$0,00;$0,00;$2970,00;$1410,00;$4414,56;38;
227;NQ 09-26;Backtest;PROD_Bot_NQ_ZigZag_Breakout_5min_RTH;Long;7;12416,50;12395,50;16/1/2020 10:15:00;16/1/2020 10:40:00;L;SL;$-2980,32;$31009,84;$40,32;$0,00;$0,00;$0,00;$0,00;$2940,00;$0,00;$2980,32;6;
228;NQ 09-26;Backtest;PROD_Bot_NQ_ZigZag_Breakout_5min_RTH;Long;3;12347,25;12397,25;28/1/2020 10:30:00;28/1/2020 16:00:00;L;CierreContado;$2982,72;$33992,56;$17,28;$0,00;$0,00;$0,00;$0,00;$225,00;$4155,00;$1172,28;67;
229;NQ 09-26;Backtest;PROD_Bot_NQ_ZigZag_Breakout_5min_RTH;Long;3;12452,00;12413,25;3/2/2020 10:35:00;3/2/2020 11:45:00;L;SL;$-2342,28;$31650,28;$17,28;$0,00;$0,00;$0,00;$0,00;$2325,00;$45,00;$2387,28;15;
230;NQ 09-26;Backtest;PROD_Bot_NQ_ZigZag_Breakout_5min_RTH;Long;3;12570,50;12634,75;4/2/2020 9:55:00;4/2/2020 16:00:00;L;CierreContado;$3837,72;$35488,00;$17,28;$0,00;$0,00;$0,00;$0,00;$1275,00;$5175,00;$1337,28;74;
231;NQ 09-26;Backtest;PROD_Bot_NQ_ZigZag_Breakout_5min_RTH;Long;2;12712,00;12746,00;6/2/2020 10:05:00;6/2/2020 16:00:00;L;CierreContado;$1348,48;$36836,48;$11,52;$0,00;$0,00;$0,00;$0,00;$980,00;$1520,00;$171,52;72;
232;NQ 09-26;Backtest;PROD_Bot_NQ_ZigZag_Breakout_5min_RTH;Long;4;12718,25;12683,00;7/2/2020 10:30:00;7/2/2020 14:25:00;L;SL;$-2843,04;$33993,44;$23,04;$0,00;$0,00;$0,00;$0,00;$2820,00;$3380,00;$6223,04;48;
233;NQ 09-26;Backtest;PROD_Bot_NQ_ZigZag_Breakout_5min_RTH;Long;9;12714,00;12814,00;10/2/2020 9:40:00;10/2/2020 16:00:00;L;CierreContado;$17948,16;$51941,60;$51,84;$0,00;$0,00;$0,00;$0,00;$720,00;$18270,00;$321,84;77;
234;NQ 09-26;Backtest;PROD_Bot_NQ_ZigZag_Breakout_5min_RTH;Long;5;12880,75;12851,00;11/2/2020 10:15:00;11/2/2020 11:45:00;L;SL;$-3003,80;$48937,80;$28,80;$0,00;$0,00;$0,00;$0,00;$2975,00;$2575,00;$5578,80;19;
235;NQ 09-26;Backtest;PROD_Bot_NQ_ZigZag_Breakout_5min_RTH;Long;8;12877,25;12858,75;13/2/2020 9:55:00;13/2/2020 10:05:00;L;SL;$-3006,08;$45931,72;$46,08;$0,00;$0,00;$0,00;$0,00;$2960,00;$2000,00;$5006,08;3;
236;NQ 09-26;Backtest;PROD_Bot_NQ_ZigZag_Breakout_5min_RTH;Long;8;13014,00;13027,25;19/2/2020 10:00:00;19/2/2020 16:00:00;L;CierreContado;$2073,92;$48005,64;$46,08;$0,00;$0,00;$0,00;$0,00;$1840,00;$5080,00;$3006,08;73;
237;NQ 09-26;Backtest;PROD_Bot_NQ_ZigZag_Breakout_5min_RTH;Long;1;10775,75;10684,75;20/3/2020 10:00:00;20/3/2020 10:25:00;L;SL;$-1825,76;$46179,88;$5,76;$0,00;$0,00;$0,00;$0,00;$1820,00;$170,00;$1995,76;6;
238;NQ 09-26;Backtest;PROD_Bot_NQ_ZigZag_Breakout_5min_RTH;Long;1;10824,75;10742,75;25/3/2020 10:05:00;25/3/2020 15:00:00;L;SL;$-1645,76;$44534,12;$5,76;$0,00;$0,00;$0,00;$0,00;$1640,00;$4855,00;$6500,76;60;
239;NQ 09-26;Backtest;PROD_Bot_NQ_ZigZag_Breakout_5min_RTH;Long;1;11028,75;11164,00;26/3/2020 10:35:00;26/3/2020 16:00:00;L;CierreContado;$2699,24;$47233,36;$5,76;$0,00;$0,00;$0,00;$0,00;$1505,00;$3425,00;$725,76;63;
240;NQ 09-26;Backtest;PROD_Bot_NQ_ZigZag_Breakout_5min_RTH;Long;2;11113,25;11158,25;30/3/2020 10:15:00;30/3/2020 16:00:00;L;CierreContado;$1788,48;$49021,84;$11,52;$0,00;$0,00;$0,00;$0,00;$1410,00;$3090,00;$1301,52;67;
241;NQ 09-26;Backtest;PROD_Bot_NQ_ZigZag_Breakout_5min_RTH;Long;4;10962,25;10926,25;1/4/2020 9:55:00;1/4/2020 10:00:00;L;SL;$-2903,04;$46118,80;$23,04;$0,00;$0,00;$0,00;$0,00;$2880,00;$160,00;$3063,04;2;
242;NQ 09-26;Backtest;PROD_Bot_NQ_ZigZag_Breakout_5min_RTH;Long;5;11191,50;11337,25;6/4/2020 10:35:00;6/4/2020 16:00:00;L;CierreContado;$14546,20;$60665,00;$28,80;$0,00;$0,00;$0,00;$0,00;$1975,00;$21400,00;$6853,80;63;
243;NQ 09-26;Backtest;PROD_Bot_NQ_ZigZag_Breakout_5min_RTH;Long;2;11479,50;11499,50;8/4/2020 10:35:00;8/4/2020 16:00:00;L;CierreContado;$788,48;$61453,48;$11,52;$0,00;$0,00;$0,00;$0,00;$2130,00;$2760,00;$1971,52;63;
244;NQ 09-26;Backtest;PROD_Bot_NQ_ZigZag_Breakout_5min_RTH;Long;6;12272,25;12248,75;5/5/2020 10:05:00;5/5/2020 14:35:00;L;SL;$-2854,56;$58598,92;$34,56;$0,00;$0,00;$0,00;$0,00;$2820,00;$6510,00;$9364,56;55;
245;NQ 09-26;Backtest;PROD_Bot_NQ_ZigZag_Breakout_5min_RTH;Long;4;12562,00;12588,75;11/5/2020 10:30:00;11/5/2020 16:00:00;L;CierreContado;$2116,96;$60715,88;$23,04;$0,00;$0,00;$0,00;$0,00;$780,00;$6680,00;$4563,04;64;
246;NQ 09-26;Backtest;PROD_Bot_NQ_ZigZag_Breakout_5min_RTH;Long;7;12646,00;12624,00;18/5/2020 10:25:00;18/5/2020 10:40:00;L;SL;$-3120,32;$57595,56;$40,32;$0,00;$0,00;$0,00;$0,00;$3080,00;$770,00;$3890,32;4;
247;NQ 09-26;Backtest;PROD_Bot_NQ_ZigZag_Breakout_5min_RTH;Long;4;12703,25;12665,50;19/5/2020 10:00:00;19/5/2020 14:00:00;L;SL;$-3043,04;$54552,52;$23,04;$0,00;$0,00;$0,00;$0,00;$3020,00;$1580,00;$4623,04;49;
248;NQ 09-26;Backtest;PROD_Bot_NQ_ZigZag_Breakout_5min_RTH;Long;6;12776,50;12751,25;20/5/2020 10:15:00;20/5/2020 11:45:00;L;SL;$-3064,56;$51487,96;$34,56;$0,00;$0,00;$0,00;$0,00;$3030,00;$3240,00;$6304,56;19;
249;NQ 09-26;Backtest;PROD_Bot_NQ_ZigZag_Breakout_5min_RTH;Long;20;12834,50;12836,50;25/5/2020 10:00:00;25/5/2020 12:00:00;L;Exit on session close;$684,80;$52172,76;$115,20;$0,00;$0,00;$0,00;$0,00;$1600,00;$3400,00;$2715,20;25;
250;NQ 09-26;Backtest;PROD_Bot_NQ_ZigZag_Breakout_5min_RTH;Long;2;12533,75;12747,00;27/5/2020 10:15:00;27/5/2020 16:00:00;L;CierreContado;$8518,48;$60691,24;$11,52;$0,00;$0,00;$0,00;$0,00;$1010,00;$8860,00;$341,52;67;
251;NQ 09-26;Backtest;PROD_Bot_NQ_ZigZag_Breakout_5min_RTH;Long;5;13001,00;12971,00;3/6/2020 10:10:00;3/6/2020 10:50:00;L;SL;$-3028,80;$57662,44;$28,80;$0,00;$0,00;$0,00;$0,00;$3000,00;$150,00;$3178,80;9;
252;NQ 09-26;Backtest;PROD_Bot_NQ_ZigZag_Breakout_5min_RTH;Long;1;13076,50;13115,50;5/6/2020 9:40:00;5/6/2020 16:00:00;L;CierreContado;$774,24;$58436,68;$5,76;$0,00;$0,00;$0,00;$0,00;$370,00;$1525,00;$750,76;74;
253;NQ 09-26;Backtest;PROD_Bot_NQ_ZigZag_Breakout_5min_RTH;Long;3;13359,75;13491,25;30/6/2020 10:05:00;30/6/2020 16:00:00;L;CierreContado;$7872,72;$66309,40;$17,28;$0,00;$0,00;$0,00;$0,00;$1035,00;$8115,00;$242,28;72;
254;NQ 09-26;Backtest;PROD_Bot_NQ_ZigZag_Breakout_5min_RTH;Long;4;13553,00;13581,75;1/7/2020 10:15:00;1/7/2020 16:00:00;L;CierreContado;$2276,96;$68586,36;$23,04;$0,00;$0,00;$0,00;$0,00;$2220,00;$6440,00;$4163,04;67;
255;NQ 09-26;Backtest;PROD_Bot_NQ_ZigZag_Breakout_5min_RTH;Long;6;14004,00;13979,75;7/7/2020 10:15:00;7/7/2020 10:40:00;L;SL;$-2944,56;$65641,80;$34,56;$0,00;$0,00;$0,00;$0,00;$2910,00;$1680,00;$4624,56;6;
256;NQ 09-26;Backtest;PROD_Bot_NQ_ZigZag_Breakout_5min_RTH;Long;5;14380,50;14353,25;13/7/2020 10:35:00;13/7/2020 10:50:00;L;SL;$-2753,80;$62888,00;$28,80;$0,00;$0,00;$0,00;$0,00;$2725,00;$150,00;$2903,80;4;
257;NQ 09-26;Backtest;PROD_Bot_NQ_ZigZag_Breakout_5min_RTH;Long;2;13904,00;13950,50;17/7/2020 9:55:00;17/7/2020 16:00:00;L;CierreContado;$1848,48;$64736,48;$11,52;$0,00;$0,00;$0,00;$0,00;$210,00;$3570,00;$1721,52;71;
258;NQ 09-26;Backtest;PROD_Bot_NQ_ZigZag_Breakout_5min_RTH;Long;5;14112,50;14269,00;20/7/2020 10:35:00;20/7/2020 16:00:00;L;CierreContado;$15621,20;$80357,68;$28,80;$0,00;$0,00;$0,00;$0,00;$600,00;$17550,00;$1928,80;63;
259;NQ 09-26;Backtest;PROD_Bot_NQ_ZigZag_Breakout_5min_RTH;Long;3;13838,75;13795,25;24/7/2020 10:30:00;24/7/2020 11:00:00;L;SL;$-2627,28;$77730,40;$17,28;$0,00;$0,00;$0,00;$0,00;$2610,00;$945,00;$3572,28;7;
260;NQ 09-26;Backtest;PROD_Bot_NQ_ZigZag_Breakout_5min_RTH;Long;1;13965,75;14020,50;29/7/2020 9:45:00;29/7/2020 16:00:00;L;CierreContado;$1089,24;$78819,64;$5,76;$0,00;$0,00;$0,00;$0,00;$1180,00;$1130,00;$40,76;73;
261;NQ 09-26;Backtest;PROD_Bot_NQ_ZigZag_Breakout_5min_RTH;Long;2;14117,75;14061,00;31/7/2020 10:10:00;31/7/2020 11:20:00;L;SL;$-2281,52;$76538,12;$11,52;$0,00;$0,00;$0,00;$0,00;$2270,00;$1440,00;$3721,52;15;
262;NQ 09-26;Backtest;PROD_Bot_NQ_ZigZag_Breakout_5min_RTH;Long;2;14366,00;14377,00;3/8/2020 10:20:00;3/8/2020 16:00:00;L;CierreContado;$428,48;$76966,60;$11,52;$0,00;$0,00;$0,00;$0,00;$1040,00;$1220,00;$791,52;66;
263;NQ 09-26;Backtest;PROD_Bot_NQ_ZigZag_Breakout_5min_RTH;Long;4;14449,75;14413,75;5/8/2020 10:10:00;5/8/2020 10:50:00;L;SL;$-2903,04;$74063,56;$23,04;$0,00;$0,00;$0,00;$0,00;$2880,00;$180,00;$3083,04;9;
264;NQ 09-26;Backtest;PROD_Bot_NQ_ZigZag_Breakout_5min_RTH;Long;2;14361,25;14309,50;11/8/2020 10:10:00;11/8/2020 13:35:00;L;SL;$-2081,52;$71982,04;$11,52;$0,00;$0,00;$0,00;$0,00;$2070,00;$1860,00;$3941,52;42;
265;NQ 09-26;Backtest;PROD_Bot_NQ_ZigZag_Breakout_5min_RTH;Long;3;14437,75;14443,00;12/8/2020 10:00:00;12/8/2020 16:00:00;L;CierreContado;$297,72;$72279,76;$17,28;$0,00;$0,00;$0,00;$0,00;$1035,00;$4290,00;$3992,28;70;
266;NQ 09-26;Backtest;PROD_Bot_NQ_ZigZag_Breakout_5min_RTH;Long;6;14872,00;14849,50;21/8/2020 9:55:00;21/8/2020 10:05:00;L;SL;$-2734,56;$69545,20;$34,56;$0,00;$0,00;$0,00;$0,00;$2700,00;$1140,00;$3874,56;3;
267;NQ 09-26;Backtest;PROD_Bot_NQ_ZigZag_Breakout_5min_RTH;Long;3;14985,50;15060,75;25/8/2020 10:10:00;25/8/2020 16:00:00;L;CierreContado;$4497,72;$74042,92;$17,28;$0,00;$0,00;$0,00;$0,00;$2250,00;$4815,00;$317,28;68;
268;NQ 09-26;Backtest;PROD_Bot_NQ_ZigZag_Breakout_5min_RTH;Long;5;15185,25;15308,00;26/8/2020 10:35:00;26/8/2020 16:00:00;L;CierreContado;$12246,20;$86289,12;$28,80;$0,00;$0,00;$0,00;$0,00;$375,00;$13975,00;$1728,80;63;
269;NQ 09-26;Backtest;PROD_Bot_NQ_ZigZag_Breakout_5min_RTH;Long;4;15406,25;15370,25;31/8/2020 10:00:00;31/8/2020 10:25:00;L;SL;$-2903,04;$83386,08;$23,04;$0,00;$0,00;$0,00;$0,00;$2880,00;$1440,00;$4343,04;6;
270;NQ 09-26;Backtest;PROD_Bot_NQ_ZigZag_Breakout_5min_RTH;Long;1;14779,50;14700,25;15/9/2020 10:15:00;15/9/2020 14:35:00;L;SL;$-1590,76;$81795,32;$5,76;$0,00;$0,00;$0,00;$0,00;$1585,00;$740,00;$2330,76;53;
271;NQ 09-26;Backtest;PROD_Bot_NQ_ZigZag_Breakout_5min_RTH;Long;2;14474,00;14413,25;17/9/2020 10:20:00;17/9/2020 10:25:00;L;SL;$-2441,52;$79353,80;$11,52;$0,00;$0,00;$0,00;$0,00;$2430,00;$410,00;$2851,52;2;
272;NQ 09-26;Backtest;PROD_Bot_NQ_ZigZag_Breakout_5min_RTH;Long;2;14333,50;14469,00;25/9/2020 10:20:00;25/9/2020 16:00:00;L;CierreContado;$5408,48;$84762,28;$11,52;$0,00;$0,00;$0,00;$0,00;$1400,00;$6700,00;$1291,52;66;
273;NQ 09-26;Backtest;PROD_Bot_NQ_ZigZag_Breakout_5min_RTH;Long;3;14673,50;14632,75;29/9/2020 10:15:00;29/9/2020 12:15:00;L;SL;$-2462,28;$82300,00;$17,28;$0,00;$0,00;$0,00;$0,00;$2445,00;$1500,00;$3962,28;25;
274;NQ 09-26;Backtest;PROD_Bot_NQ_ZigZag_Breakout_5min_RTH;Long;3;14879,00;14833,25;8/10/2020 10:15:00;8/10/2020 10:35:00;L;SL;$-2762,28;$79537,72;$17,28;$0,00;$0,00;$0,00;$0,00;$2745,00;$525,00;$3287,28;5;
275;NQ 09-26;Backtest;PROD_Bot_NQ_ZigZag_Breakout_5min_RTH;Long;2;15154,25;15222,75;15/10/2020 10:15:00;15/10/2020 16:00:00;L;CierreContado;$2728,48;$82266,20;$11,52;$0,00;$0,00;$0,00;$0,00;$1930,00;$3960,00;$1231,52;67;
276;NQ 09-26;Backtest;PROD_Bot_NQ_ZigZag_Breakout_5min_RTH;Long;3;14867,25;14897,25;27/10/2020 9:40:00;27/10/2020 16:00:00;L;CierreContado;$1782,72;$84048,92;$17,28;$0,00;$0,00;$0,00;$0,00;$885,00;$5430,00;$3647,28;74;
277;NQ 09-26;Backtest;PROD_Bot_NQ_ZigZag_Breakout_5min_RTH;Long;3;14646,25;14595,25;29/10/2020 10:20:00;29/10/2020 15:35:00;L;SL;$-3077,28;$80971,64;$17,28;$0,00;$0,00;$0,00;$0,00;$3060,00;$8775,00;$11852,28;61;
278;NQ 09-26;Backtest;PROD_Bot_NQ_ZigZag_Breakout_5min_RTH;Long;1;14572,00;14655,75;3/11/2020 10:10:00;3/11/2020 16:00:00;L;CierreContado;$1669,24;$82640,88;$5,76;$0,00;$0,00;$0,00;$0,00;$415,00;$2195,00;$525,76;71;
279;NQ 09-26;Backtest;PROD_Bot_NQ_ZigZag_Breakout_5min_RTH;Long;1;15030,00;15130,50;4/11/2020 10:10:00;4/11/2020 16:00:00;L;CierreContado;$2004,24;$84645,12;$5,76;$0,00;$0,00;$0,00;$0,00;$245,00;$2890,00;$885,76;71;
280;NQ 09-26;Backtest;PROD_Bot_NQ_ZigZag_Breakout_5min_RTH;Long;1;15552,00;15420,00;9/11/2020 10:10:00;9/11/2020 11:10:00;L;SL;$-2645,76;$81999,36;$5,76;$0,00;$0,00;$0,00;$0,00;$2640,00;$865,00;$3510,76;13;
281;NQ 09-26;Backtest;PROD_Bot_NQ_ZigZag_Breakout_5min_RTH;Long;3;15335,50;15285,25;16/11/2020 10:30:00;16/11/2020 13:05:00;L;SL;$-3032,28;$78967,08;$17,28;$0,00;$0,00;$0,00;$0,00;$3015,00;$1980,00;$5012,28;32;
282;NQ 09-26;Backtest;PROD_Bot_NQ_ZigZag_Breakout_5min_RTH;Long;5;15590,75;15607,50;27/11/2020 10:15:00;27/11/2020 13:15:00;L;Exit on session close;$1646,20;$80613,28;$28,80;$0,00;$0,00;$0,00;$0,00;$2375,00;$5150,00;$3503,80;37;
283;NQ 09-26;Backtest;PROD_Bot_NQ_ZigZag_Breakout_5min_RTH;Long;2;15725,00;15796,25;1/12/2020 9:55:00;1/12/2020 16:00:00;L;CierreContado;$2838,48;$83451,76;$11,52;$0,00;$0,00;$0,00;$0,00;$1610,00;$4880,00;$2041,52;74;
284;NQ 09-26;Backtest;PROD_Bot_NQ_ZigZag_Breakout_5min_RTH;Long;5;15924,25;15894,50;7/12/2020 10:05:00;7/12/2020 13:10:00;L;SL;$-3003,80;$80447,96;$28,80;$0,00;$0,00;$0,00;$0,00;$2975,00;$2275,00;$5278,80;38;
285;NQ 09-26;Backtest;PROD_Bot_NQ_ZigZag_Breakout_5min_RTH;Long;2;16041,50;16038,00;24/12/2020 9:45:00;24/12/2020 13:15:00;L;Exit on session close;$-151,52;$80296,44;$11,52;$0,00;$0,00;$0,00;$0,00;$1680,00;$720,00;$871,52;43;
286;NQ 09-26;Backtest;PROD_Bot_NQ_ZigZag_Breakout_5min_RTH;Long;2;16723,00;16671,75;22/1/2021 9:55:00;22/1/2021 10:30:00;L;SL;$-2061,52;$78234,92;$11,52;$0,00;$0,00;$0,00;$0,00;$2050,00;$170,00;$2231,52;8;
287;NQ 09-26;Backtest;PROD_Bot_NQ_ZigZag_Breakout_5min_RTH;Long;2;16772,75;16798,50;2/2/2021 10:25:00;2/2/2021 16:00:00;L;CierreContado;$1018,48;$79253,40;$11,52;$0,00;$0,00;$0,00;$0,00;$2180,00;$2250,00;$1231,52;68;
288;NQ 09-26;Backtest;PROD_Bot_NQ_ZigZag_Breakout_5min_RTH;Long;4;17013,00;16975,75;8/2/2021 10:10:00;8/2/2021 10:30:00;L;SL;$-3003,04;$76250,36;$23,04;$0,00;$0,00;$0,00;$0,00;$2980,00;$1240,00;$4243,04;5;
289;NQ 09-26;Backtest;PROD_Bot_NQ_ZigZag_Breakout_5min_RTH;Long;3;17030,25;17006,75;9/2/2021 10:00:00;9/2/2021 16:00:00;L;CierreContado;$-1427,28;$74823,08;$17,28;$0,00;$0,00;$0,00;$0,00;$1980,00;$2430,00;$3857,28;73;
290;NQ 09-26;Backtest;PROD_Bot_NQ_ZigZag_Breakout_5min_RTH;Long;2;16470,25;16614,00;1/3/2021 10:25:00;1/3/2021 16:00:00;L;CierreContado;$5738,48;$80561,56;$11,52;$0,00;$0,00;$0,00;$0,00;$330,00;$5960,00;$221,52;68;
291;NQ 09-26;Backtest;PROD_Bot_NQ_ZigZag_Breakout_5min_RTH;Long;1;16053,00;16165,50;9/3/2021 10:05:00;9/3/2021 16:00:00;L;CierreContado;$2244,24;$82805,80;$5,76;$0,00;$0,00;$0,00;$0,00;$670,00;$3000,00;$755,76;72;
292;NQ 09-26;Backtest;PROD_Bot_NQ_ZigZag_Breakout_5min_RTH;Long;3;16393,50;16346,00;17/3/2021 10:20:00;17/3/2021 10:50:00;L;SL;$-2867,28;$79938,52;$17,28;$0,00;$0,00;$0,00;$0,00;$2850,00;$1350,00;$4217,28;7;
293;NQ 09-26;Backtest;PROD_Bot_NQ_ZigZag_Breakout_5min_RTH;Long;3;16838,50;16942,75;5/4/2021 10:15:00;5/4/2021 16:00:00;L;CierreContado;$6237,72;$86176,24;$17,28;$0,00;$0,00;$0,00;$0,00;$630,00;$7155,00;$917,28;70;
294;NQ 09-26;Backtest;PROD_Bot_NQ_ZigZag_Breakout_5min_RTH;Long;2;17097,25;17044,50;8/4/2021 10:05:00;8/4/2021 10:15:00;L;SL;$-2121,52;$84054,72;$11,52;$0,00;$0,00;$0,00;$0,00;$2110,00;$20,00;$2141,52;3;
295;NQ 09-26;Backtest;PROD_Bot_NQ_ZigZag_Breakout_5min_RTH;Long;2;17263,00;17197,25;22/4/2021 10:35:00;22/4/2021 13:15:00;L;SL;$-2641,52;$81413,20;$11,52;$0,00;$0,00;$0,00;$0,00;$2630,00;$980,00;$3621,52;33;
296;NQ 09-26;Backtest;PROD_Bot_NQ_ZigZag_Breakout_5min_RTH;Long;2;17270,75;17198,75;3/5/2021 10:15:00;3/5/2021 10:55:00;L;SL;$-2891,52;$78521,68;$11,52;$0,00;$0,00;$0,00;$0,00;$2880,00;$780,00;$3671,52;9;
297;NQ 09-26;Backtest;PROD_Bot_NQ_ZigZag_Breakout_5min_RTH;Long;2;17111,50;17039,00;7/5/2021 10:15:00;7/5/2021 13:25:00;L;SL;$-2911,52;$75610,16;$11,52;$0,00;$0,00;$0,00;$0,00;$2900,00;$1670,00;$4581,52;39;
298;NQ 09-26;Backtest;PROD_Bot_NQ_ZigZag_Breakout_5min_RTH;Long;4;16547,25;16514,25;13/5/2021 10:30:00;13/5/2021 10:30:00;L;SL;$-2663,04;$72947,12;$23,04;$0,00;$0,00;$0,00;$0,00;$2640,00;$0,00;$2663,04;1;
299;NQ 09-26;Backtest;PROD_Bot_NQ_ZigZag_Breakout_5min_RTH;Long;2;16612,00;16762,00;14/5/2021 10:05:00;14/5/2021 16:00:00;L;CierreContado;$5988,48;$78935,60;$11,52;$0,00;$0,00;$0,00;$0,00;$1470,00;$6280,00;$291,52;72;
300;NQ 09-26;Backtest;PROD_Bot_NQ_ZigZag_Breakout_5min_RTH;Long;2;16708,50;16650,75;18/5/2021 10:25:00;18/5/2021 14:25:00;L;SL;$-2321,52;$76614,08;$11,52;$0,00;$0,00;$0,00;$0,00;$2310,00;$1230,00;$3551,52;49;
301;NQ 09-26;Backtest;PROD_Bot_NQ_ZigZag_Breakout_5min_RTH;Long;1;16442,25;16548,50;19/5/2021 10:35:00;19/5/2021 16:00:00;L;CierreContado;$2119,24;$78733,32;$5,76;$0,00;$0,00;$0,00;$0,00;$1110,00;$2870,00;$750,76;66;
302;NQ 09-26;Backtest;PROD_Bot_NQ_ZigZag_Breakout_5min_RTH;Long;1;17451,00;17526,75;17/6/2021 10:35:00;17/6/2021 16:00:00;L;CierreContado;$1509,24;$80242,56;$5,76;$0,00;$0,00;$0,00;$0,00;$745,00;$2035,00;$525,76;66;
303;NQ 09-26;Backtest;PROD_Bot_NQ_ZigZag_Breakout_5min_RTH;Long;3;17820,75;17870,25;28/6/2021 10:10:00;28/6/2021 16:00:00;L;CierreContado;$2952,72;$83195,28;$17,28;$0,00;$0,00;$0,00;$0,00;$960,00;$3165,00;$212,28;71;
304;NQ 09-26;Backtest;PROD_Bot_NQ_ZigZag_Breakout_5min_RTH;Long;3;18141,50;18094,75;6/7/2021 10:15:00;6/7/2021 10:35:00;L;SL;$-2822,28;$80373,00;$17,28;$0,00;$0,00;$0,00;$0,00;$2805,00;$135,00;$2957,28;5;
305;NQ 09-26;Backtest;PROD_Bot_NQ_ZigZag_Breakout_5min_RTH;Long;1;18006,00;17929,75;8/7/2021 10:35:00;8/7/2021 11:05:00;L;SL;$-1530,76;$78842,24;$5,76;$0,00;$0,00;$0,00;$0,00;$1525,00;$105,00;$1635,76;7;
306;NQ 09-26;Backtest;PROD_Bot_NQ_ZigZag_Breakout_5min_RTH;Long;3;18081,25;18176,50;9/7/2021 10:15:00;9/7/2021 16:00:00;L;CierreContado;$5697,72;$84539,96;$17,28;$0,00;$0,00;$0,00;$0,00;$1440,00;$6270,00;$572,28;70;
307;NQ 09-26;Backtest;PROD_Bot_NQ_ZigZag_Breakout_5min_RTH;Long;4;18298,50;18265,50;13/7/2021 10:25:00;13/7/2021 13:20:00;L;SL;$-2663,04;$81876,92;$23,04;$0,00;$0,00;$0,00;$0,00;$2640,00;$4000,00;$6663,04;36;
308;NQ 09-26;Backtest;PROD_Bot_NQ_ZigZag_Breakout_5min_RTH;Long;3;18117,50;18173,00;21/7/2021 10:30:00;21/7/2021 16:00:00;L;CierreContado;$3312,72;$85189,64;$17,28;$0,00;$0,00;$0,00;$0,00;$1725,00;$3570,00;$257,28;67;
309;NQ 09-26;Backtest;PROD_Bot_NQ_ZigZag_Breakout_5min_RTH;Long;4;18357,75;18457,75;23/7/2021 10:25:00;23/7/2021 16:00:00;L;CierreContado;$7976,96;$93166,60;$23,04;$0,00;$0,00;$0,00;$0,00;$1620,00;$9060,00;$1083,04;68;
310;NQ 09-26;Backtest;PROD_Bot_NQ_ZigZag_Breakout_5min_RTH;Long;3;18482,50;18512,00;5/8/2021 9:55:00;5/8/2021 16:00:00;L;CierreContado;$1752,72;$94919,32;$17,28;$0,00;$0,00;$0,00;$0,00;$1545,00;$2265,00;$512,28;74;
311;NQ 09-26;Backtest;PROD_Bot_NQ_ZigZag_Breakout_5min_RTH;Long;4;18467,25;18469,75;13/8/2021 10:15:00;13/8/2021 16:00:00;L;CierreContado;$176,96;$95096,28;$23,04;$0,00;$0,00;$0,00;$0,00;$1700,00;$2260,00;$2083,04;70;
312;NQ 09-26;Backtest;PROD_Bot_NQ_ZigZag_Breakout_5min_RTH;Long;7;18594,00;18671,25;23/8/2021 10:25:00;23/8/2021 16:00:00;L;CierreContado;$10774,68;$105870,96;$40,32;$0,00;$0,00;$0,00;$0,00;$910,00;$13615,00;$2840,32;68;
313;NQ 09-26;Backtest;PROD_Bot_NQ_ZigZag_Breakout_5min_RTH;Long;4;18877,75;18965,00;30/8/2021 10:00:00;30/8/2021 16:00:00;L;CierreContado;$6956,96;$112827,92;$23,04;$0,00;$0,00;$0,00;$0,00;$580,00;$7500,00;$543,04;73;
314;NQ 09-26;Backtest;PROD_Bot_NQ_ZigZag_Breakout_5min_RTH;Long;2;18441,75;18542,50;22/9/2021 10:05:00;22/9/2021 16:00:00;L;CierreContado;$4018,48;$116846,40;$11,52;$0,00;$0,00;$0,00;$0,00;$70,00;$6010,00;$1991,52;72;
315;NQ 09-26;Backtest;PROD_Bot_NQ_ZigZag_Breakout_5min_RTH;Long;2;18618,25;18688,00;24/9/2021 10:05:00;24/9/2021 16:00:00;L;CierreContado;$2778,48;$119624,88;$11,52;$0,00;$0,00;$0,00;$0,00;$1930,00;$3240,00;$461,52;72;
316;NQ 09-26;Backtest;PROD_Bot_NQ_ZigZag_Breakout_5min_RTH;Long;2;18321,75;18263,75;7/10/2021 10:05:00;7/10/2021 15:45:00;L;SL;$-2331,52;$117293,36;$11,52;$0,00;$0,00;$0,00;$0,00;$2320,00;$1780,00;$4111,52;69;
317;NQ 09-26;Backtest;PROD_Bot_NQ_ZigZag_Breakout_5min_RTH;Long;3;19029,50;18986,00;26/10/2021 10:10:00;26/10/2021 11:35:00;L;SL;$-2627,28;$114666,08;$17,28;$0,00;$0,00;$0,00;$0,00;$2610,00;$2190,00;$4817,28;18;
318;NQ 09-26;Backtest;PROD_Bot_NQ_ZigZag_Breakout_5min_RTH;Long;3;19064,75;19118,75;28/10/2021 10:30:00;28/10/2021 16:00:00;L;CierreContado;$3222,72;$117888,80;$17,28;$0,00;$0,00;$0,00;$0,00;$765,00;$3555,00;$332,28;67;
319;NQ 09-26;Backtest;PROD_Bot_NQ_ZigZag_Breakout_5min_RTH;Long;1;19733,25;19649,50;1/12/2021 10:10:00;1/12/2021 10:45:00;L;SL;$-1680,76;$116208,04;$5,76;$0,00;$0,00;$0,00;$0,00;$1675,00;$185,00;$1865,76;8;
320;NQ 09-26;Backtest;PROD_Bot_NQ_ZigZag_Breakout_5min_RTH;Long;2;19608,25;19702,75;23/12/2021 10:05:00;23/12/2021 16:00:00;L;CierreContado;$3768,48;$119976,52;$11,52;$0,00;$0,00;$0,00;$0,00;$720,00;$4490,00;$721,52;72;
321;NQ 09-26;Backtest;PROD_Bot_NQ_ZigZag_Breakout_5min_RTH;Long;2;19825,50;19919,25;27/12/2021 10:10:00;27/12/2021 16:00:00;L;CierreContado;$3738,48;$123715,00;$11,52;$0,00;$0,00;$0,00;$0,00;$390,00;$3910,00;$171,52;71;
322;NQ 09-26;Backtest;PROD_Bot_NQ_ZigZag_Breakout_5min_RTH;Long;1;19360,25;19246,50;12/1/2022 10:15:00;12/1/2022 10:45:00;L;SL;$-2280,76;$121434,24;$5,76;$0,00;$0,00;$0,00;$0,00;$2275,00;$270,00;$2550,76;7;
323;NQ 09-26;Backtest;PROD_Bot_NQ_ZigZag_Breakout_5min_RTH;Long;1;17631,00;17481,25;25/1/2022 9:40:00;25/1/2022 9:50:00;L;SL;$-3000,76;$118433,48;$5,76;$0,00;$0,00;$0,00;$0,00;$2995,00;$765,00;$3765,76;3;
324;NQ 09-26;Backtest;PROD_Bot_NQ_ZigZag_Breakout_5min_RTH;Long;1;18165,00;18043,00;3/2/2022 10:25:00;3/2/2022 12:00:00;L;SL;$-2445,76;$115987,72;$5,76;$0,00;$0,00;$0,00;$0,00;$2440,00;$840,00;$3285,76;20;
325;NQ 09-26;Backtest;PROD_Bot_NQ_ZigZag_Breakout_5min_RTH;Long;1;17984,25;17859,25;4/2/2022 10:10:00;4/2/2022 10:50:00;L;SL;$-2505,76;$113481,96;$5,76;$0,00;$0,00;$0,00;$0,00;$2500,00;$940,00;$3445,76;9;
326;NQ 09-26;Backtest;PROD_Bot_NQ_ZigZag_Breakout_5min_RTH;Long;1;18167,75;18081,75;7/2/2022 10:00:00;7/2/2022 10:15:00;L;SL;$-1725,76;$111756,20;$5,76;$0,00;$0,00;$0,00;$0,00;$1720,00;$60,00;$1785,76;4;
327;NQ 09-26;Backtest;PROD_Bot_NQ_ZigZag_Breakout_5min_RTH;Long;1;17472,75;17335,50;22/2/2022 10:35:00;22/2/2022 10:55:00;L;SL;$-2750,76;$109005,44;$5,76;$0,00;$0,00;$0,00;$0,00;$2745,00;$0,00;$2750,76;5;
328;NQ 09-26;Backtest;PROD_Bot_NQ_ZigZag_Breakout_5min_RTH;Long;1;16753,25;17335,00;24/2/2022 10:20:00;24/2/2022 16:00:00;L;CierreContado;$11629,24;$120634,68;$5,76;$0,00;$0,00;$0,00;$0,00;$1615,00;$11890,00;$260,76;69;
329;NQ 09-26;Backtest;PROD_Bot_NQ_ZigZag_Breakout_5min_RTH;Long;1;17900,75;18009,75;22/3/2022 10:10:00;22/3/2022 16:00:00;L;CierreContado;$2174,24;$122808,92;$5,76;$0,00;$0,00;$0,00;$0,00;$275,00;$3170,00;$995,76;71;
330;NQ 09-26;Backtest;PROD_Bot_NQ_ZigZag_Breakout_5min_RTH;Long;1;17911,00;17828,75;23/3/2022 10:15:00;23/3/2022 15:55:00;L;SL;$-1650,76;$121158,16;$5,76;$0,00;$0,00;$0,00;$0,00;$1645,00;$2795,00;$4445,76;69;
331;NQ 09-26;Backtest;PROD_Bot_NQ_ZigZag_Breakout_5min_RTH;Long;2;18590,25;18517,00;30/3/2022 10:20:00;30/3/2022 11:05:00;L;SL;$-2941,52;$118216,64;$11,52;$0,00;$0,00;$0,00;$0,00;$2930,00;$520,00;$3461,52;10;
332;NQ 09-26;Backtest;PROD_Bot_NQ_ZigZag_Breakout_5min_RTH;Long;1;17591,00;17479,00;12/4/2022 9:55:00;12/4/2022 10:50:00;L;SL;$-2245,76;$115970,88;$5,76;$0,00;$0,00;$0,00;$0,00;$2240,00;$1100,00;$3345,76;12;
333;NQ 09-26;Backtest;PROD_Bot_NQ_ZigZag_Breakout_5min_RTH;Long;1;16776,25;16631,50;25/4/2022 10:35:00;25/4/2022 11:50:00;L;SL;$-2900,76;$113070,12;$5,76;$0,00;$0,00;$0,00;$0,00;$2895,00;$1180,00;$4080,76;16;
334;NQ 09-26;Backtest;PROD_Bot_NQ_ZigZag_Breakout_5min_RTH;Long;1;15567,00;15728,25;13/5/2022 9:50:00;13/5/2022 16:00:00;L;CierreContado;$3219,24;$116289,36;$5,76;$0,00;$0,00;$0,00;$0,00;$685,00;$4670,00;$1450,76;75;
335;NQ 09-26;Backtest;PROD_Bot_NQ_ZigZag_Breakout_5min_RTH;Long;1;15231,75;15296,75;25/5/2022 10:25:00;25/5/2022 16:00:00;L;CierreContado;$1294,24;$117583,60;$5,76;$0,00;$0,00;$0,00;$0,00;$1855,00;$3455,00;$2160,76;68;
336;NQ 09-26;Backtest;PROD_Bot_NQ_ZigZag_Breakout_5min_RTH;Long;2;15885,25;16017,25;27/5/2022 10:00:00;27/5/2022 16:00:00;L;CierreContado;$5268,48;$122852,08;$11,52;$0,00;$0,00;$0,00;$0,00;$830,00;$5730,00;$461,52;73;
337;NQ 09-26;Backtest;PROD_Bot_NQ_ZigZag_Breakout_5min_RTH;Long;2;16185,75;16119,00;1/6/2022 10:00:00;1/6/2022 10:05:00;L;SL;$-2681,52;$120170,56;$11,52;$0,00;$0,00;$0,00;$0,00;$2670,00;$250,00;$2931,52;2;
338;NQ 09-26;Backtest;PROD_Bot_NQ_ZigZag_Breakout_5min_RTH;Long;1;15969,50;16102,00;7/6/2022 10:35:00;7/6/2022 16:00:00;L;CierreContado;$2644,24;$122814,80;$5,76;$0,00;$0,00;$0,00;$0,00;$780,00;$2785,00;$140,76;66;
339;NQ 09-26;Backtest;PROD_Bot_NQ_ZigZag_Breakout_5min_RTH;Long;1;14881,50;14791,00;15/6/2022 9:50:00;15/6/2022 14:05:00;L;SL;$-1815,76;$120999,04;$5,76;$0,00;$0,00;$0,00;$0,00;$1810,00;$980,00;$2795,76;52;
340;NQ 09-26;Backtest;PROD_Bot_NQ_ZigZag_Breakout_5min_RTH;Long;2;14716,75;14754,00;20/6/2022 10:25:00;20/6/2022 13:00:00;L;Exit on session close;$1478,48;$122477,52;$11,52;$0,00;$0,00;$0,00;$0,00;$570,00;$1910,00;$431,52;32;
341;NQ 09-26;Backtest;PROD_Bot_NQ_ZigZag_Breakout_5min_RTH;Long;3;14992,75;14946,50;21/6/2022 10:25:00;21/6/2022 12:00:00;L;SL;$-2792,28;$119685,24;$17,28;$0,00;$0,00;$0,00;$0,00;$2775,00;$1155,00;$3947,28;20;
342;NQ 09-26;Backtest;PROD_Bot_NQ_ZigZag_Breakout_5min_RTH;Long;1;14969,00;14889,50;22/6/2022 10:20:00;22/6/2022 15:45:00;L;SL;$-1595,76;$118089,48;$5,76;$0,00;$0,00;$0,00;$0,00;$1590,00;$2210,00;$3805,76;66;
343;NQ 09-26;Backtest;PROD_Bot_NQ_ZigZag_Breakout_5min_RTH;Long;1;15020,75;14925,00;23/6/2022 10:30:00;23/6/2022 12:40:00;L;SL;$-1920,76;$116168,72;$5,76;$0,00;$0,00;$0,00;$0,00;$1915,00;$1140,00;$3060,76;27;
344;NQ 09-26;Backtest;PROD_Bot_NQ_ZigZag_Breakout_5min_RTH;Long;1;14844,00;15131,50;5/7/2022 10:20:00;5/7/2022 16:00:00;L;CierreContado;$5744,24;$121912,96;$5,76;$0,00;$0,00;$0,00;$0,00;$940,00;$5955,00;$210,76;69;
345;NQ 09-26;Backtest;PROD_Bot_NQ_ZigZag_Breakout_5min_RTH;Long;1;15503,75;15423,75;18/7/2022 9:55:00;18/7/2022 13:35:00;L;SL;$-1605,76;$120307,20;$5,76;$0,00;$0,00;$0,00;$0,00;$1600,00;$330,00;$1935,76;45;
346;NQ 09-26;Backtest;PROD_Bot_NQ_ZigZag_Breakout_5min_RTH;Long;1;15694,25;15797,75;20/7/2022 10:30:00;20/7/2022 16:00:00;L;CierreContado;$2064,24;$122371,44;$5,76;$0,00;$0,00;$0,00;$0,00;$145,00;$3140,00;$1075,76;67;
347;NQ 09-26;Backtest;PROD_Bot_NQ_ZigZag_Breakout_5min_RTH;Long;1;15851,25;15764,00;21/7/2022 10:00:00;21/7/2022 10:15:00;L;SL;$-1750,76;$120620,68;$5,76;$0,00;$0,00;$0,00;$0,00;$1745,00;$475,00;$2225,76;4;
348;NQ 09-26;Backtest;PROD_Bot_NQ_ZigZag_Breakout_5min_RTH;Long;2;16438,25;16628,25;3/8/2022 10:00:00;3/8/2022 16:00:00;L;CierreContado;$7588,48;$128209,16;$11,52;$0,00;$0,00;$0,00;$0,00;$1750,00;$8230,00;$641,52;73;
349;NQ 09-26;Backtest;PROD_Bot_NQ_ZigZag_Breakout_5min_RTH;Long;2;16863,25;16797,25;11/8/2022 10:10:00;11/8/2022 11:05:00;L;SL;$-2651,52;$125557,64;$11,52;$0,00;$0,00;$0,00;$0,00;$2640,00;$1820,00;$4471,52;12;
350;NQ 09-26;Backtest;PROD_Bot_NQ_ZigZag_Breakout_5min_RTH;Long;2;16950,25;16877,75;15/8/2022 10:00:00;15/8/2022 10:25:00;L;SL;$-2911,52;$122646,12;$11,52;$0,00;$0,00;$0,00;$0,00;$2900,00;$720,00;$3631,52;6;
351;NQ 09-26;Backtest;PROD_Bot_NQ_ZigZag_Breakout_5min_RTH;Long;2;16329,25;16254,50;23/8/2022 10:15:00;23/8/2022 10:55:00;L;SL;$-3001,52;$119644,60;$11,52;$0,00;$0,00;$0,00;$0,00;$2990,00;$920,00;$3921,52;9;
352;NQ 09-26;Backtest;PROD_Bot_NQ_ZigZag_Breakout_5min_RTH;Long;3;16242,75;16281,00;24/8/2022 10:05:00;24/8/2022 16:00:00;L;CierreContado;$2277,72;$121922,32;$17,28;$0,00;$0,00;$0,00;$0,00;$1935,00;$6135,00;$3857,28;72;
353;NQ 09-26;Backtest;PROD_Bot_NQ_ZigZag_Breakout_5min_RTH;Long;1;15826,25;15722,00;31/8/2022 9:50:00;31/8/2022 10:30:00;L;SL;$-2090,76;$119831,56;$5,76;$0,00;$0,00;$0,00;$0,00;$2085,00;$410,00;$2500,76;9;
354;NQ 09-26;Backtest;PROD_Bot_NQ_ZigZag_Breakout_5min_RTH;Long;1;15605,25;15507,25;8/9/2022 10:25:00;8/9/2022 12:15:00;L;SL;$-1965,76;$117865,80;$5,76;$0,00;$0,00;$0,00;$0,00;$1960,00;$2110,00;$4075,76;23;
355;NQ 09-26;Backtest;PROD_Bot_NQ_ZigZag_Breakout_5min_RTH;Long;2;15824,25;15938,25;9/9/2022 10:00:00;9/9/2022 16:00:00;L;CierreContado;$4548,48;$122414,28;$11,52;$0,00;$0,00;$0,00;$0,00;$1470,00;$4970,00;$421,52;73;
356;NQ 09-26;Backtest;PROD_Bot_NQ_ZigZag_Breakout_5min_RTH;Long;2;15251,50;15192,75;21/9/2022 9:55:00;21/9/2022 14:05:00;L;SL;$-2361,52;$120052,76;$11,52;$0,00;$0,00;$0,00;$0,00;$2350,00;$2750,00;$5111,52;51;
357;NQ 09-26;Backtest;PROD_Bot_NQ_ZigZag_Breakout_5min_RTH;Long;2;14738,00;14672,25;26/9/2022 10:00:00;26/9/2022 11:10:00;L;SL;$-2641,52;$117411,24;$11,52;$0,00;$0,00;$0,00;$0,00;$2630,00;$2280,00;$4921,52;15;
358;NQ 09-26;Backtest;PROD_Bot_NQ_ZigZag_Breakout_5min_RTH;Long;1;14632,25;14849,50;28/9/2022 10:30:00;28/9/2022 16:00:00;L;CierreContado;$4339,24;$121750,48;$5,76;$0,00;$0,00;$0,00;$0,00;$325,00;$4770,00;$430,76;67;
359;NQ 09-26;Backtest;PROD_Bot_NQ_ZigZag_Breakout_5min_RTH;Long;2;14357,00;14295,75;8/11/2022 10:25:00;8/11/2022 14:00:00;L;SL;$-2461,52;$119288,96;$11,52;$0,00;$0,00;$0,00;$0,00;$2450,00;$5260,00;$7721,52;44;
360;NQ 09-26;Backtest;PROD_Bot_NQ_ZigZag_Breakout_5min_RTH;Long;1;14658,25;14887,75;10/11/2022 10:00:00;10/11/2022 16:00:00;L;CierreContado;$4584,24;$123873,20;$5,76;$0,00;$0,00;$0,00;$0,00;$855,00;$4685,00;$100,76;73;
361;NQ 09-26;Backtest;PROD_Bot_NQ_ZigZag_Breakout_5min_RTH;Long;1;14982,75;15119,00;11/11/2022 10:20:00;11/11/2022 16:00:00;L;CierreContado;$2719,24;$126592,44;$5,76;$0,00;$0,00;$0,00;$0,00;$1740,00;$3025,00;$305,76;69;
362;NQ 09-26;Backtest;PROD_Bot_NQ_ZigZag_Breakout_5min_RTH;Long;4;15126,25;15092,75;23/11/2022 10:35:00;23/11/2022 11:50:00;L;SL;$-2703,04;$123889,40;$23,04;$0,00;$0,00;$0,00;$0,00;$2680,00;$1720,00;$4423,04;16;
363;NQ 09-26;Backtest;PROD_Bot_NQ_ZigZag_Breakout_5min_RTH;Long;3;15074,25;15030,00;25/11/2022 10:10:00;25/11/2022 11:35:00;L;SL;$-2672,28;$121217,12;$17,28;$0,00;$0,00;$0,00;$0,00;$2655,00;$630,00;$3302,28;18;
364;NQ 09-26;Backtest;PROD_Bot_NQ_ZigZag_Breakout_5min_RTH;Long;2;14921,75;14862,25;8/12/2022 10:35:00;8/12/2022 11:10:00;L;SL;$-2391,52;$118825,60;$11,52;$0,00;$0,00;$0,00;$0,00;$2380,00;$270,00;$2661,52;8;
365;NQ 09-26;Backtest;PROD_Bot_NQ_ZigZag_Breakout_5min_RTH;Long;3;15154,00;15107,50;14/12/2022 10:00:00;14/12/2022 14:05:00;L;SL;$-2807,28;$116018,32;$17,28;$0,00;$0,00;$0,00;$0,00;$2790,00;$3690,00;$6497,28;50;
366;NQ 09-26;Backtest;PROD_Bot_NQ_ZigZag_Breakout_5min_RTH;Long;2;14436,25;14476,00;21/12/2022 10:15:00;21/12/2022 16:00:00;L;CierreContado;$1578,48;$117596,80;$11,52;$0,00;$0,00;$0,00;$0,00;$530,00;$3980,00;$2401,52;70;
367;NQ 09-26;Backtest;PROD_Bot_NQ_ZigZag_Breakout_5min_RTH;Long;2;14159,00;14200,00;29/12/2022 10:25:00;29/12/2022 16:00:00;L;CierreContado;$1628,48;$119225,28;$11,52;$0,00;$0,00;$0,00;$0,00;$930,00;$2340,00;$711,52;68;
368;NQ 09-26;Backtest;PROD_Bot_NQ_ZigZag_Breakout_5min_RTH;Long;2;14392,75;14338,25;9/1/2023 9:50:00;9/1/2023 15:35:00;L;SL;$-2191,52;$117033,76;$11,52;$0,00;$0,00;$0,00;$0,00;$2180,00;$5550,00;$7741,52;70;
369;NQ 09-26;Backtest;PROD_Bot_NQ_ZigZag_Breakout_5min_RTH;Long;3;14513,50;14464,00;11/1/2023 10:20:00;11/1/2023 11:00:00;L;SL;$-2987,28;$114046,48;$17,28;$0,00;$0,00;$0,00;$0,00;$2970,00;$1275,00;$4262,28;9;
370;NQ 09-26;Backtest;PROD_Bot_NQ_ZigZag_Breakout_5min_RTH;Long;5;14564,75;14817,50;20/1/2023 9:45:00;20/1/2023 16:00:00;L;CierreContado;$25246,20;$139292,68;$28,80;$0,00;$0,00;$0,00;$0,00;$700,00;$26525,00;$1278,80;76;
371;NQ 09-26;Backtest;PROD_Bot_NQ_ZigZag_Breakout_5min_RTH;Long;1;15905,25;15811,75;3/2/2023 10:20:00;3/2/2023 13:35:00;L;SL;$-1875,76;$137416,92;$5,76;$0,00;$0,00;$0,00;$0,00;$1870,00;$2375,00;$4250,76;40;
372;NQ 09-26;Backtest;PROD_Bot_NQ_ZigZag_Breakout_5min_RTH;Long;1;15575,75;15667,50;13/2/2023 9:50:00;13/2/2023 16:00:00;L;CierreContado;$1829,24;$139246,16;$5,76;$0,00;$0,00;$0,00;$0,00;$675,00;$2745,00;$915,76;75;
373;NQ 09-26;Backtest;PROD_Bot_NQ_ZigZag_Breakout_5min_RTH;Long;4;15625,75;15589,25;14/2/2023 9:40:00;14/2/2023 10:50:00;L;SL;$-2943,04;$136303,12;$23,04;$0,00;$0,00;$0,00;$0,00;$3420,00;$15500,00;$18443,04;15;
374;NQ 09-26;Backtest;PROD_Bot_NQ_ZigZag_Breakout_5min_RTH;Long;1;15358,75;15448,50;3/3/2023 10:30:00;3/3/2023 16:00:00;L;CierreContado;$1789,24;$138092,36;$5,76;$0,00;$0,00;$0,00;$0,00;$845,00;$2170,00;$380,76;67;
375;NQ 09-26;Backtest;PROD_Bot_NQ_ZigZag_Breakout_5min_RTH;Long;2;15553,00;15501,75;6/3/2023 10:15:00;6/3/2023 14:00:00;L;SL;$-2061,52;$136030,84;$11,52;$0,00;$0,00;$0,00;$0,00;$2050,00;$3170,00;$5231,52;46;
376;NQ 09-26;Backtest;PROD_Bot_NQ_ZigZag_Breakout_5min_RTH;Long;3;15312,25;15262,00;14/3/2023 10:30:00;14/3/2023 13:20:00;L;SL;$-3032,28;$132998,56;$17,28;$0,00;$0,00;$0,00;$0,00;$3015,00;$3600,00;$6632,28;35;
377;NQ 09-26;Backtest;PROD_Bot_NQ_ZigZag_Breakout_5min_RTH;Long;2;15629,75;15705,75;20/3/2023 10:10:00;20/3/2023 16:00:00;L;CierreContado;$3028,48;$136027,04;$11,52;$0,00;$0,00;$0,00;$0,00;$2370,00;$3760,00;$731,52;71;
378;NQ 09-26;Backtest;PROD_Bot_NQ_ZigZag_Breakout_5min_RTH;Long;2;15834,50;15776,75;21/3/2023 10:05:00;21/3/2023 10:20:00;L;SL;$-2321,52;$133705,52;$11,52;$0,00;$0,00;$0,00;$0,00;$2310,00;$740,00;$3061,52;4;
379;NQ 09-26;Backtest;PROD_Bot_NQ_ZigZag_Breakout_5min_RTH;Long;3;15923,00;15877,25;22/3/2023 10:30:00;22/3/2023 15:05:00;L;SL;$-2762,28;$130943,24;$17,28;$0,00;$0,00;$0,00;$0,00;$2745,00;$10485,00;$13247,28;56;
380;NQ 09-26;Backtest;PROD_Bot_NQ_ZigZag_Breakout_5min_RTH;Long;3;16097,75;16050,25;30/3/2023 10:05:00;30/3/2023 10:15:00;L;SL;$-2867,28;$128075,96;$17,28;$0,00;$0,00;$0,00;$0,00;$2850,00;$840,00;$3707,28;3;
381;NQ 09-26;Backtest;PROD_Bot_NQ_ZigZag_Breakout_5min_RTH;Long;4;15983,25;15947,25;26/4/2023 10:15:00;26/4/2023 10:20:00;L;SL;$-2903,04;$125172,92;$23,04;$0,00;$0,00;$0,00;$0,00;$2880,00;$0,00;$2903,04;2;
382;NQ 09-26;Backtest;PROD_Bot_NQ_ZigZag_Breakout_5min_RTH;Long;2;16095,00;16253,75;27/4/2023 10:20:00;27/4/2023 16:00:00;L;CierreContado;$6338,48;$131511,40;$11,52;$0,00;$0,00;$0,00;$0,00;$410,00;$6960,00;$621,52;69;
383;NQ 09-26;Backtest;PROD_Bot_NQ_ZigZag_Breakout_5min_RTH;Long;1;16438,75;16334,50;10/5/2023 10:10:00;10/5/2023 10:50:00;L;SL;$-2090,76;$129420,64;$5,76;$0,00;$0,00;$0,00;$0,00;$2085,00;$215,00;$2305,76;9;
384;NQ 09-26;Backtest;PROD_Bot_NQ_ZigZag_Breakout_5min_RTH;Long;1;16939,75;16912,75;22/5/2023 9:50:00;22/5/2023 16:00:00;L;CierreContado;$-545,76;$128874,88;$5,76;$0,00;$0,00;$0,00;$0,00;$1235,00;$455,00;$1000,76;75;
385;NQ 09-26;Backtest;PROD_Bot_NQ_ZigZag_Breakout_5min_RTH;Long;3;17580,50;17601,50;6/6/2023 10:25:00;6/6/2023 16:00:00;L;CierreContado;$1242,72;$130117,60;$17,28;$0,00;$0,00;$0,00;$0,00;$2220,00;$3540,00;$2297,28;68;
386;NQ 09-26;Backtest;PROD_Bot_NQ_ZigZag_Breakout_5min_RTH;Long;2;17423,50;17513,75;8/6/2023 10:20:00;8/6/2023 16:00:00;L;CierreContado;$3598,48;$133716,08;$11,52;$0,00;$0,00;$0,00;$0,00;$670,00;$4630,00;$1031,52;69;
387;NQ 09-26;Backtest;PROD_Bot_NQ_ZigZag_Breakout_5min_RTH;Long;3;17702,25;17656,50;9/6/2023 10:25:00;9/6/2023 10:45:00;L;SL;$-2762,28;$130953,80;$17,28;$0,00;$0,00;$0,00;$0,00;$2745,00;$60,00;$2822,28;5;
388;NQ 09-26;Backtest;PROD_Bot_NQ_ZigZag_Breakout_5min_RTH;Long;3;18063,50;18230,50;15/6/2023 10:10:00;15/6/2023 16:00:00;L;CierreContado;$10002,72;$140956,52;$17,28;$0,00;$0,00;$0,00;$0,00;$900,00;$13005,00;$3002,28;71;
389;NQ 09-26;Backtest;PROD_Bot_NQ_ZigZag_Breakout_5min_RTH;Long;2;17954,50;17949,25;28/6/2023 10:25:00;28/6/2023 16:00:00;L;CierreContado;$-221,52;$140735,00;$11,52;$0,00;$0,00;$0,00;$0,00;$2260,00;$4150,00;$4371,52;68;
390;NQ 09-26;Backtest;PROD_Bot_NQ_ZigZag_Breakout_5min_RTH;Long;5;18172,50;18141,75;30/6/2023 10:10:00;30/6/2023 11:45:00;L;SL;$-3103,80;$137631,20;$28,80;$0,00;$0,00;$0,00;$0,00;$3075,00;$4350,00;$7453,80;20;
391;NQ 09-26;Backtest;PROD_Bot_NQ_ZigZag_Breakout_5min_RTH;Long;3;18214,75;18174,00;3/7/2023 9:50:00;3/7/2023 10:35:00;L;SL;$-2462,28;$135168,92;$17,28;$0,00;$0,00;$0,00;$0,00;$2445,00;$870,00;$3332,28;10;
392;NQ 09-26;Backtest;PROD_Bot_NQ_ZigZag_Breakout_5min_RTH;Long;3;18253,50;18203,00;5/7/2023 10:25:00;5/7/2023 11:25:00;L;SL;$-3047,28;$132121,64;$17,28;$0,00;$0,00;$0,00;$0,00;$3030,00;$1065,00;$4112,28;13;
393;NQ 09-26;Backtest;PROD_Bot_NQ_ZigZag_Breakout_5min_RTH;Long;2;18301,75;18245,25;12/7/2023 9:55:00;12/7/2023 11:45:00;L;SL;$-2271,52;$129850,12;$11,52;$0,00;$0,00;$0,00;$0,00;$2260,00;$1810,00;$4081,52;23;
394;NQ 09-26;Backtest;PROD_Bot_NQ_ZigZag_Breakout_5min_RTH;Long;3;18654,25;18606,75;14/7/2023 10:15:00;14/7/2023 10:50:00;L;SL;$-2867,28;$126982,84;$17,28;$0,00;$0,00;$0,00;$0,00;$2850,00;$2535,00;$5402,28;8;
395;NQ 09-26;Backtest;PROD_Bot_NQ_ZigZag_Breakout_5min_RTH;Long;1;17945,25;18031,25;23/8/2023 10:05:00;23/8/2023 16:00:00;L;CierreContado;$1714,24;$128697,08;$5,76;$0,00;$0,00;$0,00;$0,00;$475,00;$2730,00;$1015,76;72;
396;NQ 09-26;Backtest;PROD_Bot_NQ_ZigZag_Breakout_5min_RTH;Long;2;18399,25;18347,50;31/8/2023 10:00:00;31/8/2023 12:50:00;L;SL;$-2081,52;$126615,56;$11,52;$0,00;$0,00;$0,00;$0,00;$2070,00;$1870,00;$3951,52;35;
397;NQ 09-26;Backtest;PROD_Bot_NQ_ZigZag_Breakout_5min_RTH;Long;2;18219,75;18150,75;8/9/2023 10:25:00;8/9/2023 11:00:00;L;SL;$-2771,52;$123844,04;$11,52;$0,00;$0,00;$0,00;$0,00;$2760,00;$410,00;$3181,52;8;
398;NQ 09-26;Backtest;PROD_Bot_NQ_ZigZag_Breakout_5min_RTH;Long;2;18078,75;18025,50;18/9/2023 10:25:00;18/9/2023 10:40:00;L;SL;$-2141,52;$121702,52;$11,52;$0,00;$0,00;$0,00;$0,00;$2130,00;$110,00;$2251,52;4;
399;NQ 09-26;Backtest;PROD_Bot_NQ_ZigZag_Breakout_5min_RTH;Long;3;17921,00;17909,00;10/10/2023 10:25:00;10/10/2023 16:00:00;L;CierreContado;$-737,28;$120965,24;$17,28;$0,00;$0,00;$0,00;$0,00;$1425,00;$6270,00;$7007,28;68;
400;NQ 09-26;Backtest;PROD_Bot_NQ_ZigZag_Breakout_5min_RTH;Long;2;18072,50;18006,50;12/10/2023 10:15:00;12/10/2023 13:10:00;L;SL;$-2651,52;$118313,72;$11,52;$0,00;$0,00;$0,00;$0,00;$2640,00;$1530,00;$4181,52;36;
401;NQ 09-26;Backtest;PROD_Bot_NQ_ZigZag_Breakout_5min_RTH;Long;1;17912,00;17956,75;16/10/2023 10:20:00;16/10/2023 16:00:00;L;CierreContado;$889,24;$119202,96;$5,76;$0,00;$0,00;$0,00;$0,00;$1160,00;$1335,00;$445,76;69;
402;NQ 09-26;Backtest;PROD_Bot_NQ_ZigZag_Breakout_5min_RTH;Long;1;17481,50;17398,00;24/10/2023 10:30:00;24/10/2023 12:25:00;L;SL;$-1675,76;$117527,20;$5,76;$0,00;$0,00;$0,00;$0,00;$1670,00;$770,00;$2445,76;24;
403;NQ 09-26;Backtest;PROD_Bot_NQ_ZigZag_Breakout_5min_RTH;Long;1;17039,50;17072,75;30/10/2023 9:40:00;30/10/2023 16:00:00;L;CierreContado;$659,24;$118186,44;$5,76;$0,00;$0,00;$0,00;$0,00;$1825,00;$1580,00;$920,76;77;
404;NQ 09-26;Backtest;PROD_Bot_NQ_ZigZag_Breakout_5min_RTH;Long;2;17737,25;17821,75;3/11/2023 9:50:00;3/11/2023 16:00:00;L;CierreContado;$3368,48;$121554,92;$11,52;$0,00;$0,00;$0,00;$0,00;$1750,00;$5330,00;$1961,52;75;
405;NQ 09-26;Backtest;PROD_Bot_NQ_ZigZag_Breakout_5min_RTH;Long;1;17946,00;18007,00;7/11/2023 10:05:00;7/11/2023 16:00:00;L;CierreContado;$1214,24;$122769,16;$5,76;$0,00;$0,00;$0,00;$0,00;$625,00;$2165,00;$950,76;72;
406;NQ 09-26;Backtest;PROD_Bot_NQ_ZigZag_Breakout_5min_RTH;Long;2;18065,75;18005,00;9/11/2023 10:05:00;9/11/2023 10:10:00;L;SL;$-2441,52;$120327,64;$11,52;$0,00;$0,00;$0,00;$0,00;$2430,00;$360,00;$2801,52;2;
407;NQ 09-26;Backtest;PROD_Bot_NQ_ZigZag_Breakout_5min_RTH;Long;3;18636,50;18588,50;20/11/2023 10:00:00;20/11/2023 10:25:00;L;SL;$-2897,28;$117430,36;$17,28;$0,00;$0,00;$0,00;$0,00;$2880,00;$465,00;$3362,28;6;
408;NQ 09-26;Backtest;PROD_Bot_NQ_ZigZag_Breakout_5min_RTH;Long;2;18689,25;18744,25;8/12/2023 10:10:00;8/12/2023 16:00:00;L;CierreContado;$2188,48;$119618,84;$11,52;$0,00;$0,00;$0,00;$0,00;$2310,00;$2860,00;$671,52;71;
409;NQ 09-26;Backtest;PROD_Bot_NQ_ZigZag_Breakout_5min_RTH;Long;3;18812,50;18767,75;11/12/2023 10:10:00;11/12/2023 11:35:00;L;SL;$-2702,28;$116916,56;$17,28;$0,00;$0,00;$0,00;$0,00;$2685,00;$1950,00;$4652,28;18;
410;NQ 09-26;Backtest;PROD_Bot_NQ_ZigZag_Breakout_5min_RTH;Long;1;19262,50;19297,25;15/12/2023 9:45:00;15/12/2023 16:00:00;L;CierreContado;$689,24;$117605,80;$5,76;$0,00;$0,00;$0,00;$0,00;$1355,00;$1140,00;$450,76;76;
411;NQ 09-26;Backtest;PROD_Bot_NQ_ZigZag_Breakout_5min_RTH;Long;3;19316,00;19389,00;18/12/2023 10:05:00;18/12/2023 16:00:00;L;CierreContado;$4362,72;$121968,52;$17,28;$0,00;$0,00;$0,00;$0,00;$1680,00;$5415,00;$1052,28;72;
412;NQ 09-26;Backtest;PROD_Bot_NQ_ZigZag_Breakout_5min_RTH;Long;6;19486,00;19460,00;26/12/2023 10:30:00;26/12/2023 10:55:00;L;SL;$-3154,56;$118813,96;$34,56;$0,00;$0,00;$0,00;$0,00;$3120,00;$810,00;$3964,56;6;
413;NQ 09-26;Backtest;PROD_Bot_NQ_ZigZag_Breakout_5min_RTH;Long;1;19000,75;19235,00;8/1/2024 9:45:00;8/1/2024 16:00:00;L;CierreContado;$4679,24;$123493,20;$5,76;$0,00;$0,00;$0,00;$0,00;$195,00;$4825,00;$145,76;76;
414;NQ 09-26;Backtest;PROD_Bot_NQ_ZigZag_Breakout_5min_RTH;Long;1;19401,00;19322,00;16/1/2024 10:25:00;16/1/2024 14:00:00;L;SL;$-1585,76;$121907,44;$5,76;$0,00;$0,00;$0,00;$0,00;$1580,00;$1300,00;$2885,76;44;
415;NQ 09-26;Backtest;PROD_Bot_NQ_ZigZag_Breakout_5min_RTH;Long;3;19645,75;19603,75;19/1/2024 10:05:00;19/1/2024 10:10:00;L;SL;$-2537,28;$119370,16;$17,28;$0,00;$0,00;$0,00;$0,00;$2520,00;$1155,00;$3692,28;2;
416;NQ 09-26;Backtest;PROD_Bot_NQ_ZigZag_Breakout_5min_RTH;Long;1;19789,75;19699,75;1/2/2024 10:15:00;1/2/2024 11:05:00;L;SL;$-1805,76;$117564,40;$5,76;$0,00;$0,00;$0,00;$0,00;$1800,00;$285,00;$2090,76;11;
417;NQ 09-26;Backtest;PROD_Bot_NQ_ZigZag_Breakout_5min_RTH;Long;3;20345,00;20467,50;9/2/2024 9:55:00;9/2/2024 16:00:00;L;CierreContado;$7332,72;$124897,12;$17,28;$0,00;$0,00;$0,00;$0,00;$960,00;$9495,00;$2162,28;74;
418;NQ 09-26;Backtest;PROD_Bot_NQ_ZigZag_Breakout_5min_RTH;Long;3;20260,50;20212,25;14/2/2024 10:25:00;14/2/2024 10:55:00;L;SL;$-2912,28;$121984,84;$17,28;$0,00;$0,00;$0,00;$0,00;$2895,00;$1125,00;$4037,28;7;
419;NQ 09-26;Backtest;PROD_Bot_NQ_ZigZag_Breakout_5min_RTH;Long;4;20355,25;20490,75;22/2/2024 10:05:00;22/2/2024 16:00:00;L;CierreContado;$10816,96;$132801,80;$23,04;$0,00;$0,00;$0,00;$0,00;$2240,00;$13120,00;$2303,04;72;
420;NQ 09-26;Backtest;PROD_Bot_NQ_ZigZag_Breakout_5min_RTH;Long;2;20665,75;20763,00;7/3/2024 10:30:00;7/3/2024 16:00:00;L;CierreContado;$3878,48;$136680,28;$11,52;$0,00;$0,00;$0,00;$0,00;$600,00;$5060,00;$1181,52;67;
421;NQ 09-26;Backtest;PROD_Bot_NQ_ZigZag_Breakout_5min_RTH;Long;3;20867,75;20829,00;8/3/2024 10:35:00;8/3/2024 10:40:00;L;SL;$-2342,28;$134338,00;$17,28;$0,00;$0,00;$0,00;$0,00;$2325,00;$60,00;$2402,28;2;
422;NQ 09-26;Backtest;PROD_Bot_NQ_ZigZag_Breakout_5min_RTH;Long;2;20543,25;20664,00;12/3/2024 10:30:00;12/3/2024 16:00:00;L;CierreContado;$4818,48;$139156,48;$11,52;$0,00;$0,00;$0,00;$0,00;$1410,00;$5140,00;$321,52;67;
423;NQ 09-26;Backtest;PROD_Bot_NQ_ZigZag_Breakout_5min_RTH;Long;1;20385,50;20509,25;5/4/2024 9:55:00;5/4/2024 16:00:00;L;CierreContado;$2469,24;$141625,72;$5,76;$0,00;$0,00;$0,00;$0,00;$525,00;$4150,00;$1680,76;74;
424;NQ 09-26;Backtest;PROD_Bot_NQ_ZigZag_Breakout_5min_RTH;Long;2;20526,75;20458,00;8/4/2024 10:35:00;8/4/2024 12:15:00;L;SL;$-2761,52;$138864,20;$11,52;$0,00;$0,00;$0,00;$0,00;$2750,00;$1360,00;$4121,52;21;
425;NQ 09-26;Backtest;PROD_Bot_NQ_ZigZag_Breakout_5min_RTH;Long;2;20100,25;20047,75;16/4/2024 10:20:00;16/4/2024 10:30:00;L;SL;$-2111,52;$136752,68;$11,52;$0,00;$0,00;$0,00;$0,00;$2100,00;$640,00;$2751,52;3;
426;NQ 09-26;Backtest;PROD_Bot_NQ_ZigZag_Breakout_5min_RTH;Long;2;19717,75;19793,00;23/4/2024 10:15:00;23/4/2024 16:00:00;L;CierreContado;$2998,48;$139751,16;$11,52;$0,00;$0,00;$0,00;$0,00;$1210,00;$4970,00;$1971,52;70;
427;NQ 09-26;Backtest;PROD_Bot_NQ_ZigZag_Breakout_5min_RTH;Long;2;19574,50;19734,25;25/4/2024 10:15:00;25/4/2024 16:00:00;L;CierreContado;$6378,48;$146129,64;$11,52;$0,00;$0,00;$0,00;$0,00;$1920,00;$8610,00;$2231,52;70;
428;NQ 09-26;Backtest;PROD_Bot_NQ_ZigZag_Breakout_5min_RTH;Long;1;19976,00;20041,25;26/4/2024 10:00:00;26/4/2024 16:00:00;L;CierreContado;$1299,24;$147428,88;$5,76;$0,00;$0,00;$0,00;$0,00;$450,00;$2205,00;$905,76;73;
429;NQ 09-26;Backtest;PROD_Bot_NQ_ZigZag_Breakout_5min_RTH;Long;2;20530,25;20614,75;14/5/2024 10:30:00;14/5/2024 16:00:00;L;CierreContado;$3368,48;$150797,36;$11,52;$0,00;$0,00;$0,00;$0,00;$2490,00;$3460,00;$91,52;67;
430;NQ 09-26;Backtest;PROD_Bot_NQ_ZigZag_Breakout_5min_RTH;Long;4;20719,25;20877,75;15/5/2024 10:25:00;15/5/2024 16:00:00;L;CierreContado;$12656,96;$163454,32;$23,04;$0,00;$0,00;$0,00;$0,00;$880,00;$13800,00;$1143,04;68;
431;NQ 09-26;Backtest;PROD_Bot_NQ_ZigZag_Breakout_5min_RTH;Long;3;20905,75;20856,00;16/5/2024 10:30:00;16/5/2024 13:30:00;L;SL;$-3002,28;$160452,04;$17,28;$0,00;$0,00;$0,00;$0,00;$2985,00;$2385,00;$5387,28;37;
432;NQ 09-26;Backtest;PROD_Bot_NQ_ZigZag_Breakout_5min_RTH;Long;4;20917,00;20984,00;21/5/2024 10:35:00;21/5/2024 16:00:00;L;CierreContado;$5336,96;$165789,00;$23,04;$0,00;$0,00;$0,00;$0,00;$400,00;$5460,00;$123,04;66;
433;NQ 09-26;Backtest;PROD_Bot_NQ_ZigZag_Breakout_5min_RTH;Long;3;21215,25;21286,00;10/6/2024 10:30:00;10/6/2024 16:00:00;L;CierreContado;$4227,72;$170016,72;$17,28;$0,00;$0,00;$0,00;$0,00;$780,00;$5955,00;$1727,28;67;
434;NQ 09-26;Backtest;PROD_Bot_NQ_ZigZag_Breakout_5min_RTH;Long;2;21766,50;21878,75;25/6/2024 9:50:00;25/6/2024 16:00:00;L;CierreContado;$4478,48;$174495,20;$11,52;$0,00;$0,00;$0,00;$0,00;$1080,00;$5550,00;$1071,52;75;
435;NQ 09-26;Backtest;PROD_Bot_NQ_ZigZag_Breakout_5min_RTH;Long;1;22037,50;21960,25;27/6/2024 10:20:00;27/6/2024 10:50:00;L;SL;$-1550,76;$172944,44;$5,76;$0,00;$0,00;$0,00;$0,00;$1545,00;$65,00;$1615,76;7;
436;NQ 09-26;Backtest;PROD_Bot_NQ_ZigZag_Breakout_5min_RTH;Long;1;22441,75;22560,00;5/7/2024 10:05:00;5/7/2024 16:00:00;L;CierreContado;$2359,24;$175303,68;$5,76;$0,00;$0,00;$0,00;$0,00;$1110,00;$2435,00;$75,76;72;
437;NQ 09-26;Backtest;PROD_Bot_NQ_ZigZag_Breakout_5min_RTH;Long;3;22714,25;22670,50;10/7/2024 10:15:00;10/7/2024 10:40:00;L;SL;$-2642,28;$172661,40;$17,28;$0,00;$0,00;$0,00;$0,00;$2625,00;$375,00;$3017,28;6;
438;NQ 09-26;Backtest;PROD_Bot_NQ_ZigZag_Breakout_5min_RTH;Long;1;22592,00;22503,25;15/7/2024 10:10:00;15/7/2024 13:35:00;L;SL;$-1780,76;$170880,64;$5,76;$0,00;$0,00;$0,00;$0,00;$1775,00;$2580,00;$4360,76;42;
439;NQ 09-26;Backtest;PROD_Bot_NQ_ZigZag_Breakout_5min_RTH;Long;1;20829,25;21000,25;13/8/2024 9:55:00;13/8/2024 16:00:00;L;CierreContado;$3414,24;$174294,88;$5,76;$0,00;$0,00;$0,00;$0,00;$985,00;$4075,00;$660,76;74;
440;NQ 09-26;Backtest;PROD_Bot_NQ_ZigZag_Breakout_5min_RTH;Long;2;21468,50;21519,75;16/8/2024 10:10:00;16/8/2024 16:00:00;L;CierreContado;$2038,48;$176333,36;$11,52;$0,00;$0,00;$0,00;$0,00;$1980,00;$4650,00;$2611,52;71;
441;NQ 09-26;Backtest;PROD_Bot_NQ_ZigZag_Breakout_5min_RTH;Long;3;21785,25;21734,50;21/8/2024 9:50:00;21/8/2024 10:55:00;L;SL;$-3062,28;$173271,08;$17,28;$0,00;$0,00;$0,00;$0,00;$3045,00;$7230,00;$10292,28;14;
442;NQ 09-26;Backtest;PROD_Bot_NQ_ZigZag_Breakout_5min_RTH;Long;1;20961,50;20883,25;5/9/2024 10:00:00;5/9/2024 11:05:00;L;SL;$-1570,76;$171700,32;$5,76;$0,00;$0,00;$0,00;$0,00;$1565,00;$2260,00;$3830,76;14;
443;NQ 09-26;Backtest;PROD_Bot_NQ_ZigZag_Breakout_5min_RTH;Long;1;21245,50;21340,00;12/9/2024 10:20:00;12/9/2024 16:00:00;L;CierreContado;$1884,24;$173584,56;$5,76;$0,00;$0,00;$0,00;$0,00;$1505,00;$3240,00;$1355,76;69;
444;NQ 09-26;Backtest;PROD_Bot_NQ_ZigZag_Breakout_5min_RTH;Long;1;21436,50;21468,00;13/9/2024 10:15:00;13/9/2024 16:00:00;L;CierreContado;$624,24;$174208,80;$5,76;$0,00;$0,00;$0,00;$0,00;$1985,00;$1295,00;$670,76;70;
445;NQ 09-26;Backtest;PROD_Bot_NQ_ZigZag_Breakout_5min_RTH;Long;2;21790,25;21717,75;23/9/2024 9:55:00;23/9/2024 13:05:00;L;SL;$-2911,52;$171297,28;$11,52;$0,00;$0,00;$0,00;$0,00;$2900,00;$1020,00;$3931,52;39;
446;NQ 09-26;Backtest;PROD_Bot_NQ_ZigZag_Breakout_5min_RTH;Long;2;21897,75;21831,00;25/9/2024 10:00:00;25/9/2024 13:05:00;L;SL;$-2681,52;$168615,76;$11,52;$0,00;$0,00;$0,00;$0,00;$2670,00;$2490,00;$5171,52;38;
447;NQ 09-26;Backtest;PROD_Bot_NQ_ZigZag_Breakout_5min_RTH;Long;2;22209,00;22134,75;18/10/2024 10:15:00;18/10/2024 12:15:00;L;SL;$-2981,52;$165634,24;$11,52;$0,00;$0,00;$0,00;$0,00;$2970,00;$390,00;$3371,52;25;
448;NQ 09-26;Backtest;PROD_Bot_NQ_ZigZag_Breakout_5min_RTH;Long;4;22233,00;22399,75;29/10/2024 10:25:00;29/10/2024 16:00:00;L;CierreContado;$13316,96;$178951,20;$23,04;$0,00;$0,00;$0,00;$0,00;$1740,00;$16200,00;$2883,04;68;
449;NQ 09-26;Backtest;PROD_Bot_NQ_ZigZag_Breakout_5min_RTH;Long;1;21911,25;21818,75;1/11/2024 10:20:00;1/11/2024 14:25:00;L;SL;$-1855,76;$177095,44;$5,76;$0,00;$0,00;$0,00;$0,00;$1850,00;$1315,00;$3170,76;50;
450;NQ 09-26;Backtest;PROD_Bot_NQ_ZigZag_Breakout_5min_RTH;Long;3;21855,50;21806,00;4/11/2024 10:25:00;4/11/2024 11:45:00;L;SL;$-2987,28;$174108,16;$17,28;$0,00;$0,00;$0,00;$0,00;$2970,00;$3615,00;$6602,28;17;
451;NQ 09-26;Backtest;PROD_Bot_NQ_ZigZag_Breakout_5min_RTH;Long;2;22800,25;22900,25;7/11/2024 10:05:00;7/11/2024 16:00:00;L;CierreContado;$3988,48;$178096,64;$11,52;$0,00;$0,00;$0,00;$0,00;$990,00;$5670,00;$1681,52;72;
452;NQ 09-26;Backtest;PROD_Bot_NQ_ZigZag_Breakout_5min_RTH;Long;3;22932,75;22886,50;12/11/2024 10:00:00;12/11/2024 10:05:00;L;SL;$-2792,28;$175304,36;$17,28;$0,00;$0,00;$0,00;$0,00;$2775,00;$480,00;$3272,28;2;
453;NQ 09-26;Backtest;PROD_Bot_NQ_ZigZag_Breakout_5min_RTH;Long;2;22294,75;22441,50;19/11/2024 10:35:00;19/11/2024 16:00:00;L;CierreContado;$5858,48;$181162,84;$11,52;$0,00;$0,00;$0,00;$0,00;$930,00;$7470,00;$1611,52;66;
454;NQ 09-26;Backtest;PROD_Bot_NQ_ZigZag_Breakout_5min_RTH;Long;6;22584,50;22578,50;28/11/2024 10:00:00;28/11/2024 13:00:00;L;Exit on session close;$-754,56;$180408,28;$34,56;$0,00;$0,00;$0,00;$0,00;$2100,00;$1680,00;$2434,56;37;
455;NQ 09-26;Backtest;PROD_Bot_NQ_ZigZag_Breakout_5min_RTH;Long;2;22869,25;22904,50;2/12/2024 10:10:00;2/12/2024 16:00:00;L;CierreContado;$1398,48;$181806,76;$11,52;$0,00;$0,00;$0,00;$0,00;$1570,00;$3180,00;$1781,52;71;
456;NQ 09-26;Backtest;PROD_Bot_NQ_ZigZag_Breakout_5min_RTH;Long;2;23136,00;23229,50;4/12/2024 10:15:00;4/12/2024 16:00:00;L;CierreContado;$3728,48;$185535,24;$11,52;$0,00;$0,00;$0,00;$0,00;$1250,00;$4060,00;$331,52;70;
457;NQ 09-26;Backtest;PROD_Bot_NQ_ZigZag_Breakout_5min_RTH;Long;1;23229,75;23340,00;6/12/2024 9:45:00;6/12/2024 16:00:00;L;CierreContado;$2199,24;$187734,48;$5,76;$0,00;$0,00;$0,00;$0,00;$370,00;$2570,00;$370,76;76;
458;NQ 09-26;Backtest;PROD_Bot_NQ_ZigZag_Breakout_5min_RTH;Long;2;23694,50;23803,50;16/12/2024 10:35:00;16/12/2024 16:00:00;L;CierreContado;$4348,48;$192082,96;$11,52;$0,00;$0,00;$0,00;$0,00;$560,00;$6340,00;$1991,52;66;
459;NQ 09-26;Backtest;PROD_Bot_NQ_ZigZag_Breakout_5min_RTH;Long;2;23259,25;23192,50;6/1/2025 10:20:00;6/1/2025 12:45:00;L;SL;$-2681,52;$189401,44;$11,52;$0,00;$0,00;$0,00;$0,00;$2670,00;$1620,00;$4301,52;30;
460;NQ 09-26;Backtest;PROD_Bot_NQ_ZigZag_Breakout_5min_RTH;Long;1;22711,75;22807,00;15/1/2025 9:50:00;15/1/2025 16:00:00;L;CierreContado;$1899,24;$191300,68;$5,76;$0,00;$0,00;$0,00;$0,00;$1250,00;$2880,00;$980,76;75;
461;NQ 09-26;Backtest;PROD_Bot_NQ_ZigZag_Breakout_5min_RTH;Long;1;22774,00;22628,50;27/1/2025 10:35:00;27/1/2025 11:25:00;L;SL;$-2915,76;$188384,92;$5,76;$0,00;$0,00;$0,00;$0,00;$2910,00;$950,00;$3865,76;11;
462;NQ 09-26;Backtest;PROD_Bot_NQ_ZigZag_Breakout_5min_RTH;Long;1;23244,00;23165,50;6/2/2025 10:20:00;6/2/2025 10:40:00;L;SL;$-1575,76;$186809,16;$5,76;$0,00;$0,00;$0,00;$0,00;$1570,00;$155,00;$1730,76;5;
463;NQ 09-26;Backtest;PROD_Bot_NQ_ZigZag_Breakout_5min_RTH;Long;2;23221,50;23255,75;10/2/2025 10:10:00;10/2/2025 16:00:00;L;CierreContado;$1358,48;$188167,64;$11,52;$0,00;$0,00;$0,00;$0,00;$210,00;$3020,00;$1661,52;71;
464;NQ 09-26;Backtest;PROD_Bot_NQ_ZigZag_Breakout_5min_RTH;Long;1;23382,25;23498,50;13/2/2025 10:25:00;13/2/2025 16:00:00;L;CierreContado;$2319,24;$190486,88;$5,76;$0,00;$0,00;$0,00;$0,00;$1775,00;$2470,00;$150,76;68;
465;NQ 09-26;Backtest;PROD_Bot_NQ_ZigZag_Breakout_5min_RTH;Long;2;23543,75;23616,00;14/2/2025 10:00:00;14/2/2025 16:00:00;L;CierreContado;$2878,48;$193365,36;$11,52;$0,00;$0,00;$0,00;$0,00;$1950,00;$3370,00;$491,52;73;
466;NQ 09-26;Backtest;PROD_Bot_NQ_ZigZag_Breakout_5min_RTH;Long;2;22740,75;22664,75;26/2/2025 10:20:00;26/2/2025 12:55:00;L;SL;$-3051,52;$190313,84;$11,52;$0,00;$0,00;$0,00;$0,00;$3040,00;$2860,00;$5911,52;32;
467;NQ 09-26;Backtest;PROD_Bot_NQ_ZigZag_Breakout_5min_RTH;Long;1;21039,00;21176,75;19/3/2025 10:00:00;19/3/2025 16:00:00;L;CierreContado;$2749,24;$193063,08;$5,76;$0,00;$0,00;$0,00;$0,00;$1410,00;$6070,00;$3320,76;73;
468;NQ 09-26;Backtest;PROD_Bot_NQ_ZigZag_Breakout_5min_RTH;Long;1;20973,00;21110,25;21/3/2025 10:30:00;21/3/2025 16:00:00;L;CierreContado;$2739,24;$195802,32;$5,76;$0,00;$0,00;$0,00;$0,00;$1885,00;$2880,00;$140,76;67;
469;NQ 09-26;Backtest;PROD_Bot_NQ_ZigZag_Breakout_5min_RTH;Long;1;21636,25;21681,00;25/3/2025 10:20:00;25/3/2025 16:00:00;L;CierreContado;$889,24;$196691,56;$5,76;$0,00;$0,00;$0,00;$0,00;$695,00;$1170,00;$280,76;69;
470;NQ 09-26;Backtest;PROD_Bot_NQ_ZigZag_Breakout_5min_RTH;Long;1;21322,25;21225,00;27/3/2025 10:35:00;27/3/2025 12:55:00;L;SL;$-1950,76;$194740,80;$5,76;$0,00;$0,00;$0,00;$0,00;$1945,00;$1535,00;$3485,76;29;
471;NQ 09-26;Backtest;PROD_Bot_NQ_ZigZag_Breakout_5min_RTH;Long;1;20804,50;20964,75;2/4/2025 10:30:00;2/4/2025 16:00:00;L;CierreContado;$3199,24;$197940,04;$5,76;$0,00;$0,00;$0,00;$0,00;$980,00;$5705,00;$2505,76;67;
472;NQ 09-26;Backtest;PROD_Bot_NQ_ZigZag_Breakout_5min_RTH;Long;2;19455,50;19569,50;22/4/2025 10:05:00;22/4/2025 16:00:00;L;CierreContado;$4548,48;$202488,52;$11,52;$0,00;$0,00;$0,00;$0,00;$1790,00;$10320,00;$5771,52;72;
473;NQ 09-26;Backtest;PROD_Bot_NQ_ZigZag_Breakout_5min_RTH;Long;1;20329,00;20528,00;24/4/2025 10:30:00;24/4/2025 16:00:00;L;CierreContado;$3974,24;$206462,76;$5,76;$0,00;$0,00;$0,00;$0,00;$845,00;$4175,00;$200,76;67;
474;NQ 09-26;Backtest;PROD_Bot_NQ_ZigZag_Breakout_5min_RTH;Long;2;21380,25;21396,00;2/5/2025 10:35:00;2/5/2025 16:00:00;L;CierreContado;$618,48;$207081,24;$11,52;$0,00;$0,00;$0,00;$0,00;$2350,00;$3840,00;$3221,52;66;
475;NQ 09-26;Backtest;PROD_Bot_NQ_ZigZag_Breakout_5min_RTH;Long;2;21271,25;21255,75;5/5/2025 10:05:00;5/5/2025 16:00:00;L;CierreContado;$-631,52;$206449,72;$11,52;$0,00;$0,00;$0,00;$0,00;$2510,00;$4790,00;$5421,52;72;
476;NQ 09-26;Backtest;PROD_Bot_NQ_ZigZag_Breakout_5min_RTH;Long;3;21154,00;21106,00;7/5/2025 10:20:00;7/5/2025 10:55:00;L;SL;$-2897,28;$203552,44;$17,28;$0,00;$0,00;$0,00;$0,00;$2880,00;$1365,00;$4262,28;8;
477;NQ 09-26;Backtest;PROD_Bot_NQ_ZigZag_Breakout_5min_RTH;Long;2;22806,25;22898,75;3/6/2025 10:05:00;3/6/2025 16:00:00;L;CierreContado;$3688,48;$207240,92;$11,52;$0,00;$0,00;$0,00;$0,00;$1970,00;$6120,00;$2431,52;72;
478;NQ 09-26;Backtest;PROD_Bot_NQ_ZigZag_Breakout_5min_RTH;Long;2;23232,00;23170,75;11/6/2025 10:30:00;11/6/2025 12:10:00;L;SL;$-2461,52;$204779,40;$11,52;$0,00;$0,00;$0,00;$0,00;$2450,00;$1350,00;$3811,52;21;
479;NQ 09-26;Backtest;PROD_Bot_NQ_ZigZag_Breakout_5min_RTH;Long;3;23172,75;23125,50;16/6/2025 10:20:00;16/6/2025 14:55:00;L;SL;$-2852,28;$201927,12;$17,28;$0,00;$0,00;$0,00;$0,00;$2835,00;$2055,00;$4907,28;56;
480;NQ 09-26;Backtest;PROD_Bot_NQ_ZigZag_Breakout_5min_RTH;Long;2;23025,75;22963,00;18/6/2025 10:15:00;18/6/2025 13:30:00;L;SL;$-2521,52;$199405,60;$11,52;$0,00;$0,00;$0,00;$0,00;$2510,00;$2280,00;$4801,52;40;
481;NQ 09-26;Backtest;PROD_Bot_NQ_ZigZag_Breakout_5min_RTH;Long;3;22695,25;22687,50;19/6/2025 10:15:00;19/6/2025 13:00:00;L;Exit on session close;$-482,28;$198923,32;$17,28;$0,00;$0,00;$0,00;$0,00;$2085,00;$1890,00;$2372,28;34;
482;NQ 09-26;Backtest;PROD_Bot_NQ_ZigZag_Breakout_5min_RTH;Long;1;23554,75;23664,25;26/6/2025 10:10:00;26/6/2025 16:00:00;L;CierreContado;$2184,24;$201107,56;$5,76;$0,00;$0,00;$0,00;$0,00;$650,00;$2485,00;$300,76;71;
483;NQ 09-26;Backtest;PROD_Bot_NQ_ZigZag_Breakout_5min_RTH;Long;2;23983,25;24043,50;3/7/2025 10:00:00;3/7/2025 13:15:00;L;Exit on session close;$2398,48;$203506,04;$11,52;$0,00;$0,00;$0,00;$0,00;$380,00;$4170,00;$1771,52;40;
484;NQ 09-26;Backtest;PROD_Bot_NQ_ZigZag_Breakout_5min_RTH;Long;4;24089,50;24057,00;9/7/2025 10:15:00;9/7/2025 10:25:00;L;SL;$-2623,04;$200883,00;$23,04;$0,00;$0,00;$0,00;$0,00;$2600,00;$0,00;$2623,04;3;
485;NQ 09-26;Backtest;PROD_Bot_NQ_ZigZag_Breakout_5min_RTH;Long;1;24286,50;24330,50;21/7/2025 9:40:00;21/7/2025 16:00:00;L;CierreContado;$874,24;$201757,24;$5,76;$0,00;$0,00;$0,00;$0,00;$80,00;$2465,00;$1590,76;77;
486;NQ 09-26;Backtest;PROD_Bot_NQ_ZigZag_Breakout_5min_RTH;Long;2;24506,25;24453,50;28/7/2025 10:00:00;28/7/2025 11:20:00;L;SL;$-2121,52;$199635,72;$11,52;$0,00;$0,00;$0,00;$0,00;$2110,00;$310,00;$2431,52;17;
487;NQ 09-26;Backtest;PROD_Bot_NQ_ZigZag_Breakout_5min_RTH;Long;1;24225,25;24404,50;6/8/2025 9:55:00;6/8/2025 16:00:00;L;CierreContado;$3579,24;$203214,96;$5,76;$0,00;$0,00;$0,00;$0,00;$1520,00;$4100,00;$520,76;74;
488;NQ 09-26;Backtest;PROD_Bot_NQ_ZigZag_Breakout_5min_RTH;Long;1;24644,50;24552,50;7/8/2025 10:05:00;7/8/2025 10:25:00;L;SL;$-1845,76;$201369,20;$5,76;$0,00;$0,00;$0,00;$0,00;$1840,00;$230,00;$2075,76;5;
489;NQ 09-26;Backtest;PROD_Bot_NQ_ZigZag_Breakout_5min_RTH;Long;2;24669,25;24608,75;8/8/2025 10:35:00;8/8/2025 11:40:00;L;SL;$-2431,52;$198937,68;$11,52;$0,00;$0,00;$0,00;$0,00;$2420,00;$750,00;$3181,52;14;
490;NQ 09-26;Backtest;PROD_Bot_NQ_ZigZag_Breakout_5min_RTH;Long;3;24731,00;24689,75;11/8/2025 10:05:00;11/8/2025 13:40:00;L;SL;$-2492,28;$196445,40;$17,28;$0,00;$0,00;$0,00;$0,00;$2475,00;$3510,00;$6002,28;44;
491;NQ 09-26;Backtest;PROD_Bot_NQ_ZigZag_Breakout_5min_RTH;Long;3;24514,25;24466,00;26/8/2025 10:25:00;26/8/2025 13:55:00;L;SL;$-2912,28;$193533,12;$17,28;$0,00;$0,00;$0,00;$0,00;$2895,00;$1650,00;$4562,28;43;
492;NQ 09-26;Backtest;PROD_Bot_NQ_ZigZag_Breakout_5min_RTH;Long;1;24435,75;24352,50;3/9/2025 10:10:00;3/9/2025 13:50:00;L;SL;$-1670,76;$191862,36;$5,76;$0,00;$0,00;$0,00;$0,00;$1665,00;$1490,00;$3160,76;45;
493;NQ 09-26;Backtest;PROD_Bot_NQ_ZigZag_Breakout_5min_RTH;Long;3;25059,25;25117,50;12/9/2025 10:30:00;12/9/2025 16:00:00;L;CierreContado;$3477,72;$195340,08;$17,28;$0,00;$0,00;$0,00;$0,00;$585,00;$5085,00;$1607,28;67;
494;NQ 09-26;Backtest;PROD_Bot_NQ_ZigZag_Breakout_5min_RTH;Long;1;25478,25;25469,75;18/9/2025 10:10:00;18/9/2025 16:00:00;L;CierreContado;$-175,76;$195164,32;$5,76;$0,00;$0,00;$0,00;$0,00;$680,00;$1705,00;$1880,76;71;
495;NQ 09-26;Backtest;PROD_Bot_NQ_ZigZag_Breakout_5min_RTH;Long;2;25550,50;25482,50;19/9/2025 9:55:00;19/9/2025 10:50:00;L;SL;$-2731,52;$192432,80;$11,52;$0,00;$0,00;$0,00;$0,00;$2720,00;$580,00;$3311,52;12;
496;NQ 09-26;Backtest;PROD_Bot_NQ_ZigZag_Breakout_5min_RTH;Long;3;25613,50;25746,50;22/9/2025 9:55:00;22/9/2025 16:00:00;L;CierreContado;$7962,72;$200395,52;$17,28;$0,00;$0,00;$0,00;$0,00;$660,00;$9675,00;$1712,28;74;
497;NQ 09-26;Backtest;PROD_Bot_NQ_ZigZag_Breakout_5min_RTH;Long;1;25584,25;25507,00;1/10/2025 9:40:00;1/10/2025 9:50:00;L;SL;$-1550,76;$198844,76;$5,76;$0,00;$0,00;$0,00;$0,00;$1545,00;$95,00;$1645,76;3;
498;NQ 09-26;Backtest;PROD_Bot_NQ_ZigZag_Breakout_5min_RTH;Long;1;25614,75;25687,50;13/10/2025 10:00:00;13/10/2025 16:00:00;L;CierreContado;$1449,24;$200294,00;$5,76;$0,00;$0,00;$0,00;$0,00;$2465,00;$1955,00;$505,76;73;
499;NQ 09-26;Backtest;PROD_Bot_NQ_ZigZag_Breakout_5min_RTH;Long;1;25771,75;25642,00;15/10/2025 10:05:00;15/10/2025 11:55:00;L;SL;$-2600,76;$197693,24;$5,76;$0,00;$0,00;$0,00;$0,00;$2595,00;$1815,00;$4415,76;23;
500;NQ 09-26;Backtest;PROD_Bot_NQ_ZigZag_Breakout_5min_RTH;Long;2;25983,25;26075,00;20/10/2025 10:00:00;20/10/2025 16:00:00;L;CierreContado;$3658,48;$201351,72;$11,52;$0,00;$0,00;$0,00;$0,00;$1340,00;$4750,00;$1091,52;73;
501;NQ 09-26;Backtest;PROD_Bot_NQ_ZigZag_Breakout_5min_RTH;Long;3;27046,75;26999,75;29/10/2025 10:00:00;29/10/2025 10:55:00;L;SL;$-2837,28;$198514,44;$17,28;$0,00;$0,00;$0,00;$0,00;$2820,00;$1635,00;$4472,28;12;
502;NQ 09-26;Backtest;PROD_Bot_NQ_ZigZag_Breakout_5min_RTH;Long;1;26190,75;26068,75;13/11/2025 10:15:00;13/11/2025 10:35:00;L;SL;$-2445,76;$196068,68;$5,76;$0,00;$0,00;$0,00;$0,00;$2440,00;$1070,00;$3515,76;5;
503;NQ 09-26;Backtest;PROD_Bot_NQ_ZigZag_Breakout_5min_RTH;Long;1;26267,00;26126,75;2/1/2026 9:55:00;2/1/2026 10:15:00;L;SL;$-2810,76;$193257,92;$5,76;$0,00;$0,00;$0,00;$0,00;$2805,00;$555,00;$3365,76;5;
504;NQ 09-26;Backtest;PROD_Bot_NQ_ZigZag_Breakout_5min_RTH;Long;1;26175,50;26054,50;5/1/2026 10:35:00;5/1/2026 13:20:00;L;SL;$-2425,76;$190832,16;$5,76;$0,00;$0,00;$0,00;$0,00;$2420,00;$470,00;$2895,76;34;
505;NQ 09-26;Backtest;PROD_Bot_NQ_ZigZag_Breakout_5min_RTH;Long;2;26423,00;26356,00;12/1/2026 10:30:00;12/1/2026 10:50:00;L;SL;$-2691,52;$188140,64;$11,52;$0,00;$0,00;$0,00;$0,00;$2680,00;$60,00;$2751,52;5;
506;NQ 09-26;Backtest;PROD_Bot_NQ_ZigZag_Breakout_5min_RTH;Long;6;25838,50;25814,00;20/1/2026 9:40:00;20/1/2026 9:40:00;L;SL;$-2974,56;$185166,08;$34,56;$0,00;$0,00;$0,00;$0,00;$2940,00;$0,00;$2974,56;1;
507;NQ 09-26;Backtest;PROD_Bot_NQ_ZigZag_Breakout_5min_RTH;Long;2;25878,50;25806,50;21/1/2026 10:35:00;21/1/2026 11:45:00;L;SL;$-2891,52;$182274,56;$11,52;$0,00;$0,00;$0,00;$0,00;$2880,00;$4270,00;$7161,52;15;
508;NQ 09-26;Backtest;PROD_Bot_NQ_ZigZag_Breakout_5min_RTH;Long;2;26365,50;26349,75;26/1/2026 10:25:00;26/1/2026 16:00:00;L;CierreContado;$-641,52;$181633,04;$11,52;$0,00;$0,00;$0,00;$0,00;$1620,00;$2480,00;$3121,52;68;
509;NQ 09-26;Backtest;PROD_Bot_NQ_ZigZag_Breakout_5min_RTH;Long;1;26530,00;26568,00;27/1/2026 10:00:00;27/1/2026 16:00:00;L;CierreContado;$754,24;$182387,28;$5,76;$0,00;$0,00;$0,00;$0,00;$350,00;$1505,00;$750,76;73;
510;NQ 09-26;Backtest;PROD_Bot_NQ_ZigZag_Breakout_5min_RTH;Long;1;26787,75;26702,25;28/1/2026 9:50:00;28/1/2026 10:20:00;L;SL;$-1715,76;$180671,52;$5,76;$0,00;$0,00;$0,00;$0,00;$1710,00;$85,00;$1800,76;7;
511;NQ 09-26;Backtest;PROD_Bot_NQ_ZigZag_Breakout_5min_RTH;Long;2;25907,75;25846,25;10/2/2026 10:25:00;10/2/2026 11:00:00;L;SL;$-2471,52;$178200,00;$11,52;$0,00;$0,00;$0,00;$0,00;$2460,00;$880,00;$3351,52;8;
512;NQ 09-26;Backtest;PROD_Bot_NQ_ZigZag_Breakout_5min_RTH;Long;1;25445,25;25473,75;27/2/2026 10:10:00;27/2/2026 16:00:00;L;CierreContado;$564,24;$178764,24;$5,76;$0,00;$0,00;$0,00;$0,00;$1625,00;$1650,00;$1085,76;71;
513;NQ 09-26;Backtest;PROD_Bot_NQ_ZigZag_Breakout_5min_RTH;Long;1;25399,00;25532,25;2/3/2026 10:10:00;2/3/2026 16:00:00;L;CierreContado;$2659,24;$181423,48;$5,76;$0,00;$0,00;$0,00;$0,00;$1320,00;$3860,00;$1200,76;71;
514;NQ 09-26;Backtest;PROD_Bot_NQ_ZigZag_Breakout_5min_RTH;Long;1;25636,75;25524,50;5/3/2026 10:00:00;5/3/2026 10:25:00;L;SL;$-2250,76;$179172,72;$5,76;$0,00;$0,00;$0,00;$0,00;$2245,00;$1280,00;$3530,76;6;
515;NQ 09-26;Backtest;PROD_Bot_NQ_ZigZag_Breakout_5min_RTH;Long;1;25291,50;25153,00;6/3/2026 10:25:00;6/3/2026 15:30:00;L;SL;$-2775,76;$176396,96;$5,76;$0,00;$0,00;$0,00;$0,00;$2770,00;$2515,00;$5290,76;62;
516;NQ 09-26;Backtest;PROD_Bot_NQ_ZigZag_Breakout_5min_RTH;Long;1;24480,50;24487,00;1/4/2026 10:35:00;1/4/2026 16:00:00;L;CierreContado;$124,24;$176521,20;$5,76;$0,00;$0,00;$0,00;$0,00;$1475,00;$3000,00;$2875,76;66;
517;NQ 09-26;Backtest;PROD_Bot_NQ_ZigZag_Breakout_5min_RTH;Long;2;26060,00;26246,25;14/4/2026 10:20:00;14/4/2026 16:00:00;L;CierreContado;$7438,48;$183959,68;$11,52;$0,00;$0,00;$0,00;$0,00;$610,00;$8720,00;$1281,52;69;
518;NQ 09-26;Backtest;PROD_Bot_NQ_ZigZag_Breakout_5min_RTH;Long;2;27039,00;27097,25;17/4/2026 10:10:00;17/4/2026 16:00:00;L;CierreContado;$2318,48;$186278,16;$11,52;$0,00;$0,00;$0,00;$0,00;$1690,00;$5120,00;$2801,52;71;
519;NQ 09-26;Backtest;PROD_Bot_NQ_ZigZag_Breakout_5min_RTH;Long;1;27182,75;27365,75;22/4/2026 10:10:00;22/4/2026 16:00:00;L;CierreContado;$3654,24;$189932,40;$5,76;$0,00;$0,00;$0,00;$0,00;$970,00;$3850,00;$195,76;71;
520;NQ 09-26;Backtest;PROD_Bot_NQ_ZigZag_Breakout_5min_RTH;Long;1;27511,75;27435,75;29/4/2026 10:00:00;29/4/2026 12:35:00;L;SL;$-1525,76;$188406,64;$5,76;$0,00;$0,00;$0,00;$0,00;$1520,00;$1720,00;$3245,76;32;
521;NQ 09-26;Backtest;PROD_Bot_NQ_ZigZag_Breakout_5min_RTH;Long;2;28095,75;28127,75;1/5/2026 10:00:00;1/5/2026 16:00:00;L;CierreContado;$1268,48;$189675,12;$11,52;$0,00;$0,00;$0,00;$0,00;$2500,00;$4140,00;$2871,52;73;
522;NQ 09-26;Backtest;PROD_Bot_NQ_ZigZag_Breakout_5min_RTH;Long;1;29071,75;28987,75;7/5/2026 10:00:00;7/5/2026 12:15:00;L;SL;$-1685,76;$187989,36;$5,76;$0,00;$0,00;$0,00;$0,00;$1680,00;$3105,00;$4790,76;28;
523;NQ 09-26;Backtest;PROD_Bot_NQ_ZigZag_Breakout_5min_RTH;Long;1;29433,00;29355,75;8/5/2026 10:30:00;8/5/2026 10:40:00;L;SL;$-1550,76;$186438,60;$5,76;$0,00;$0,00;$0,00;$0,00;$1545,00;$305,00;$1855,76;3;
524;NQ 09-26;Backtest;PROD_Bot_NQ_ZigZag_Breakout_5min_RTH;Long;1;29581,00;29462,75;21/5/2026 10:00:00;21/5/2026 10:25:00;L;SL;$-2370,76;$184067,84;$5,76;$0,00;$0,00;$0,00;$0,00;$2365,00;$825,00;$3195,76;6;
525;NQ 09-26;Backtest;PROD_Bot_NQ_ZigZag_Breakout_5min_RTH;Long;1;30290,00;30193,75;26/5/2026 10:05:00;26/5/2026 11:55:00;L;SL;$-1930,76;$182137,08;$5,76;$0,00;$0,00;$0,00;$0,00;$1925,00;$2220,00;$4150,76;23;
526;NQ 09-26;Backtest;PROD_Bot_NQ_ZigZag_Breakout_5min_RTH;Long;1;30967,25;30840,00;22/6/2026 10:15:00;22/6/2026 10:25:00;L;SL;$-2550,76;$179586,32;$5,76;$0,00;$0,00;$0,00;$0,00;$2545,00;$15,00;$2565,76;3;
527;NQ 09-26;Backtest;PROD_Bot_NQ_ZigZag_Breakout_5min_RTH;Long;1;30423,75;30303,50;30/6/2026 10:30:00;30/6/2026 11:00:00;L;SL;$-2410,76;$177175,56;$5,76;$0,00;$0,00;$0,00;$0,00;$2405,00;$375,00;$2785,76;7;
528;NQ 09-26;Backtest;PROD_Bot_NQ_ZigZag_Breakout_5min_RTH;Long;2;29968,00;29894,25;6/7/2026 9:55:00;6/7/2026 13:45:00;L;SL;$-2961,52;$174214,04;$11,52;$0,00;$0,00;$0,00;$0,00;$2950,00;$5040,00;$8001,52;47;
529;NQ 09-26;Backtest;PROD_Bot_NQ_ZigZag_Breakout_5min_RTH;Long;1;28639,25;28898,75;3/8/2026 10:25:00;3/8/2026 16:00:00;L;CierreContado;$5184,24;$179398,28;$5,76;$0,00;$0,00;$0,00;$0,00;$670,00;$6500,00;$1315,76;68;
530;NQ 09-26;Backtest;PROD_Bot_NQ_ZigZag_Breakout_5min_RTH;Long;1;29533,75;29871,00;4/8/2026 10:15:00;4/8/2026 16:00:00;L;CierreContado;$6739,24;$186137,52;$5,76;$0,00;$0,00;$0,00;$0,00;$995,00;$8455,00;$1715,76;70;
531;NQ 09-26;Backtest;PROD_Bot_NQ_ZigZag_Breakout_5min_RTH;Long;2;29559,25;29484,00;6/8/2026 10:10:00;6/8/2026 12:05:00;L;SL;$-3021,52;$183116,00;$11,52;$0,00;$0,00;$0,00;$0,00;$3010,00;$5080,00;$8101,52;24;
532;NQ 09-26;Backtest;PROD_Bot_NQ_ZigZag_Breakout_5min_RTH;Long;4;30222,75;30190,00;14/8/2026 9:45:00;14/8/2026 10:20:00;L;SL;$-2643,04;$180472,96;$23,04;$0,00;$0,00;$0,00;$0,00;$2620,00;$4620,00;$7263,04;8;
